run_id,scenario,controller,n_agents,seed,packet_loss,latency_ms,comm_radius_m,k_neighbors,update_rate_hz,obstacle_update_rate_hz,local_safety_dropout,local_safety_latency_ms,local_safety_update_rate_hz,local_safety_position_noise_std_m,local_safety_velocity_noise_std_mps,horizon_s,dt_s,min_inter_agent_distance_m,min_obstacle_contact_boundary_margin_m,cumulative_collision_pairs,collision_rate_per_pair_step,cumulative_safety_violation_pairs,safety_violation_rate_per_pair_step,cumulative_obstacle_contacts,obstacle_contact_rate_per_agent_step,final_reached_fraction,mission_success,completion_time_s,final_mean_goal_distance_m,energy_proxy_accel2_s_per_agent,mean_messages_per_agent_per_update,runtime_s,runtime_ms_per_agent_step,scenario_description,pairwise_projection_calls,pairwise_projection_pair_adjustments,pairwise_projection_agent_adjustments,pairwise_projection_total_displacement_m,pairwise_projection_max_displacement_m,pairwise_projection_velocity_corrections,pairwise_projection_agent_adjustment_rate_per_agent_step,obstacle_projection_calls,obstacle_projection_agent_adjustments,obstacle_projection_total_displacement_m,obstacle_projection_max_displacement_m,obstacle_projection_velocity_corrections,obstacle_projection_agent_adjustment_rate_per_agent_step,projection_agent_adjustments,projection_agent_adjustment_rate_per_agent_step,projection_total_displacement_m,projection_mean_displacement_m_per_adjustment,projection_max_displacement_m,pre_projection_state_checks,pre_projection_collision_pairs,pre_projection_collision_rate_per_pair_step,pre_projection_obstacle_contacts,pre_projection_obstacle_contact_rate_per_agent_step,pre_projection_pairwise_violation_pairs,pre_projection_pairwise_violation_rate_per_pair_step,pre_projection_pairwise_violation_agent_steps,pre_projection_pairwise_violation_agent_rate_per_agent_step,pre_projection_pairwise_mean_penetration_m,pre_projection_pairwise_p95_penetration_m,pre_projection_pairwise_p99_penetration_m,pre_projection_pairwise_max_penetration_m,pre_projection_obstacle_violation_agent_steps,pre_projection_obstacle_violation_rate_per_agent_step,pre_projection_obstacle_mean_penetration_m,pre_projection_obstacle_p95_penetration_m,pre_projection_obstacle_p99_penetration_m,pre_projection_obstacle_max_penetration_m,pre_projection_obstacle_min_clearance_margin_m
corridor_obstacles__proposed__N50__pl00__lat000__seed0,corridor_obstacles,proposed,50,0,0.0,0.0,4.0,12,4.0,4.0,0.0,0.0,4.0,0.0,0.0,120.0,0.05,0.2354199103828352,0.22741654154566038,0,0.0,67,2.2779624136201753e-05,0,0.0,1.0,True,57.650000000000006,0.040439911402427725,25.881416841933472,11.576548856548856,22.936810603830963,0.1910604798319947,Obstacle-rich corridor with three lateral rows of alternating cylindrical obstacles.,0,0,0,0.0,0.0,0,0.0,0,0,0.0,0.0,0,0.0,0,0.0,0.0,0.0,0.0,2400,0,0.0,0,0.0,0,0.0,0,0.0,0.0,0.0,0.0,0.0,2703,0.022525,0.04310103706736061,0.10315388005938292,0.1296398497239926,0.13258345845433972,-0.13258345845433972
corridor_obstacles__proposed__N50__pl00__lat000__seed1,corridor_obstacles,proposed,50,1,0.0,0.0,4.0,12,4.0,4.0,0.0,0.0,4.0,0.0,0.0,120.0,0.05,0.25518939865471735,0.21866260005241378,0,0.0,68,2.3119618526294317e-05,0,0.0,1.0,True,57.45,0.040375147033107336,25.047293878171946,11.522827442827444,35.04545730818063,0.2919238426337412,Obstacle-rich corridor with three lateral rows of alternating cylindrical obstacles.,0,0,0,0.0,0.0,0,0.0,0,0,0.0,0.0,0,0.0,0,0.0,0.0,0.0,0.0,2400,0,0.0,0,0.0,0,0.0,0,0.0,0.0,0.0,0.0,0.0,2770,0.023083333333333334,0.04478458264718592,0.10842017121927518,0.13656631155031962,0.1413373999475862,-0.1413373999475862
corridor_obstacles__proposed__N50__pl00__lat000__seed2,corridor_obstacles,proposed,50,2,0.0,0.0,4.0,12,4.0,4.0,0.0,0.0,4.0,0.0,0.0,120.0,0.05,0.3161789210557386,0.2283086502852355,0,0.0,55,1.869969145509099e-05,0,0.0,1.0,True,58.35,0.04025080059977217,26.1402777650349,11.5587525987526,23.42559434613213,0.19513198122559042,Obstacle-rich corridor with three lateral rows of alternating cylindrical obstacles.,0,0,0,0.0,0.0,0,0.0,0,0,0.0,0.0,0,0.0,0,0.0,0.0,0.0,0.0,2400,0,0.0,0,0.0,0,0.0,0,0.0,0.0,0.0,0.0,0.0,2629,0.021908333333333332,0.04736753691453914,0.10863950427243402,0.12347313331485812,0.13169134971476448,-0.13169134971476448
corridor_obstacles__proposed__N50__pl00__lat000__seed3,corridor_obstacles,proposed,50,3,0.0,0.0,4.0,12,4.0,4.0,0.0,0.0,4.0,0.0,0.0,120.0,0.05,0.22472272418648628,0.2299574552799275,0,0.0,42,1.4279764383887666e-05,0,0.0,1.0,True,58.25,0.04037570672183402,25.94736225364896,11.466902286902286,23.04665317805484,0.19197545337821606,Obstacle-rich corridor with three lateral rows of alternating cylindrical obstacles.,0,0,0,0.0,0.0,0,0.0,0,0,0.0,0.0,0,0.0,0,0.0,0.0,0.0,0.0,2400,0,0.0,0,0.0,0,0.0,0,0.0,0.0,0.0,0.0,0.0,2805,0.023375,0.042071675693104195,0.09896217405854803,0.11997773229900716,0.1300425447200726,-0.1300425447200726
corridor_obstacles__proposed__N50__pl00__lat000__seed4,corridor_obstacles,proposed,50,4,0.0,0.0,4.0,12,4.0,4.0,0.0,0.0,4.0,0.0,0.0,120.0,0.05,0.23435665047167084,0.2334789275080038,0,0.0,35,1.1899803653239721e-05,0,0.0,1.0,True,57.2,0.040353315975747345,25.471789813464532,11.497089397089397,23.188195480033755,0.19315448129973975,Obstacle-rich corridor with three lateral rows of alternating cylindrical obstacles.,0,0,0,0.0,0.0,0,0.0,0,0,0.0,0.0,0,0.0,0,0.0,0.0,0.0,0.0,2400,0,0.0,0,0.0,0,0.0,0,0.0,0.0,0.0,0.0,0.0,2697,0.022475,0.04269635083906955,0.09874835531486131,0.11099735023821816,0.1265210724919963,-0.1265210724919963
corridor_obstacles__proposed__N100__pl00__lat000__seed0,corridor_obstacles,proposed,100,0,0.0,0.0,4.0,12,4.0,4.0,0.0,0.0,4.0,0.0,0.0,120.0,0.05,0.25757583528266775,0.21963918922985182,0,0.0,192,1.6154884959549683e-05,0,0.0,1.0,True,58.7,0.12014530389742922,28.599436167814783,11.917359667359667,45.556258586701006,0.18973868632528532,Obstacle-rich corridor with three lateral rows of alternating cylindrical obstacles.,0,0,0,0.0,0.0,0,0.0,0,0,0.0,0.0,0,0.0,0,0.0,0.0,0.0,0.0,2400,0,0.0,0,0.0,0,0.0,0,0.0,0.0,0.0,0.0,0.0,3752,0.015633333333333332,0.04412545170725196,0.10925030844471255,0.13365526576283823,0.14036081077014817,-0.14036081077014817
corridor_obstacles__proposed__N100__pl00__lat000__seed1,corridor_obstacles,proposed,100,1,0.0,0.0,4.0,12,4.0,4.0,0.0,0.0,4.0,0.0,0.0,120.0,0.05,0.23326775952701656,0.2219222284995226,0,0.0,181,1.5229344675408816e-05,0,0.0,1.0,True,58.150000000000006,0.12007729625954174,28.507465731008374,11.885384615384615,46.11670322297141,0.19207289972083053,Obstacle-rich corridor with three lateral rows of alternating cylindrical obstacles.,0,0,0,0.0,0.0,0,0.0,0,0,0.0,0.0,0,0.0,0,0.0,0.0,0.0,0.0,2400,0,0.0,0,0.0,0,0.0,0,0.0,0.0,0.0,0.0,0.0,3988,0.016616666666666665,0.041330118947722365,0.10555676939282023,0.12138533285457155,0.1380777715004775,-0.1380777715004775
corridor_obstacles__proposed__N100__pl00__lat000__seed2,corridor_obstacles,proposed,100,2,0.0,0.0,4.0,12,4.0,4.0,0.0,0.0,4.0,0.0,0.0,120.0,0.05,0.2477614861455702,0.21752080272885588,0,0.0,248,2.0866726406085006e-05,0,0.0,1.0,True,58.650000000000006,0.11848697420904399,28.7056888030006,11.91977130977131,46.86499587073922,0.19518948717509046,Obstacle-rich corridor with three lateral rows of alternating cylindrical obstacles.,0,0,0,0.0,0.0,0,0.0,0,0,0.0,0.0,0,0.0,0,0.0,0.0,0.0,0.0,2400,0,0.0,0,0.0,0,0.0,0,0.0,0.0,0.0,0.0,0.0,3974,0.016558333333333335,0.04465551825480378,0.10911936276172844,0.12846074115852277,0.1424791972711441,-0.1424791972711441
corridor_obstacles__proposed__N100__pl00__lat000__seed3,corridor_obstacles,proposed,100,3,0.0,0.0,4.0,12,4.0,4.0,0.0,0.0,4.0,0.0,0.0,120.0,0.05,0.245494172411966,0.2219953892394826,0,0.0,214,1.8005965527831418e-05,0,0.0,1.0,True,58.25,0.11881125315161435,28.15299330230257,11.895197505197505,52.0560100460425,0.21680970448164308,Obstacle-rich corridor with three lateral rows of alternating cylindrical obstacles.,0,0,0,0.0,0.0,0,0.0,0,0,0.0,0.0,0,0.0,0,0.0,0.0,0.0,0.0,2400,0,0.0,0,0.0,0,0.0,0,0.0,0.0,0.0,0.0,0.0,4025,0.016770833333333332,0.04639759337288595,0.11293790806777725,0.1339334794231479,0.1380046107605175,-0.1380046107605175
corridor_obstacles__proposed__N100__pl00__lat000__seed4,corridor_obstacles,proposed,100,4,0.0,0.0,4.0,12,4.0,4.0,0.0,0.0,4.0,0.0,0.0,120.0,0.05,0.24549435655593935,0.2146282747073559,0,0.0,190,1.5986604907887705e-05,0,0.0,1.0,True,59.550000000000004,0.11996550043023117,28.412163077895414,11.904698544698544,46.085606046020985,0.1919433821158725,Obstacle-rich corridor with three lateral rows of alternating cylindrical obstacles.,0,0,0,0.0,0.0,0,0.0,0,0,0.0,0.0,0,0.0,0,0.0,0.0,0.0,0.0,2400,0,0.0,0,0.0,0,0.0,0,0.0,0.0,0.0,0.0,0.0,4049,0.016870833333333335,0.04836507639729333,0.11297092497949447,0.14074047733226783,0.14537172529264408,-0.14537172529264408
corridor_obstacles__proposed__N100__pl00__lat050__seed0,corridor_obstacles,proposed,100,0,0.0,50.0,4.0,12,4.0,4.0,0.0,0.0,4.0,0.0,0.0,120.0,0.05,0.3414500176774055,0.3557158017587122,0,0.0,58,4.8801214981973e-06,0,0.0,1.0,True,66.5,0.12506991271126333,31.071415118105733,11.708170478170478,70.8119311761111,0.2949268270558563,Obstacle-rich corridor with three lateral rows of alternating cylindrical obstacles.,0,0,0,0.0,0.0,0,0.0,0,0,0.0,0.0,0,0.0,0,0.0,0.0,0.0,0.0,2400,0,0.0,0,0.0,0,0.0,0,0.0,0.0,0.0,0.0,0.0,21,8.75e-05,0.003309770150706939,0.004192482574666867,0.0042658551079636006,0.004284198241287784,-0.004284198241287784
corridor_obstacles__proposed__N100__pl00__lat050__seed1,corridor_obstacles,proposed,100,1,0.0,50.0,4.0,12,4.0,4.0,0.0,0.0,4.0,0.0,0.0,120.0,0.05,0.3341606768210745,0.3528620488406593,0,0.0,61,5.132541575690263e-06,0,0.0,1.0,True,67.5,0.1233675769614165,31.718080298410506,11.728835758835759,70.33397117909044,0.2929361565143292,Obstacle-rich corridor with three lateral rows of alternating cylindrical obstacles.,0,0,0,0.0,0.0,0,0.0,0,0,0.0,0.0,0,0.0,0,0.0,0.0,0.0,0.0,2400,0,0.0,0,0.0,0,0.0,0,0.0,0.0,0.0,0.0,0.0,47,0.00019583333333333334,0.004365661468285974,0.007107000718435996,0.007125584857997103,0.007137951159340794,-0.007137951159340794
corridor_obstacles__proposed__N100__pl00__lat050__seed2,corridor_obstacles,proposed,100,2,0.0,50.0,4.0,12,4.0,4.0,0.0,0.0,4.0,0.0,0.0,120.0,0.05,0.34097924464463736,0.3530807203737065,0,0.0,52,4.375281343211372e-06,0,0.0,1.0,True,66.55,0.12515824151622906,31.919624648732878,11.683160083160082,68.47279323078692,0.28518447826233617,Obstacle-rich corridor with three lateral rows of alternating cylindrical obstacles.,0,0,0,0.0,0.0,0,0.0,0,0,0.0,0.0,0,0.0,0,0.0,0.0,0.0,0.0,2400,0,0.0,0,0.0,0,0.0,0,0.0,0.0,0.0,0.0,0.0,127,0.0005291666666666667,0.004904514049945113,0.006855519903969842,0.0069125040813113655,0.006919279626293573,-0.006919279626293573
corridor_obstacles__proposed__N100__pl00__lat050__seed3,corridor_obstacles,proposed,100,3,0.0,50.0,4.0,12,4.0,4.0,0.0,0.0,4.0,0.0,0.0,120.0,0.05,0.3542939712160146,0.3452069349840461,0,0.0,44,3.702161136563469e-06,0,0.0,1.0,True,66.60000000000001,0.1250121563217815,31.529333869839125,11.706694386694387,69.91747224517167,0.29120146707693323,Obstacle-rich corridor with three lateral rows of alternating cylindrical obstacles.,0,0,0,0.0,0.0,0,0.0,0,0,0.0,0.0,0,0.0,0,0.0,0.0,0.0,0.0,2400,0,0.0,0,0.0,0,0.0,0,0.0,0.0,0.0,0.0,0.0,74,0.0003083333333333333,0.007806904166354187,0.014756750397745044,0.01477495871220226,0.01479306501595401,-0.01479306501595401
corridor_obstacles__proposed__N100__pl00__lat050__seed4,corridor_obstacles,proposed,100,4,0.0,50.0,4.0,12,4.0,4.0,0.0,0.0,4.0,0.0,0.0,120.0,0.05,0.3309544453399145,0.3483727973369193,0,0.0,57,4.795981472366312e-06,0,0.0,1.0,True,66.10000000000001,0.1250806312844904,31.643096407386626,11.713950103950104,69.35532076098025,0.28886014477709393,Obstacle-rich corridor with three lateral rows of alternating cylindrical obstacles.,0,0,0,0.0,0.0,0,0.0,0,0,0.0,0.0,0,0.0,0,0.0,0.0,0.0,0.0,2400,0,0.0,0,0.0,0,0.0,0,0.0,0.0,0.0,0.0,0.0,71,0.00029583333333333333,0.006094924349679819,0.01158402258184621,0.011606995938620534,0.011627202663080816,-0.011627202663080816
corridor_obstacles__proposed__N100__pl10__lat000__seed0,corridor_obstacles,proposed,100,0,0.1,0.0,4.0,12,4.0,4.0,0.0,0.0,4.0,0.0,0.0,120.0,0.05,0.33009479591362895,0.34822009105348073,0,0.0,68,5.7215217565071795e-06,0,0.0,1.0,True,66.9,0.12400071461397154,31.76763092725702,10.534199584199584,70.1312184818089,0.2920917054635939,Obstacle-rich corridor with three lateral rows of alternating cylindrical obstacles.,0,0,0,0.0,0.0,0,0.0,0,0,0.0,0.0,0,0.0,0,0.0,0.0,0.0,0.0,2400,0,0.0,0,0.0,0,0.0,0,0.0,0.0,0.0,0.0,0.0,125,0.0005208333333333333,0.006603037077159822,0.011708279568171198,0.011759291533554449,0.011779908946519368,-0.011779908946519368
corridor_obstacles__proposed__N100__pl10__lat000__seed1,corridor_obstacles,proposed,100,1,0.1,0.0,4.0,12,4.0,4.0,0.0,0.0,4.0,0.0,0.0,120.0,0.05,0.329160736968098,0.35438176258576326,0,0.0,54,4.543561394873348e-06,0,0.0,1.0,True,66.25,0.12415523582337994,31.725369415104627,10.561372141372141,69.22497997106984,0.2883172843443142,Obstacle-rich corridor with three lateral rows of alternating cylindrical obstacles.,0,0,0,0.0,0.0,0,0.0,0,0,0.0,0.0,0,0.0,0,0.0,0.0,0.0,0.0,2400,0,0.0,0,0.0,0,0.0,0,0.0,0.0,0.0,0.0,0.0,41,0.00017083333333333333,0.0022625340061714905,0.0047658708519975335,0.005465330819611936,0.005618237414236837,-0.005618237414236837
corridor_obstacles__proposed__N100__pl10__lat000__seed2,corridor_obstacles,proposed,100,2,0.1,0.0,4.0,12,4.0,4.0,0.0,0.0,4.0,0.0,0.0,120.0,0.05,0.31347036808304335,0.3530025539348487,0,0.0,83,6.983622143971998e-06,0,0.0,1.0,True,66.5,0.12512762498609462,31.42852769612465,10.48,69.44844902819023,0.2892480176101217,Obstacle-rich corridor with three lateral rows of alternating cylindrical obstacles.,0,0,0,0.0,0.0,0,0.0,0,0,0.0,0.0,0,0.0,0,0.0,0.0,0.0,0.0,2400,0,0.0,0,0.0,0,0.0,0,0.0,0.0,0.0,0.0,0.0,120,0.0005,0.0038142674066365383,0.006901101486313665,0.006972615450951525,0.0069974460651514025,-0.0069974460651514025
corridor_obstacles__proposed__N100__pl10__lat000__seed3,corridor_obstacles,proposed,100,3,0.1,0.0,4.0,12,4.0,4.0,0.0,0.0,4.0,0.0,0.0,120.0,0.05,0.30812167198479656,0.34929621605594185,0,0.0,78,6.562922014817059e-06,0,0.0,1.0,True,67.25,0.125101364347068,31.517423703820686,10.53066528066528,68.7883779942058,0.2864988671145598,Obstacle-rich corridor with three lateral rows of alternating cylindrical obstacles.,0,0,0,0.0,0.0,0,0.0,0,0,0.0,0.0,0,0.0,0,0.0,0.0,0.0,0.0,2400,0,0.0,0,0.0,0,0.0,0,0.0,0.0,0.0,0.0,0.0,57,0.0002375,0.0068432405654891065,0.010665125516599839,0.010688403629611036,0.010703783944058243,-0.010703783944058243
corridor_obstacles__proposed__N100__pl10__lat000__seed4,corridor_obstacles,proposed,100,4,0.1,0.0,4.0,12,4.0,4.0,0.0,0.0,4.0,0.0,0.0,120.0,0.05,0.26978668928638616,0.3495838504311516,0,0.0,75,6.310501937324095e-06,0,0.0,1.0,True,66.5,0.12410127830770387,32.47515317815126,10.502702702702702,69.75099655101076,0.29050810725119014,Obstacle-rich corridor with three lateral rows of alternating cylindrical obstacles.,0,0,0,0.0,0.0,0,0.0,0,0,0.0,0.0,0,0.0,0,0.0,0.0,0.0,0.0,2400,0,0.0,0,0.0,0,0.0,0,0.0,0.0,0.0,0.0,0.0,80,0.0003333333333333333,0.004939588777897258,0.010352806915852619,0.01039857754473378,0.010416149568848398,-0.010416149568848398
corridor_obstacles__proposed__N100__pl10__lat050__seed0,corridor_obstacles,proposed,100,0,0.1,50.0,4.0,12,4.0,4.0,0.0,0.0,4.0,0.0,0.0,120.0,0.05,0.3049154784241362,0.3497163566379573,0,0.0,64,5.3849616531832274e-06,0,0.0,1.0,True,67.0,0.12433901807574717,31.707820050280574,10.498149688149688,70.34191018668935,0.2929692219353992,Obstacle-rich corridor with three lateral rows of alternating cylindrical obstacles.,0,0,0,0.0,0.0,0,0.0,0,0,0.0,0.0,0,0.0,0,0.0,0.0,0.0,0.0,2400,0,0.0,0,0.0,0,0.0,0,0.0,0.0,0.0,0.0,0.0,126,0.000525,0.006136825785524776,0.010190828110174188,0.010261209041400987,0.010283643362042794,-0.010283643362042794
corridor_obstacles__proposed__N100__pl10__lat050__seed1,corridor_obstacles,proposed,100,1,0.1,50.0,4.0,12,4.0,4.0,0.0,0.0,4.0,0.0,0.0,120.0,0.05,0.3162596340758733,0.3522809309268239,0,0.0,89,7.4884622989579254e-06,0,0.0,1.0,True,67.35000000000001,0.1241151197464433,31.8280046210603,10.554386694386695,71.56221483787522,0.29805170694658567,Obstacle-rich corridor with three lateral rows of alternating cylindrical obstacles.,0,0,0,0.0,0.0,0,0.0,0,0,0.0,0.0,0,0.0,0,0.0,0.0,0.0,0.0,2400,0,0.0,0,0.0,0,0.0,0,0.0,0.0,0.0,0.0,0.0,100,0.0004166666666666667,0.0029618807017501303,0.007501215940229611,0.007613918062551047,0.007719069073176099,-0.007719069073176099
corridor_obstacles__proposed__N100__pl10__lat050__seed2,corridor_obstacles,proposed,100,2,0.1,50.0,4.0,12,4.0,4.0,0.0,0.0,4.0,0.0,0.0,120.0,0.05,0.3425619142135044,0.3389442898433608,0,0.0,92,7.74088237645089e-06,0,0.0,1.0,True,66.15,0.12335490292738842,31.402667078478387,10.542224532224532,68.52237595291808,0.2853909868926201,Obstacle-rich corridor with three lateral rows of alternating cylindrical obstacles.,0,0,0,0.0,0.0,0,0.0,0,0,0.0,0.0,0,0.0,0,0.0,0.0,0.0,0.0,2400,0,0.0,0,0.0,0,0.0,0,0.0,0.0,0.0,0.0,0.0,178,0.0007416666666666666,0.008577533016855288,0.020079012778016582,0.020835169409957093,0.021055710156639318,-0.021055710156639318
corridor_obstacles__proposed__N100__pl10__lat050__seed3,corridor_obstacles,proposed,100,3,0.1,50.0,4.0,12,4.0,4.0,0.0,0.0,4.0,0.0,0.0,120.0,0.05,0.3371608950293555,0.352546947759949,0,0.0,65,5.4691016790142155e-06,0,0.0,1.0,True,67.2,0.12439546583033596,32.391126629927406,10.514532224532225,70.34196390630677,0.2929694456739141,Obstacle-rich corridor with three lateral rows of alternating cylindrical obstacles.,0,0,0,0.0,0.0,0,0.0,0,0,0.0,0.0,0,0.0,0,0.0,0.0,0.0,0.0,2400,0,0.0,0,0.0,0,0.0,0,0.0,0.0,0.0,0.0,0.0,91,0.00037916666666666665,0.0040106693057220255,0.007156086713134502,0.007366092383531075,0.007453052240051106,-0.007453052240051106
corridor_obstacles__proposed__N100__pl10__lat050__seed4,corridor_obstacles,proposed,100,4,0.1,50.0,4.0,12,4.0,4.0,0.0,0.0,4.0,0.0,0.0,120.0,0.05,0.31035891669478916,0.34894778848404184,0,0.0,73,6.142221885662119e-06,0,0.0,1.0,True,66.4,0.124832961014201,32.47726106771187,10.556237006237007,70.44475055672228,0.29339754500925563,Obstacle-rich corridor with three lateral rows of alternating cylindrical obstacles.,0,0,0,0.0,0.0,0,0.0,0,0,0.0,0.0,0,0.0,0,0.0,0.0,0.0,0.0,2400,0,0.0,0,0.0,0,0.0,0,0.0,0.0,0.0,0.0,0.0,123,0.0005125,0.0061464123337626655,0.011047320002024241,0.011049637690823273,0.011052211515958144,-0.011052211515958144
corridor_obstacles__proposed__N100__pl10__lat100__seed0,corridor_obstacles,proposed,100,0,0.1,100.0,4.0,12,4.0,4.0,0.0,0.0,4.0,0.0,0.0,120.0,0.05,0.3011746646886106,0.3423725324660766,0,0.0,64,5.3849616531832274e-06,0,0.0,1.0,True,67.35000000000001,0.12312243050726586,32.03976957903312,10.596777546777547,69.88645455008373,0.29107228050847034,Obstacle-rich corridor with three lateral rows of alternating cylindrical obstacles.,0,0,0,0.0,0.0,0,0.0,0,0,0.0,0.0,0,0.0,0,0.0,0.0,0.0,0.0,2400,0,0.0,0,0.0,0,0.0,0,0.0,0.0,0.0,0.0,0.0,68,0.00028333333333333335,0.007320034818385468,0.017611730828820137,0.017623233021584295,0.017627467533923413,-0.017627467533923413
corridor_obstacles__proposed__N100__pl10__lat100__seed1,corridor_obstacles,proposed,100,1,0.1,100.0,4.0,12,4.0,4.0,0.0,0.0,4.0,0.0,0.0,120.0,0.05,0.3260927354888057,0.34297483952195396,0,0.0,72,6.058081859831131e-06,0,0.0,1.0,True,67.15,0.1254699341035625,31.793917216884264,10.557671517671517,69.9056919356808,0.29115240289746275,Obstacle-rich corridor with three lateral rows of alternating cylindrical obstacles.,0,0,0,0.0,0.0,0,0.0,0,0,0.0,0.0,0,0.0,0,0.0,0.0,0.0,0.0,2400,0,0.0,0,0.0,0,0.0,0,0.0,0.0,0.0,0.0,0.0,57,0.0002375,0.009346523534751164,0.016965692921407573,0.017001114736395654,0.01702516047804603,-0.01702516047804603
corridor_obstacles__proposed__N100__pl10__lat100__seed2,corridor_obstacles,proposed,100,2,0.1,100.0,4.0,12,4.0,4.0,0.0,0.0,4.0,0.0,0.0,120.0,0.05,0.3023080667175107,0.349426000616482,0,0.0,72,6.058081859831131e-06,0,0.0,1.0,True,66.25,0.12358681732753748,31.73624277512132,10.571891891891893,69.77615546388552,0.29061289239435867,Obstacle-rich corridor with three lateral rows of alternating cylindrical obstacles.,0,0,0,0.0,0.0,0,0.0,0,0,0.0,0.0,0,0.0,0,0.0,0.0,0.0,0.0,2400,0,0.0,0,0.0,0,0.0,0,0.0,0.0,0.0,0.0,0.0,60,0.00025,0.007419774514494274,0.01052596844503818,0.010562298190796073,0.010573999383518107,-0.010573999383518107
corridor_obstacles__proposed__N100__pl10__lat100__seed3,corridor_obstacles,proposed,100,3,0.1,100.0,4.0,12,4.0,4.0,0.0,0.0,4.0,0.0,0.0,120.0,0.05,0.3274846541040602,0.341956059833305,0,0.0,82,6.89948211814101e-06,0,0.0,1.0,True,66.75,0.12437796592806455,32.08827457675743,10.485675675675676,68.69793290924281,0.2861221695511987,Obstacle-rich corridor with three lateral rows of alternating cylindrical obstacles.,0,0,0,0.0,0.0,0,0.0,0,0,0.0,0.0,0,0.0,0,0.0,0.0,0.0,0.0,2400,0,0.0,0,0.0,0,0.0,0,0.0,0.0,0.0,0.0,0.0,55,0.00022916666666666666,0.009893726287939284,0.01804080212322421,0.0180432022327019,0.01804394016669497,-0.01804394016669497
corridor_obstacles__proposed__N100__pl10__lat100__seed4,corridor_obstacles,proposed,100,4,0.1,100.0,4.0,12,4.0,4.0,0.0,0.0,4.0,0.0,0.0,120.0,0.05,0.3320458483704345,0.3535421557891033,0,0.0,68,5.7215217565071795e-06,0,0.0,1.0,True,67.25,0.1243036974400912,31.982370773631324,10.513991683991684,70.26615722384304,0.2926537160509914,Obstacle-rich corridor with three lateral rows of alternating cylindrical obstacles.,0,0,0,0.0,0.0,0,0.0,0,0,0.0,0.0,0,0.0,0,0.0,0.0,0.0,0.0,2400,0,0.0,0,0.0,0,0.0,0,0.0,0.0,0.0,0.0,0.0,74,0.0003083333333333333,0.0031676901841537724,0.006431982052234386,0.006450508697041415,0.006457844210896679,-0.006457844210896679
corridor_obstacles__proposed__N100__pl10__lat200__seed0,corridor_obstacles,proposed,100,0,0.1,200.0,4.0,12,4.0,4.0,0.0,0.0,4.0,0.0,0.0,120.0,0.05,0.3435007749700527,0.3435117722537838,0,0.0,69,5.8056617823381675e-06,0,0.0,1.0,True,66.5,0.12546448209059544,32.64866798134233,10.49931392931393,68.22727239085361,0.28416190083654147,Obstacle-rich corridor with three lateral rows of alternating cylindrical obstacles.,0,0,0,0.0,0.0,0,0.0,0,0,0.0,0.0,0,0.0,0,0.0,0.0,0.0,0.0,2400,0,0.0,0,0.0,0,0.0,0,0.0,0.0,0.0,0.0,0.0,88,0.00036666666666666667,0.007667548785302355,0.016465080573517466,0.016481371364256307,0.016488227746216166,-0.016488227746216166
corridor_obstacles__proposed__N100__pl10__lat200__seed1,corridor_obstacles,proposed,100,1,0.1,200.0,4.0,12,4.0,4.0,0.0,0.0,4.0,0.0,0.0,120.0,0.05,0.312436961725035,0.35469081054557405,0,0.0,73,6.142221885662119e-06,0,0.0,1.0,True,67.45,0.12420644975389022,31.9458870130607,10.553056133056133,70.26471227407455,0.2926476979345046,Obstacle-rich corridor with three lateral rows of alternating cylindrical obstacles.,0,0,0,0.0,0.0,0,0.0,0,0,0.0,0.0,0,0.0,0,0.0,0.0,0.0,0.0,2400,0,0.0,0,0.0,0,0.0,0,0.0,0.0,0.0,0.0,0.0,17,7.083333333333334e-05,0.0036627386512185322,0.00519058900453988,0.005285469364448723,0.005309189454425933,-0.005309189454425933
corridor_obstacles__proposed__N100__pl10__lat200__seed2,corridor_obstacles,proposed,100,2,0.1,200.0,4.0,12,4.0,4.0,0.0,0.0,4.0,0.0,0.0,120.0,0.05,0.29244868270103846,0.34384036575255494,0,0.0,83,6.983622143971998e-06,0,0.0,1.0,True,67.15,0.12520471885784998,31.997958007397887,10.52941787941788,70.16414631716907,0.2922288476350232,Obstacle-rich corridor with three lateral rows of alternating cylindrical obstacles.,0,0,0,0.0,0.0,0,0.0,0,0,0.0,0.0,0,0.0,0,0.0,0.0,0.0,0.0,2400,0,0.0,0,0.0,0,0.0,0,0.0,0.0,0.0,0.0,0.0,139,0.0005791666666666666,0.006200332891872615,0.016131159448849575,0.016151830005030954,0.016159634247445043,-0.016159634247445043
corridor_obstacles__proposed__N100__pl10__lat200__seed3,corridor_obstacles,proposed,100,3,0.1,200.0,4.0,12,4.0,4.0,0.0,0.0,4.0,0.0,0.0,120.0,0.05,0.31767971834139697,0.35305838240923015,0,0.0,81,6.815342092310022e-06,0,0.0,1.0,True,67.7,0.12360697711758693,32.0734010734637,10.53929313929314,70.28012164123356,0.29271187688976913,Obstacle-rich corridor with three lateral rows of alternating cylindrical obstacles.,0,0,0,0.0,0.0,0,0.0,0,0,0.0,0.0,0,0.0,0,0.0,0.0,0.0,0.0,2400,0,0.0,0,0.0,0,0.0,0,0.0,0.0,0.0,0.0,0.0,132,0.00055,0.003655645930607006,0.006928622879606283,0.006929666635206448,0.006941617590769944,-0.006941617590769944
corridor_obstacles__proposed__N100__pl10__lat200__seed4,corridor_obstacles,proposed,100,4,0.1,200.0,4.0,12,4.0,4.0,0.0,0.0,4.0,0.0,0.0,120.0,0.05,0.3036105860834791,0.352635128223617,0,0.0,78,6.562922014817059e-06,0,0.0,1.0,True,66.9,0.12406567444229742,31.847330993134605,10.551247401247402,69.76522671012208,0.29056737488597284,Obstacle-rich corridor with three lateral rows of alternating cylindrical obstacles.,0,0,0,0.0,0.0,0,0.0,0,0,0.0,0.0,0,0.0,0,0.0,0.0,0.0,0.0,2400,0,0.0,0,0.0,0,0.0,0,0.0,0.0,0.0,0.0,0.0,120,0.0005,0.004645483207921898,0.007092759997320175,0.007264060123078729,0.0073648717763830085,-0.0073648717763830085
corridor_obstacles__proposed__N100__pl20__lat050__seed0,corridor_obstacles,proposed,100,0,0.2,50.0,4.0,12,4.0,4.0,0.0,0.0,4.0,0.0,0.0,120.0,0.05,0.2982415876440216,0.355490211603003,0,0.0,77,6.478781988986071e-06,0,0.0,1.0,True,66.25,0.12244484923591184,32.297253146586925,9.39835758835759,69.79700604779646,0.29069973364346713,Obstacle-rich corridor with three lateral rows of alternating cylindrical obstacles.,0,0,0,0.0,0.0,0,0.0,0,0,0.0,0.0,0,0.0,0,0.0,0.0,0.0,0.0,2400,0,0.0,0,0.0,0,0.0,0,0.0,0.0,0.0,0.0,0.0,49,0.00020416666666666668,0.00139754484306125,0.0038475507283577404,0.00436924530600045,0.004509788396997116,-0.004509788396997116
corridor_obstacles__proposed__N100__pl20__lat050__seed1,corridor_obstacles,proposed,100,1,0.2,50.0,4.0,12,4.0,4.0,0.0,0.0,4.0,0.0,0.0,120.0,0.05,0.2921686148967407,0.35532321964733393,0,0.0,77,6.478781988986071e-06,0,0.0,1.0,True,66.4,0.12233446344597113,32.121457792760175,9.401288981288982,71.52891309792176,0.2979130074882206,Obstacle-rich corridor with three lateral rows of alternating cylindrical obstacles.,0,0,0,0.0,0.0,0,0.0,0,0,0.0,0.0,0,0.0,0,0.0,0.0,0.0,0.0,2400,0,0.0,0,0.0,0,0.0,0,0.0,0.0,0.0,0.0,0.0,27,0.0001125,0.002369864461065183,0.004356427701245558,0.004615767796327694,0.0046767803526661655,-0.0046767803526661655
corridor_obstacles__proposed__N100__pl20__lat050__seed2,corridor_obstacles,proposed,100,2,0.2,50.0,4.0,12,4.0,4.0,0.0,0.0,4.0,0.0,0.0,120.0,0.05,0.29833284844701835,0.36097655292081465,0,0.0,81,6.815342092310022e-06,0,0.0,1.0,True,65.95,0.12330061637272866,32.03864530347252,9.38031185031185,68.35315416613594,0.2846861897798248,Obstacle-rich corridor with three lateral rows of alternating cylindrical obstacles.,0,0,0,0.0,0.0,0,0.0,0,0,0.0,0.0,0,0.0,0,0.0,0.0,0.0,0.0,2400,0,0.0,0,0.0,0,0.0,0,0.0,0.0,0.0,0.0,0.0,0,0.0,0.0,0.0,0.0,0.0,0.0009765529208145551
corridor_obstacles__proposed__N100__pl20__lat050__seed3,corridor_obstacles,proposed,100,3,0.2,50.0,4.0,12,4.0,4.0,0.0,0.0,4.0,0.0,0.0,120.0,0.05,0.2939596911301179,0.34931824704309133,0,0.0,108,9.087122789746696e-06,0,0.0,1.0,True,66.8,0.12159337800825157,31.919115627507658,9.336548856548857,70.8234065710567,0.29497462128719987,Obstacle-rich corridor with three lateral rows of alternating cylindrical obstacles.,0,0,0,0.0,0.0,0,0.0,0,0,0.0,0.0,0,0.0,0,0.0,0.0,0.0,0.0,2400,0,0.0,0,0.0,0,0.0,0,0.0,0.0,0.0,0.0,0.0,163,0.0006791666666666667,0.005230114920540222,0.010629264067358802,0.01064928307419961,0.010681752956908763,-0.010681752956908763
corridor_obstacles__proposed__N100__pl20__lat050__seed4,corridor_obstacles,proposed,100,4,0.2,50.0,4.0,12,4.0,4.0,0.0,0.0,4.0,0.0,0.0,120.0,0.05,0.3165190471258637,0.3502964195151348,0,0.0,63,5.300821627352239e-06,0,0.0,1.0,True,66.7,0.12286822119793929,32.15987863474947,9.425197505197506,70.27576379477978,0.29269372675876626,Obstacle-rich corridor with three lateral rows of alternating cylindrical obstacles.,0,0,0,0.0,0.0,0,0.0,0,0,0.0,0.0,0,0.0,0,0.0,0.0,0.0,0.0,2400,0,0.0,0,0.0,0,0.0,0,0.0,0.0,0.0,0.0,0.0,103,0.00042916666666666667,0.006814973888574252,0.009631047543778082,0.009673058841805169,0.009703580484865304,-0.009703580484865304
corridor_obstacles__proposed__N100__pl40__lat050__seed0,corridor_obstacles,proposed,100,0,0.4,50.0,4.0,12,4.0,4.0,0.0,0.0,4.0,0.0,0.0,120.0,0.05,0.2217718362004587,0.3533215005999223,0,0.0,143,1.2032023693831274e-05,0,0.0,1.0,True,66.60000000000001,0.120156085273735,31.726132962401202,7.011060291060291,68.22393610794097,0.28414800544748425,Obstacle-rich corridor with three lateral rows of alternating cylindrical obstacles.,0,0,0,0.0,0.0,0,0.0,0,0,0.0,0.0,0,0.0,0,0.0,0.0,0.0,0.0,2400,0,0.0,0,0.0,0,0.0,0,0.0,0.0,0.0,0.0,0.0,93,0.0003875,0.003911955884344328,0.006668181487358815,0.006673896217075965,0.006678499400077698,-0.006678499400077698
corridor_obstacles__proposed__N100__pl40__lat050__seed1,corridor_obstacles,proposed,100,1,0.4,50.0,4.0,12,4.0,4.0,0.0,0.0,4.0,0.0,0.0,120.0,0.05,0.2745896585110709,0.3539547128463648,0,0.0,111,9.339542867239661e-06,0,0.0,1.0,True,66.25,0.11959428325227797,31.969170931251245,7.0464864864864865,70.28463714523241,0.2927306836536127,Obstacle-rich corridor with three lateral rows of alternating cylindrical obstacles.,0,0,0,0.0,0.0,0,0.0,0,0,0.0,0.0,0,0.0,0,0.0,0.0,0.0,0.0,2400,0,0.0,0,0.0,0,0.0,0,0.0,0.0,0.0,0.0,0.0,46,0.00019166666666666667,0.003866720577749814,0.006028573231150691,0.006038864972390867,0.0060452871536351704,-0.0060452871536351704
corridor_obstacles__proposed__N100__pl40__lat050__seed2,corridor_obstacles,proposed,100,2,0.4,50.0,4.0,12,4.0,4.0,0.0,0.0,4.0,0.0,0.0,120.0,0.05,0.2913543667839629,0.3493220194350557,0,0.0,116,9.7602429963946e-06,0,0.0,1.0,True,66.85000000000001,0.11857344431761797,31.878371399700633,7.0527234927234925,69.49673110526055,0.28944910914310934,Obstacle-rich corridor with three lateral rows of alternating cylindrical obstacles.,0,0,0,0.0,0.0,0,0.0,0,0,0.0,0.0,0,0.0,0,0.0,0.0,0.0,0.0,2400,0,0.0,0,0.0,0,0.0,0,0.0,0.0,0.0,0.0,0.0,178,0.0007416666666666666,0.004138130793551909,0.010518913393001206,0.010633597888217463,0.0106779805649444,-0.0106779805649444
corridor_obstacles__proposed__N100__pl40__lat050__seed3,corridor_obstacles,proposed,100,3,0.4,50.0,4.0,12,4.0,4.0,0.0,0.0,4.0,0.0,0.0,120.0,0.05,0.32188005490884286,0.35262057890922105,0,0.0,99,8.329862557267805e-06,0,0.0,1.0,True,67.10000000000001,0.11973983576160138,32.160535413106174,7.045239085239086,69.01055236672983,0.28742420810799596,Obstacle-rich corridor with three lateral rows of alternating cylindrical obstacles.,0,0,0,0.0,0.0,0,0.0,0,0,0.0,0.0,0,0.0,0,0.0,0.0,0.0,0.0,2400,0,0.0,0,0.0,0,0.0,0,0.0,0.0,0.0,0.0,0.0,125,0.0005208333333333333,0.003057838778757459,0.006749446485939226,0.007182566555556838,0.007379421090778937,-0.007379421090778937
corridor_obstacles__proposed__N100__pl40__lat050__seed4,corridor_obstacles,proposed,100,4,0.4,50.0,4.0,12,4.0,4.0,0.0,0.0,4.0,0.0,0.0,120.0,0.05,0.31360003681101356,0.3409701161761015,0,0.0,87,7.32018224729595e-06,0,0.0,1.0,True,67.15,0.11861540592777162,32.564992667016966,7.022411642411642,69.88170038023964,0.29105247971778275,Obstacle-rich corridor with three lateral rows of alternating cylindrical obstacles.,0,0,0,0.0,0.0,0,0.0,0,0,0.0,0.0,0,0.0,0,0.0,0.0,0.0,0.0,2400,0,0.0,0,0.0,0,0.0,0,0.0,0.0,0.0,0.0,0.0,194,0.0008083333333333333,0.007311447838024216,0.01887792755594686,0.019009031317273564,0.019029883823898475,-0.019029883823898475
corridor_obstacles__proposed__N200__pl00__lat000__seed0,corridor_obstacles,proposed,200,0,0.0,0.0,4.0,12,4.0,4.0,0.0,0.0,4.0,0.0,0.0,120.0,0.05,0.19996297071303998,0.21536738763112206,0,0.0,694,1.452493621794939e-05,0,0.0,1.0,True,61.35,0.15487984849296407,33.31378858166718,11.942879417879418,91.81540375808254,0.19120242348621935,Obstacle-rich corridor with three lateral rows of alternating cylindrical obstacles.,0,0,0,0.0,0.0,0,0.0,0,0,0.0,0.0,0,0.0,0,0.0,0.0,0.0,0.0,2400,0,0.0,0,0.0,0,0.0,0,0.0,0.0,0.0,0.0,0.0,6861,0.01429375,0.045368847988051034,0.11215816370694709,0.13425782624230914,0.14463261236887792,-0.14463261236887792
corridor_obstacles__proposed__N200__pl00__lat000__seed1,corridor_obstacles,proposed,200,1,0.0,0.0,4.0,12,4.0,4.0,0.0,0.0,4.0,0.0,0.0,120.0,0.05,0.2063550038774456,0.22459074676071478,0,0.0,874,1.8292210741336837e-05,0,0.0,1.0,True,61.050000000000004,0.1569170536316331,33.436907172921494,11.946018711018711,90.44745650002733,0.18835372032492156,Obstacle-rich corridor with three lateral rows of alternating cylindrical obstacles.,0,0,0,0.0,0.0,0,0.0,0,0,0.0,0.0,0,0.0,0,0.0,0.0,0.0,0.0,2400,0,0.0,0,0.0,0,0.0,0,0.0,0.0,0.0,0.0,0.0,7125,0.01484375,0.04732061082538699,0.11520416910622698,0.12520460741506706,0.1354092532392852,-0.1354092532392852
corridor_obstacles__proposed__N200__pl00__lat000__seed2,corridor_obstacles,proposed,200,2,0.0,0.0,4.0,12,4.0,4.0,0.0,0.0,4.0,0.0,0.0,120.0,0.05,0.19226101752920507,0.218622257922657,0,0.0,783,1.6387644176735406e-05,0,0.0,1.0,True,61.35,0.15532666635424336,33.429137878949554,11.955145530145531,91.31964639993384,0.19017002582243617,Obstacle-rich corridor with three lateral rows of alternating cylindrical obstacles.,0,0,0,0.0,0.0,0,0.0,0,0,0.0,0.0,0,0.0,0,0.0,0.0,0.0,0.0,2400,0,0.0,0,0.0,0,0.0,0,0.0,0.0,0.0,0.0,0.0,6858,0.0142875,0.044363145996971116,0.11206503828169741,0.1339720866467774,0.141377742077343,-0.141377742077343
corridor_obstacles__proposed__N200__pl00__lat000__seed3,corridor_obstacles,proposed,200,3,0.0,0.0,4.0,12,4.0,4.0,0.0,0.0,4.0,0.0,0.0,120.0,0.05,0.20053780771072777,0.21820971231625952,0,0.0,818,1.7120169778505188e-05,0,0.0,1.0,True,61.45,0.15631856451659107,33.16821755976339,11.943607068607069,91.41697820229456,0.19037271595646513,Obstacle-rich corridor with three lateral rows of alternating cylindrical obstacles.,0,0,0,0.0,0.0,0,0.0,0,0,0.0,0.0,0,0.0,0,0.0,0.0,0.0,0.0,2400,0,0.0,0,0.0,0,0.0,0,0.0,0.0,0.0,0.0,0.0,7113,0.01481875,0.044725863563725224,0.11353663665174002,0.1320383099648826,0.14179028768374047,-0.14179028768374047
corridor_obstacles__proposed__N200__pl00__lat000__seed4,corridor_obstacles,proposed,200,4,0.0,0.0,4.0,12,4.0,4.0,0.0,0.0,4.0,0.0,0.0,120.0,0.05,0.1972418560991847,0.2165801983859884,0,0.0,824,1.7245745595951436e-05,0,0.0,1.0,True,61.0,0.15100410836991285,33.79607077319761,11.936340956340956,91.84963397309184,0.19127370673280267,Obstacle-rich corridor with three lateral rows of alternating cylindrical obstacles.,0,0,0,0.0,0.0,0,0.0,0,0,0.0,0.0,0,0.0,0,0.0,0.0,0.0,0.0,2400,0,0.0,0,0.0,0,0.0,0,0.0,0.0,0.0,0.0,0.0,6783,0.01413125,0.045908841935421114,0.11396091314975437,0.1347577761660014,0.14341980161401158,-0.14341980161401158
corridor_obstacles__proposed__N200__pl00__lat050__seed0,corridor_obstacles,proposed,200,0,0.0,50.0,4.0,12,4.0,4.0,0.0,0.0,4.0,0.0,0.0,120.0,0.05,0.26900451222800026,0.3520945864717562,0,0.0,138,2.888243801263711e-06,0,0.0,1.0,True,68.65,0.15804807643528848,36.98117780004831,11.912869022869023,136.99773991806433,0.2852930860434492,Obstacle-rich corridor with three lateral rows of alternating cylindrical obstacles.,0,0,0,0.0,0.0,0,0.0,0,0,0.0,0.0,0,0.0,0,0.0,0.0,0.0,0.0,2400,0,0.0,0,0.0,0,0.0,0,0.0,0.0,0.0,0.0,0.0,127,0.00026458333333333336,0.0053104019509258695,0.007887791770039333,0.007900458916142928,0.00790541352824392,-0.00790541352824392
corridor_obstacles__proposed__N200__pl00__lat050__seed1,corridor_obstacles,proposed,200,1,0.0,50.0,4.0,12,4.0,4.0,0.0,0.0,4.0,0.0,0.0,120.0,0.05,0.2538283892960695,0.34005694280044607,0,0.0,181,3.7882038262951576e-06,0,0.0,1.0,True,68.85000000000001,0.16221955886369116,37.23706433615526,11.911538461538461,142.87214536592364,0.29752633354003255,Obstacle-rich corridor with three lateral rows of alternating cylindrical obstacles.,0,0,0,0.0,0.0,0,0.0,0,0,0.0,0.0,0,0.0,0,0.0,0.0,0.0,0.0,2400,0,0.0,0,0.0,0,0.0,0,0.0,0.0,0.0,0.0,0.0,283,0.0005895833333333333,0.01377675495864589,0.01994155230841945,0.019942985018867536,0.019943057199554026,-0.019943057199554026
corridor_obstacles__proposed__N200__pl00__lat050__seed2,corridor_obstacles,proposed,200,2,0.0,50.0,4.0,12,4.0,4.0,0.0,0.0,4.0,0.0,0.0,120.0,0.05,0.23158841121225976,0.35042663815491926,0,0.0,181,3.7882038262951576e-06,0,0.0,1.0,True,68.95,0.16244343418864723,37.144160676427404,11.891434511434511,141.01075372705236,0.2936500494107713,Obstacle-rich corridor with three lateral rows of alternating cylindrical obstacles.,0,0,0,0.0,0.0,0,0.0,0,0,0.0,0.0,0,0.0,0,0.0,0.0,0.0,0.0,2400,0,0.0,0,0.0,0,0.0,0,0.0,0.0,0.0,0.0,0.0,129,0.00026875,0.005302777715652686,0.009556616354676084,0.009568172104424394,0.009573361845080841,-0.009573361845080841
corridor_obstacles__proposed__N200__pl00__lat050__seed3,corridor_obstacles,proposed,200,3,0.0,50.0,4.0,12,4.0,4.0,0.0,0.0,4.0,0.0,0.0,120.0,0.05,0.29687063405753006,0.35456554834699205,0,0.0,107,2.2394354111247615e-06,0,0.0,1.0,True,70.25,0.16574879606223672,36.49618822312193,11.88139293139293,139.88455831632018,0.2913047861647651,Obstacle-rich corridor with three lateral rows of alternating cylindrical obstacles.,0,0,0,0.0,0.0,0,0.0,0,0,0.0,0.0,0,0.0,0,0.0,0.0,0.0,0.0,2400,0,0.0,0,0.0,0,0.0,0,0.0,0.0,0.0,0.0,0.0,40,8.333333333333333e-05,0.002292929740238281,0.005350358542079825,0.005404459605458552,0.005434451653008043,-0.005434451653008043
corridor_obstacles__proposed__N200__pl00__lat050__seed4,corridor_obstacles,proposed,200,4,0.0,50.0,4.0,12,4.0,4.0,0.0,0.0,4.0,0.0,0.0,120.0,0.05,0.23893716780454946,0.3537620391421459,0,0.0,129,2.6998800750943387e-06,0,0.0,1.0,True,69.0,0.16100758526807846,36.65071187875005,11.888399168399168,140.7616149513051,0.2931312264708561,Obstacle-rich corridor with three lateral rows of alternating cylindrical obstacles.,0,0,0,0.0,0.0,0,0.0,0,0,0.0,0.0,0,0.0,0,0.0,0.0,0.0,0.0,2400,0,0.0,0,0.0,0,0.0,0,0.0,0.0,0.0,0.0,0.0,280,0.0005833333333333334,0.0029657307241592857,0.005597961305576571,0.006120040821199257,0.006237960857854219,-0.006237960857854219
corridor_obstacles__proposed__N200__pl10__lat000__seed0,corridor_obstacles,proposed,200,0,0.1,0.0,4.0,12,4.0,4.0,0.0,0.0,4.0,0.0,0.0,120.0,0.05,0.2859778321749801,0.34211594605012974,0,0.0,140,2.9301024070791273e-06,0,0.0,1.0,True,68.45,0.15893521982077155,36.70175695450672,10.687577962577963,140.64897222304717,0.29289665185974006,Obstacle-rich corridor with three lateral rows of alternating cylindrical obstacles.,0,0,0,0.0,0.0,0,0.0,0,0,0.0,0.0,0,0.0,0,0.0,0.0,0.0,0.0,2400,0,0.0,0,0.0,0,0.0,0,0.0,0.0,0.0,0.0,0.0,271,0.0005645833333333334,0.008118918195437802,0.017443390280996063,0.017804005195341067,0.01788405394987036,-0.01788405394987036
corridor_obstacles__proposed__N200__pl10__lat000__seed1,corridor_obstacles,proposed,200,1,0.1,0.0,4.0,12,4.0,4.0,0.0,0.0,4.0,0.0,0.0,120.0,0.05,0.2867687361013412,0.34941983110886043,0,0.0,129,2.6998800750943387e-06,0,0.0,1.0,True,69.45,0.16087708529621753,37.038199099009105,10.678430353430354,141.43318421766162,0.2945297463924648,Obstacle-rich corridor with three lateral rows of alternating cylindrical obstacles.,0,0,0,0.0,0.0,0,0.0,0,0,0.0,0.0,0,0.0,0,0.0,0.0,0.0,0.0,2400,0,0.0,0,0.0,0,0.0,0,0.0,0.0,0.0,0.0,0.0,152,0.00031666666666666665,0.00531380272208859,0.01051098713629518,0.01056109983773018,0.010580168891139552,-0.010580168891139552
corridor_obstacles__proposed__N200__pl10__lat000__seed2,corridor_obstacles,proposed,200,2,0.1,0.0,4.0,12,4.0,4.0,0.0,0.0,4.0,0.0,0.0,120.0,0.05,0.2767448524047583,0.3495115436759526,0,0.0,127,2.658021469278923e-06,0,0.0,1.0,True,68.25,0.15992369789652575,36.97025699005429,10.683471933471933,139.2156947767362,0.2899119008261895,Obstacle-rich corridor with three lateral rows of alternating cylindrical obstacles.,0,0,0,0.0,0.0,0,0.0,0,0,0.0,0.0,0,0.0,0,0.0,0.0,0.0,0.0,2400,0,0.0,0,0.0,0,0.0,0,0.0,0.0,0.0,0.0,0.0,349,0.0007270833333333334,0.003606481371679658,0.008310019525427977,0.010365115155531237,0.01048845632404749,-0.01048845632404749
corridor_obstacles__proposed__N200__pl10__lat000__seed3,corridor_obstacles,proposed,200,3,0.1,0.0,4.0,12,4.0,4.0,0.0,0.0,4.0,0.0,0.0,120.0,0.05,0.2196032144705238,0.34326617475249666,0,0.0,117,2.4487284402018422e-06,0,0.0,1.0,True,68.55,0.1595241521413373,37.362608031474245,10.701320166320166,138.41899185394868,0.2882527943647411,Obstacle-rich corridor with three lateral rows of alternating cylindrical obstacles.,0,0,0,0.0,0.0,0,0.0,0,0,0.0,0.0,0,0.0,0,0.0,0.0,0.0,0.0,2400,0,0.0,0,0.0,0,0.0,0,0.0,0.0,0.0,0.0,0.0,396,0.000825,0.004359333947425617,0.01619751029561528,0.016696684042319287,0.01673382524750333,-0.01673382524750333
corridor_obstacles__proposed__N200__pl10__lat000__seed4,corridor_obstacles,proposed,200,4,0.1,0.0,4.0,12,4.0,4.0,0.0,0.0,4.0,0.0,0.0,120.0,0.05,0.31003463360386535,0.3493691933737728,0,0.0,113,2.36501122857101e-06,0,0.0,1.0,True,69.60000000000001,0.1606714535128918,37.30772483868344,10.692900207900207,139.52593456907198,0.2905579645336776,Obstacle-rich corridor with three lateral rows of alternating cylindrical obstacles.,0,0,0,0.0,0.0,0,0.0,0,0,0.0,0.0,0,0.0,0,0.0,0.0,0.0,0.0,2400,0,0.0,0,0.0,0,0.0,0,0.0,0.0,0.0,0.0,0.0,105,0.00021875,0.007787096603235558,0.010456925269889306,0.010579844439700876,0.010630806626227285,-0.010630806626227285
corridor_obstacles__proposed__N200__pl10__lat050__seed0,corridor_obstacles,proposed,200,0,0.1,50.0,4.0,12,4.0,4.0,0.0,0.0,4.0,0.0,0.0,120.0,0.05,0.19918619408345647,0.3496697473667433,0,0.0,198,4.144001975726194e-06,0,0.0,1.0,True,69.05,0.15986522056538977,37.605765556423655,10.670654885654885,137.05248322477564,0.28540708709865814,Obstacle-rich corridor with three lateral rows of alternating cylindrical obstacles.,0,0,0,0.0,0.0,0,0.0,0,0,0.0,0.0,0,0.0,0,0.0,0.0,0.0,0.0,2400,0,0.0,0,0.0,0,0.0,0,0.0,0.0,0.0,0.0,0.0,88,0.00018333333333333334,0.0058039689445181335,0.010326125950502285,0.010327891950210673,0.010330252633256709,-0.010330252633256709
corridor_obstacles__proposed__N200__pl10__lat050__seed1,corridor_obstacles,proposed,200,1,0.1,50.0,4.0,12,4.0,4.0,0.0,0.0,4.0,0.0,0.0,120.0,0.05,0.3102976732105101,0.3459697894970193,0,0.0,124,2.5952335605557984e-06,0,0.0,1.0,True,68.55,0.16047806435779757,36.94696054275239,10.677796257796258,137.78570657037199,0.28693399952180754,Obstacle-rich corridor with three lateral rows of alternating cylindrical obstacles.,0,0,0,0.0,0.0,0,0.0,0,0,0.0,0.0,0,0.0,0,0.0,0.0,0.0,0.0,2400,0,0.0,0,0.0,0,0.0,0,0.0,0.0,0.0,0.0,0.0,309,0.00064375,0.006025469175295881,0.013028938971872468,0.013881608305143997,0.014030210502980811,-0.014030210502980811
corridor_obstacles__proposed__N200__pl10__lat050__seed2,corridor_obstacles,proposed,200,2,0.1,50.0,4.0,12,4.0,4.0,0.0,0.0,4.0,0.0,0.0,120.0,0.05,0.21331642748648377,0.3484506599313911,0,0.0,119,2.4905870460172584e-06,0,0.0,1.0,True,68.25,0.16429972067484466,37.20776936867801,10.724116424116424,140.47411686787382,0.292532521590741,Obstacle-rich corridor with three lateral rows of alternating cylindrical obstacles.,0,0,0,0.0,0.0,0,0.0,0,0,0.0,0.0,0,0.0,0,0.0,0.0,0.0,0.0,2400,0,0.0,0,0.0,0,0.0,0,0.0,0.0,0.0,0.0,0.0,79,0.00016458333333333334,0.006761081292842306,0.01151648765995401,0.011539885023101699,0.01154934006860886,-0.01154934006860886
corridor_obstacles__proposed__N200__pl10__lat050__seed3,corridor_obstacles,proposed,200,3,0.1,50.0,4.0,12,4.0,4.0,0.0,0.0,4.0,0.0,0.0,120.0,0.05,0.23181802437641674,0.3470658200367268,0,0.0,134,2.804526589632879e-06,0,0.0,1.0,True,69.95,0.16176170058602155,37.99244734037589,10.724844074844075,142.64538030000404,0.29705410308205754,Obstacle-rich corridor with three lateral rows of alternating cylindrical obstacles.,0,0,0,0.0,0.0,0,0.0,0,0,0.0,0.0,0,0.0,0,0.0,0.0,0.0,0.0,2400,0,0.0,0,0.0,0,0.0,0,0.0,0.0,0.0,0.0,0.0,107,0.00022291666666666667,0.005552238213136177,0.012895956774320094,0.01292266251842776,0.012934179963273174,-0.012934179963273174
corridor_obstacles__proposed__N200__pl10__lat050__seed4,corridor_obstacles,proposed,200,4,0.1,50.0,4.0,12,4.0,4.0,0.0,0.0,4.0,0.0,0.0,120.0,0.05,0.2693330230458135,0.3476402935587223,0,0.0,137,2.867314498356003e-06,0,0.0,1.0,True,68.60000000000001,0.16091030384630423,36.83730365999576,10.71066528066528,142.02855888241902,0.29576959367434197,Obstacle-rich corridor with three lateral rows of alternating cylindrical obstacles.,0,0,0,0.0,0.0,0,0.0,0,0,0.0,0.0,0,0.0,0,0.0,0.0,0.0,0.0,2400,0,0.0,0,0.0,0,0.0,0,0.0,0.0,0.0,0.0,0.0,136,0.00028333333333333335,0.0063095219395650015,0.012357533747377747,0.012358548279160563,0.012359706441277707,-0.012359706441277707
corridor_obstacles__proposed__N200__pl10__lat100__seed0,corridor_obstacles,proposed,200,0,0.1,100.0,4.0,12,4.0,4.0,0.0,0.0,4.0,0.0,0.0,120.0,0.05,0.28697455011115514,0.3480695121169941,0,0.0,152,3.181254041971624e-06,0,0.0,1.0,True,69.10000000000001,0.15663549972738383,37.2145616464927,10.698492723492723,142.30212000990286,0.2963392753225799,Obstacle-rich corridor with three lateral rows of alternating cylindrical obstacles.,0,0,0,0.0,0.0,0,0.0,0,0,0.0,0.0,0,0.0,0,0.0,0.0,0.0,0.0,2400,0,0.0,0,0.0,0,0.0,0,0.0,0.0,0.0,0.0,0.0,144,0.0003,0.008518375265393192,0.011915085521982328,0.011925410661094617,0.011930487883005991,-0.011930487883005991
corridor_obstacles__proposed__N200__pl10__lat100__seed1,corridor_obstacles,proposed,200,1,0.1,100.0,4.0,12,4.0,4.0,0.0,0.0,4.0,0.0,0.0,120.0,0.05,0.27234316426049415,0.3353373642319257,0,0.0,118,2.46965774310955e-06,0,0.0,1.0,True,67.9,0.16293392893279773,37.61073960162762,10.708659043659043,140.7944088773802,0.29319951869508576,Obstacle-rich corridor with three lateral rows of alternating cylindrical obstacles.,0,0,0,0.0,0.0,0,0.0,0,0,0.0,0.0,0,0.0,0,0.0,0.0,0.0,0.0,2400,0,0.0,0,0.0,0,0.0,0,0.0,0.0,0.0,0.0,0.0,368,0.0007666666666666667,0.011452278596378618,0.024548879857698568,0.02463879656528022,0.02466263576807437,-0.02466263576807437
corridor_obstacles__proposed__N200__pl10__lat100__seed2,corridor_obstacles,proposed,200,2,0.1,100.0,4.0,12,4.0,4.0,0.0,0.0,4.0,0.0,0.0,120.0,0.05,0.2504819002361263,0.3408326018576654,0,0.0,91,1.9045665646014328e-06,0,0.0,1.0,True,70.15,0.16498941713243542,37.475238649942014,10.712848232848232,139.5044328472577,0.2905131879368132,Obstacle-rich corridor with three lateral rows of alternating cylindrical obstacles.,0,0,0,0.0,0.0,0,0.0,0,0,0.0,0.0,0,0.0,0,0.0,0.0,0.0,0.0,2400,0,0.0,0,0.0,0,0.0,0,0.0,0.0,0.0,0.0,0.0,188,0.0003916666666666667,0.008525147508833182,0.019158222142075187,0.019165358333421964,0.01916739814233459,-0.01916739814233459
corridor_obstacles__proposed__N200__pl10__lat100__seed3,corridor_obstacles,proposed,200,3,0.1,100.0,4.0,12,4.0,4.0,0.0,0.0,4.0,0.0,0.0,120.0,0.05,0.25216627368744526,0.34408657077513993,0,0.0,133,2.783597286725171e-06,0,0.0,1.0,True,68.5,0.16031416238092716,37.20071111796936,10.733596673596674,139.53153778100386,0.29056963302999556,Obstacle-rich corridor with three lateral rows of alternating cylindrical obstacles.,0,0,0,0.0,0.0,0,0.0,0,0,0.0,0.0,0,0.0,0,0.0,0.0,0.0,0.0,2400,0,0.0,0,0.0,0,0.0,0,0.0,0.0,0.0,0.0,0.0,197,0.0004104166666666667,0.007195371653403723,0.015445371452730904,0.01578085633720015,0.015913429224860165,-0.015913429224860165
corridor_obstacles__proposed__N200__pl10__lat100__seed4,corridor_obstacles,proposed,200,4,0.1,100.0,4.0,12,4.0,4.0,0.0,0.0,4.0,0.0,0.0,120.0,0.05,0.29741002691187296,0.3491045720340953,0,0.0,123,2.5743042576480905e-06,0,0.0,1.0,True,68.35000000000001,0.1601602575191162,37.574996051386066,10.686704781704782,141.2847828278318,0.2942207055973174,Obstacle-rich corridor with three lateral rows of alternating cylindrical obstacles.,0,0,0,0.0,0.0,0,0.0,0,0,0.0,0.0,0,0.0,0,0.0,0.0,0.0,0.0,2400,0,0.0,0,0.0,0,0.0,0,0.0,0.0,0.0,0.0,0.0,95,0.00019791666666666666,0.004306653130373056,0.010336682956644338,0.010679938634562946,0.010895427965904814,-0.010895427965904814
corridor_obstacles__proposed__N200__pl10__lat200__seed0,corridor_obstacles,proposed,200,0,0.1,200.0,4.0,12,4.0,4.0,0.0,0.0,4.0,0.0,0.0,120.0,0.05,0.27277783876477946,0.3464961383877544,0,0.0,202,4.2277191873570265e-06,0,0.0,1.0,True,68.95,0.16446360359791087,38.05816732919557,10.708503118503119,140.1632669949904,0.29188518741147523,Obstacle-rich corridor with three lateral rows of alternating cylindrical obstacles.,0,0,0,0.0,0.0,0,0.0,0,0,0.0,0.0,0,0.0,0,0.0,0.0,0.0,0.0,2400,0,0.0,0,0.0,0,0.0,0,0.0,0.0,0.0,0.0,0.0,146,0.00030416666666666667,0.004993567370399432,0.012296653706012572,0.013151980536518384,0.013503861612245593,-0.013503861612245593
corridor_obstacles__proposed__N200__pl10__lat200__seed1,corridor_obstacles,proposed,200,1,0.1,200.0,4.0,12,4.0,4.0,0.0,0.0,4.0,0.0,0.0,120.0,0.05,0.282577904329903,0.343977925271011,0,0.0,152,3.181254041971624e-06,0,0.0,1.0,True,69.3,0.15685681462420875,37.3707610953396,10.695135135135136,139.77835754910484,0.29108362671617,Obstacle-rich corridor with three lateral rows of alternating cylindrical obstacles.,0,0,0,0.0,0.0,0,0.0,0,0,0.0,0.0,0,0.0,0,0.0,0.0,0.0,0.0,2400,0,0.0,0,0.0,0,0.0,0,0.0,0.0,0.0,0.0,0.0,173,0.00036041666666666665,0.008226083833726522,0.015931838896988015,0.01599948814674358,0.016022074728988978,-0.016022074728988978
corridor_obstacles__proposed__N200__pl10__lat200__seed2,corridor_obstacles,proposed,200,2,0.1,200.0,4.0,12,4.0,4.0,0.0,0.0,4.0,0.0,0.0,120.0,0.05,0.25496246577040205,0.35095855769938966,0,0.0,103,2.1557181994939295e-06,0,0.0,1.0,True,67.45,0.16054696776846922,37.0806285003576,10.692806652806652,138.84342061402276,0.2891366526739333,Obstacle-rich corridor with three lateral rows of alternating cylindrical obstacles.,0,0,0,0.0,0.0,0,0.0,0,0,0.0,0.0,0,0.0,0,0.0,0.0,0.0,0.0,2400,0,0.0,0,0.0,0,0.0,0,0.0,0.0,0.0,0.0,0.0,52,0.00010833333333333333,0.004428841114884042,0.008909364231128702,0.009011591308400093,0.009041442300610436,-0.009041442300610436
corridor_obstacles__proposed__N200__pl10__lat200__seed3,corridor_obstacles,proposed,200,3,0.1,200.0,4.0,12,4.0,4.0,0.0,0.0,4.0,0.0,0.0,120.0,0.05,0.22639174133188134,0.3397311904021747,0,0.0,130,2.720809378002047e-06,0,0.0,1.0,True,68.9,0.15811534182369005,37.598031447024574,10.727505197505197,139.94317025272176,0.29142684350837517,Obstacle-rich corridor with three lateral rows of alternating cylindrical obstacles.,0,0,0,0.0,0.0,0,0.0,0,0,0.0,0.0,0,0.0,0,0.0,0.0,0.0,0.0,2400,0,0.0,0,0.0,0,0.0,0,0.0,0.0,0.0,0.0,0.0,271,0.0005645833333333334,0.007931072150866565,0.020253353183747214,0.020265393012645162,0.0202688095978254,-0.0202688095978254
corridor_obstacles__proposed__N200__pl10__lat200__seed4,corridor_obstacles,proposed,200,4,0.1,200.0,4.0,12,4.0,4.0,0.0,0.0,4.0,0.0,0.0,120.0,0.05,0.2868930295982578,0.3462194936217109,0,0.0,116,2.4277991372941343e-06,0,0.0,1.0,True,70.0,0.16191077284440714,37.956790074112774,10.731340956340956,139.74348725611344,0.2910110105291825,Obstacle-rich corridor with three lateral rows of alternating cylindrical obstacles.,0,0,0,0.0,0.0,0,0.0,0,0,0.0,0.0,0,0.0,0,0.0,0.0,0.0,0.0,2400,0,0.0,0,0.0,0,0.0,0,0.0,0.0,0.0,0.0,0.0,145,0.00030208333333333335,0.007345670486687019,0.01352587325443797,0.013709105489022298,0.013780506378289203,-0.013780506378289203
corridor_obstacles__proposed__N200__pl20__lat050__seed0,corridor_obstacles,proposed,200,0,0.2,50.0,4.0,12,4.0,4.0,0.0,0.0,4.0,0.0,0.0,120.0,0.05,0.30427005426882914,0.35390514643694004,0,0.0,167,3.495193585587245e-06,0,0.0,1.0,True,68.5,0.16138301869394173,37.25904365964577,9.517172557172557,139.99305031029508,0.29153071701435873,Obstacle-rich corridor with three lateral rows of alternating cylindrical obstacles.,0,0,0,0.0,0.0,0,0.0,0,0,0.0,0.0,0,0.0,0,0.0,0.0,0.0,0.0,2400,0,0.0,0,0.0,0,0.0,0,0.0,0.0,0.0,0.0,0.0,77,0.00016041666666666667,0.003997120807861157,0.006082104269411604,0.006088905001124614,0.006094853563060054,-0.006094853563060054
corridor_obstacles__proposed__N200__pl20__lat050__seed1,corridor_obstacles,proposed,200,1,0.2,50.0,4.0,12,4.0,4.0,0.0,0.0,4.0,0.0,0.0,120.0,0.05,0.1975579266961626,0.33856387884562356,0,0.0,206,4.311436398987859e-06,0,0.0,1.0,True,69.0,0.1569931332889401,38.13426569532861,9.531600831600832,140.64399041282013,0.29288627741112067,Obstacle-rich corridor with three lateral rows of alternating cylindrical obstacles.,0,0,0,0.0,0.0,0,0.0,0,0,0.0,0.0,0,0.0,0,0.0,0.0,0.0,0.0,2400,0,0.0,0,0.0,0,0.0,0,0.0,0.0,0.0,0.0,0.0,309,0.00064375,0.011097717176752729,0.021390048743091406,0.021432317772771235,0.021436121154376542,-0.021436121154376542
corridor_obstacles__proposed__N200__pl20__lat050__seed2,corridor_obstacles,proposed,200,2,0.2,50.0,4.0,12,4.0,4.0,0.0,0.0,4.0,0.0,0.0,120.0,0.05,0.2434125097600354,0.34233695739180403,0,0.0,168,3.516122888494953e-06,0,0.0,1.0,True,68.60000000000001,0.15869248354255863,38.03391376825628,9.494303534303535,139.12533162580803,0.28972372266932117,Obstacle-rich corridor with three lateral rows of alternating cylindrical obstacles.,0,0,0,0.0,0.0,0,0.0,0,0,0.0,0.0,0,0.0,0,0.0,0.0,0.0,0.0,2400,0,0.0,0,0.0,0,0.0,0,0.0,0.0,0.0,0.0,0.0,139,0.0002895833333333333,0.01069128774996165,0.017352644995990853,0.017565321664418484,0.017663042608196067,-0.017663042608196067
corridor_obstacles__proposed__N200__pl20__lat050__seed3,corridor_obstacles,proposed,200,3,0.2,50.0,4.0,12,4.0,4.0,0.0,0.0,4.0,0.0,0.0,120.0,0.05,0.31409225016972026,0.3405285732942154,0,0.0,149,3.1184661332484997e-06,0,0.0,1.0,True,68.60000000000001,0.1640226350121759,37.923953375448576,9.515031185031186,139.50856035668403,0.2905217833333695,Obstacle-rich corridor with three lateral rows of alternating cylindrical obstacles.,0,0,0,0.0,0.0,0,0.0,0,0,0.0,0.0,0,0.0,0,0.0,0.0,0.0,0.0,2400,0,0.0,0,0.0,0,0.0,0,0.0,0.0,0.0,0.0,0.0,184,0.00038333333333333334,0.009357905673535283,0.019420378928999858,0.0194554785539707,0.019471426705784722,-0.019471426705784722
corridor_obstacles__proposed__N200__pl20__lat050__seed4,corridor_obstacles,proposed,200,4,0.2,50.0,4.0,12,4.0,4.0,0.0,0.0,4.0,0.0,0.0,120.0,0.05,0.24153431784328946,0.3423029069690853,0,0.0,116,2.4277991372941343e-06,0,0.0,1.0,True,68.8,0.16301643174473882,37.558557250678255,9.514147609147608,142.19584693107754,0.29611796528754175,Obstacle-rich corridor with three lateral rows of alternating cylindrical obstacles.,0,0,0,0.0,0.0,0,0.0,0,0,0.0,0.0,0,0.0,0,0.0,0.0,0.0,0.0,2400,0,0.0,0,0.0,0,0.0,0,0.0,0.0,0.0,0.0,0.0,86,0.00017916666666666667,0.010225459248254685,0.0176848963634893,0.017692499295963216,0.017697093030914823,-0.017697093030914823
corridor_obstacles__proposed__N200__pl40__lat050__seed0,corridor_obstacles,proposed,200,0,0.4,50.0,4.0,12,4.0,4.0,0.0,0.0,4.0,0.0,0.0,120.0,0.05,0.21388373849926157,0.3527774469434619,0,0.0,219,4.583517336788064e-06,0,0.0,1.0,True,68.65,0.1600120072870841,37.41120282926807,7.140686070686071,139.87808631313965,0.29129130844052403,Obstacle-rich corridor with three lateral rows of alternating cylindrical obstacles.,0,0,0,0.0,0.0,0,0.0,0,0,0.0,0.0,0,0.0,0,0.0,0.0,0.0,0.0,2400,0,0.0,0,0.0,0,0.0,0,0.0,0.0,0.0,0.0,0.0,204,0.000425,0.004013732557271537,0.006361493142146934,0.00697751197501725,0.0072225530565381835,-0.0072225530565381835
corridor_obstacles__proposed__N200__pl40__lat050__seed1,corridor_obstacles,proposed,200,1,0.4,50.0,4.0,12,4.0,4.0,0.0,0.0,4.0,0.0,0.0,120.0,0.05,0.22037009174966285,0.3460499639912109,0,0.0,241,5.043962000757641e-06,0,0.0,1.0,True,69.2,0.16175433113821072,37.74538436632554,7.137380457380457,139.5615793080069,0.290632193477732,Obstacle-rich corridor with three lateral rows of alternating cylindrical obstacles.,0,0,0,0.0,0.0,0,0.0,0,0,0.0,0.0,0,0.0,0,0.0,0.0,0.0,0.0,2400,0,0.0,0,0.0,0,0.0,0,0.0,0.0,0.0,0.0,0.0,104,0.00021666666666666666,0.00862109046660377,0.013932181621247264,0.013945283531289014,0.01395003600878919,-0.01395003600878919
corridor_obstacles__proposed__N200__pl40__lat050__seed2,corridor_obstacles,proposed,200,2,0.4,50.0,4.0,12,4.0,4.0,0.0,0.0,4.0,0.0,0.0,120.0,0.05,0.2649170741804428,0.3468814089129114,0,0.0,231,4.83466897168056e-06,0,0.0,1.0,True,68.45,0.15487458039316734,37.403670827495596,7.119043659043659,138.42602046299726,0.28826743120157694,Obstacle-rich corridor with three lateral rows of alternating cylindrical obstacles.,0,0,0,0.0,0.0,0,0.0,0,0,0.0,0.0,0,0.0,0,0.0,0.0,0.0,0.0,2400,0,0.0,0,0.0,0,0.0,0,0.0,0.0,0.0,0.0,0.0,142,0.00029583333333333333,0.005103767801091935,0.010627148462482338,0.012430491621363149,0.013118591087088571,-0.013118591087088571
corridor_obstacles__proposed__N200__pl40__lat050__seed3,corridor_obstacles,proposed,200,3,0.4,50.0,4.0,12,4.0,4.0,0.0,0.0,4.0,0.0,0.0,120.0,0.05,0.29182747856362373,0.3474086866805124,0,0.0,207,4.332365701895567e-06,0,0.0,1.0,True,68.15,0.1552398119737452,37.12113509042622,7.132432432432433,139.76106913713738,0.2910476241922894,Obstacle-rich corridor with three lateral rows of alternating cylindrical obstacles.,0,0,0,0.0,0.0,0,0.0,0,0,0.0,0.0,0,0.0,0,0.0,0.0,0.0,0.0,2400,0,0.0,0,0.0,0,0.0,0,0.0,0.0,0.0,0.0,0.0,192,0.0004,0.006274664994987476,0.012541957903704016,0.012579094912096765,0.012591313319487707,-0.012591313319487707
corridor_obstacles__proposed__N200__pl40__lat050__seed4,corridor_obstacles,proposed,200,4,0.4,50.0,4.0,12,4.0,4.0,0.0,0.0,4.0,0.0,0.0,120.0,0.05,0.2419725613100482,0.35185376412622194,0,0.0,291,6.090427146143044e-06,0,0.0,1.0,True,68.7,0.1617295244076737,37.72130626351868,7.137297297297297,138.62573751388118,0.28868333509762845,Obstacle-rich corridor with three lateral rows of alternating cylindrical obstacles.,0,0,0,0.0,0.0,0,0.0,0,0,0.0,0.0,0,0.0,0,0.0,0.0,0.0,0.0,2400,0,0.0,0,0.0,0,0.0,0,0.0,0.0,0.0,0.0,0.0,153,0.00031875,0.004068783600191687,0.008085479314554967,0.008130845726280214,0.008146235873778052,-0.008146235873778052
corridor_obstacles__proposed__N500__pl00__lat000__seed0,corridor_obstacles,proposed,500,0,0.0,0.0,4.0,12,4.0,4.0,0.0,0.0,4.0,0.0,0.0,120.0,0.05,0.24868352423716064,0.29296765925645996,0,0.0,1283,4.2834523691280935e-06,0,0.0,1.0,True,76.2,0.24842466173413322,59.023154127167416,11.968299376299376,348.4317038799636,0.29023882039147325,Obstacle-rich corridor with three lateral rows of alternating cylindrical obstacles.,0,0,0,0.0,0.0,0,0.0,0,0,0.0,0.0,0,0.0,0,0.0,0.0,0.0,0.0,2400,0,0.0,0,0.0,0,0.0,0,0.0,0.0,0.0,0.0,0.0,1019,0.0008491666666666667,0.022333592440701548,0.06536930277342118,0.06689572480724001,0.06703234074354003,-0.06703234074354003
corridor_obstacles__proposed__N500__pl00__lat000__seed1,corridor_obstacles,proposed,500,1,0.0,0.0,4.0,12,4.0,4.0,0.0,0.0,4.0,0.0,0.0,120.0,0.05,0.19567136725918438,0.29996900688732053,0,0.0,1436,4.794261576046721e-06,0,0.0,1.0,True,76.7,0.24771732315654027,58.72814574081377,11.97389604989605,355.33384184911847,0.2959882064549092,Obstacle-rich corridor with three lateral rows of alternating cylindrical obstacles.,0,0,0,0.0,0.0,0,0.0,0,0,0.0,0.0,0,0.0,0,0.0,0.0,0.0,0.0,2400,0,0.0,0,0.0,0,0.0,0,0.0,0.0,0.0,0.0,0.0,937,0.0007808333333333334,0.021449664025030048,0.05322822356300713,0.05896802149904151,0.060030993112679454,-0.060030993112679454
corridor_obstacles__proposed__N500__pl00__lat000__seed2,corridor_obstacles,proposed,500,2,0.0,0.0,4.0,12,4.0,4.0,0.0,0.0,4.0,0.0,0.0,120.0,0.05,0.21176552403158141,0.29982528959719235,0,0.0,1723,5.7524461668025766e-06,0,0.0,1.0,True,76.35000000000001,0.2468026907389891,59.631718911009166,11.973297297297297,356.76127699483186,0.2971772403122298,Obstacle-rich corridor with three lateral rows of alternating cylindrical obstacles.,0,0,0,0.0,0.0,0,0.0,0,0,0.0,0.0,0,0.0,0,0.0,0.0,0.0,0.0,2400,0,0.0,0,0.0,0,0.0,0,0.0,0.0,0.0,0.0,0.0,946,0.0007883333333333334,0.014394757951502229,0.05235348053605754,0.05931833806147877,0.06017471040280764,-0.06017471040280764
corridor_obstacles__proposed__N500__pl00__lat000__seed3,corridor_obstacles,proposed,500,3,0.0,0.0,4.0,12,4.0,4.0,0.0,0.0,4.0,0.0,0.0,120.0,0.05,0.23579513592745077,0.2976200197029174,0,0.0,1509,5.037981001569987e-06,0,0.0,1.0,True,76.55,0.24307013112144657,59.391656194863884,11.973022869022868,351.4600624931045,0.2927614014936314,Obstacle-rich corridor with three lateral rows of alternating cylindrical obstacles.,0,0,0,0.0,0.0,0,0.0,0,0,0.0,0.0,0,0.0,0,0.0,0.0,0.0,0.0,2400,0,0.0,0,0.0,0,0.0,0,0.0,0.0,0.0,0.0,0.0,794,0.0006616666666666666,0.025739945843849952,0.06088347073208024,0.06187473782126712,0.06237998029708258,-0.06237998029708258
corridor_obstacles__proposed__N500__pl00__lat000__seed4,corridor_obstacles,proposed,500,4,0.0,0.0,4.0,12,4.0,4.0,0.0,0.0,4.0,0.0,0.0,120.0,0.05,0.1943908887582729,0.30875336301739686,0,0.0,1691,5.6456102542444325e-06,0,0.0,0.998,True,77.05000000000001,0.2528973378633454,59.630027667954835,11.95229106029106,356.00635216897354,0.29654839830818286,Obstacle-rich corridor with three lateral rows of alternating cylindrical obstacles.,0,0,0,0.0,0.0,0,0.0,0,0,0.0,0.0,0,0.0,0,0.0,0.0,0.0,0.0,2400,0,0.0,0,0.0,0,0.0,0,0.0,0.0,0.0,0.0,0.0,816,0.00068,0.018201139919800092,0.047514148173684045,0.05091183856451964,0.05124663698260323,-0.05124663698260323
corridor_obstacles__proposed__N500__pl00__lat100__seed0,corridor_obstacles,proposed,500,0,0.0,100.0,4.0,12,4.0,4.0,0.0,0.0,4.0,0.0,0.0,120.0,0.05,0.269030920237191,0.2928015893767112,0,0.0,1323,4.416997259825774e-06,0,0.0,0.998,True,76.3,0.2464918190798767,60.26137370430561,11.970411642411642,351.48520504683256,0.29278234489532073,Obstacle-rich corridor with three lateral rows of alternating cylindrical obstacles.,0,0,0,0.0,0.0,0,0.0,0,0,0.0,0.0,0,0.0,0,0.0,0.0,0.0,0.0,2400,0,0.0,0,0.0,0,0.0,0,0.0,0.0,0.0,0.0,0.0,1036,0.0008633333333333334,0.022145157519957,0.06533581531797666,0.06706465857958241,0.0671984106232888,-0.0671984106232888
corridor_obstacles__proposed__N500__pl00__lat100__seed1,corridor_obstacles,proposed,500,1,0.0,100.0,4.0,12,4.0,4.0,0.0,0.0,4.0,0.0,0.0,120.0,0.05,0.25465930939725673,0.2998100132061986,0,0.0,1547,5.1648486477327835e-06,0,0.0,1.0,True,76.5,0.25101177334855235,60.168226096337406,11.976760914760915,347.84620827715844,0.28975111060154807,Obstacle-rich corridor with three lateral rows of alternating cylindrical obstacles.,0,0,0,0.0,0.0,0,0.0,0,0,0.0,0.0,0,0.0,0,0.0,0.0,0.0,0.0,2400,0,0.0,0,0.0,0,0.0,0,0.0,0.0,0.0,0.0,0.0,836,0.0006966666666666666,0.02254528573027979,0.05413810176316097,0.05932473193765591,0.06018998679380139,-0.06018998679380139
corridor_obstacles__proposed__N500__pl00__lat100__seed2,corridor_obstacles,proposed,500,2,0.0,100.0,4.0,12,4.0,4.0,0.0,0.0,4.0,0.0,0.0,120.0,0.05,0.20807474294124062,0.2997481722596943,0,0.0,1617,5.398552206453724e-06,0,0.0,1.0,True,77.15,0.25305293361093717,60.62245244109326,11.974149688149689,355.57903504697606,0.29619244901872227,Obstacle-rich corridor with three lateral rows of alternating cylindrical obstacles.,0,0,0,0.0,0.0,0,0.0,0,0,0.0,0.0,0,0.0,0,0.0,0.0,0.0,0.0,2400,0,0.0,0,0.0,0,0.0,0,0.0,0.0,0.0,0.0,0.0,939,0.0007825,0.01572303955854325,0.0522703159880019,0.05935257071669798,0.060251827740305686,-0.060251827740305686
corridor_obstacles__proposed__N500__pl00__lat100__seed3,corridor_obstacles,proposed,500,3,0.0,100.0,4.0,12,4.0,4.0,0.0,0.0,4.0,0.0,0.0,120.0,0.05,0.19749363592315605,0.29747885928678197,0,0.0,1645,5.4920336299421e-06,0,0.0,0.998,True,76.10000000000001,0.24672252033503128,59.212959677670774,11.971758835758836,354.65530297812074,0.29542299290139173,Obstacle-rich corridor with three lateral rows of alternating cylindrical obstacles.,0,0,0,0.0,0.0,0,0.0,0,0,0.0,0.0,0,0.0,0,0.0,0.0,0.0,0.0,2400,0,0.0,0,0.0,0,0.0,0,0.0,0.0,0.0,0.0,0.0,771,0.0006425,0.026707650303794486,0.061029192790681086,0.062039737232287416,0.06252114071321802,-0.06252114071321802
corridor_obstacles__proposed__N500__pl00__lat100__seed4,corridor_obstacles,proposed,500,4,0.0,100.0,4.0,12,4.0,4.0,0.0,0.0,4.0,0.0,0.0,120.0,0.05,0.196929693801426,0.3088004533341535,0,0.0,1524,5.088060335581617e-06,0,0.0,1.0,True,76.85000000000001,0.2510143547692464,60.119080756555555,11.960723492723492,352.8441685992293,0.29391434285650087,Obstacle-rich corridor with three lateral rows of alternating cylindrical obstacles.,0,0,0,0.0,0.0,0,0.0,0,0,0.0,0.0,0,0.0,0,0.0,0.0,0.0,0.0,2400,0,0.0,0,0.0,0,0.0,0,0.0,0.0,0.0,0.0,0.0,1145,0.0009541666666666666,0.014682692577116808,0.04612605876013816,0.050579350890241855,0.051199546665846585,-0.051199546665846585
corridor_obstacles__proposed__N500__pl20__lat000__seed0,corridor_obstacles,proposed,500,0,0.2,0.0,4.0,12,4.0,4.0,0.0,0.0,4.0,0.0,0.0,120.0,0.05,0.2134432008485177,0.297758700126319,0,0.0,2098,7.004429517093329e-06,0,0.0,1.0,True,76.65,0.24252904853632734,62.64881647418121,9.563929313929314,347.7020630920306,0.28963103964350734,Obstacle-rich corridor with three lateral rows of alternating cylindrical obstacles.,0,0,0,0.0,0.0,0,0.0,0,0,0.0,0.0,0,0.0,0,0.0,0.0,0.0,0.0,2400,0,0.0,0,0.0,0,0.0,0,0.0,0.0,0.0,0.0,0.0,1235,0.0010291666666666667,0.021869873361870625,0.05955214597845934,0.061941031406133974,0.06224129987368099,-0.06224129987368099
corridor_obstacles__proposed__N500__pl20__lat000__seed1,corridor_obstacles,proposed,500,1,0.2,0.0,4.0,12,4.0,4.0,0.0,0.0,4.0,0.0,0.0,120.0,0.05,0.20764998169197468,0.3038756962703265,0,0.0,1936,6.463572709767724e-06,0,0.0,1.0,True,76.10000000000001,0.24144216617123557,61.89691124440198,9.579950103950104,355.85707995900884,0.2964240566089203,Obstacle-rich corridor with three lateral rows of alternating cylindrical obstacles.,0,0,0,0.0,0.0,0,0.0,0,0,0.0,0.0,0,0.0,0,0.0,0.0,0.0,0.0,2400,0,0.0,0,0.0,0,0.0,0,0.0,0.0,0.0,0.0,0.0,791,0.0006591666666666666,0.020308233192874125,0.04949334143271478,0.05506571801436686,0.056124303729673475,-0.056124303729673475
corridor_obstacles__proposed__N500__pl20__lat000__seed2,corridor_obstacles,proposed,500,2,0.2,0.0,4.0,12,4.0,4.0,0.0,0.0,4.0,0.0,0.0,120.0,0.05,0.21832745015883911,0.3013176083370319,0,0.0,1701,5.6789964769188525e-06,0,0.0,1.0,True,76.65,0.2422987235578301,62.796446603647574,9.565783783783784,357.4941817461513,0.2977877398968357,Obstacle-rich corridor with three lateral rows of alternating cylindrical obstacles.,0,0,0,0.0,0.0,0,0.0,0,0,0.0,0.0,0,0.0,0,0.0,0.0,0.0,0.0,2400,0,0.0,0,0.0,0,0.0,0,0.0,0.0,0.0,0.0,0.0,927,0.0007725,0.014714367610233155,0.054167103066285444,0.05798056004745401,0.05868239166296818,-0.05868239166296818
corridor_obstacles__proposed__N500__pl20__lat000__seed3,corridor_obstacles,proposed,500,3,0.2,0.0,4.0,12,4.0,4.0,0.0,0.0,4.0,0.0,0.0,120.0,0.05,0.22964946311996637,0.30467806074710924,0,0.0,2224,7.425095922791022e-06,0,0.0,0.998,True,75.7,0.24382124124075968,62.144600426830955,9.574079002079001,348.6143012512475,0.29039092149208456,Obstacle-rich corridor with three lateral rows of alternating cylindrical obstacles.,0,0,0,0.0,0.0,0,0.0,0,0,0.0,0.0,0,0.0,0,0.0,0.0,0.0,0.0,2400,0,0.0,0,0.0,0,0.0,0,0.0,0.0,0.0,0.0,0.0,913,0.0007608333333333333,0.020132082876118455,0.0531828394728389,0.055080827335335654,0.05532193925289075,-0.05532193925289075
corridor_obstacles__proposed__N500__pl20__lat000__seed4,corridor_obstacles,proposed,500,4,0.2,0.0,4.0,12,4.0,4.0,0.0,0.0,4.0,0.0,0.0,120.0,0.05,0.20167594236220365,0.3078208135877023,0,0.0,2197,7.334953121570088e-06,0,0.0,1.0,True,75.75,0.23885588667214364,63.077719742098616,9.57027027027027,353.75230564922094,0.2946708085374602,Obstacle-rich corridor with three lateral rows of alternating cylindrical obstacles.,0,0,0,0.0,0.0,0,0.0,0,0,0.0,0.0,0,0.0,0,0.0,0.0,0.0,0.0,2400,0,0.0,0,0.0,0,0.0,0,0.0,0.0,0.0,0.0,0.0,819,0.0006825,0.022159338645047474,0.045920203824499885,0.052026437487473126,0.052179186412297796,-0.052179186412297796
corridor_obstacles__proposed__N500__pl20__lat100__seed0,corridor_obstacles,proposed,500,0,0.2,100.0,4.0,12,4.0,4.0,0.0,0.0,4.0,0.0,0.0,120.0,0.05,0.2177614227543459,0.3000905974922782,0,0.0,1925,6.426847864825861e-06,0,0.0,1.0,True,76.05,0.24122945783804664,62.45808991420373,9.577155925155925,354.02699212078005,0.294899618592903,Obstacle-rich corridor with three lateral rows of alternating cylindrical obstacles.,0,0,0,0.0,0.0,0,0.0,0,0,0.0,0.0,0,0.0,0,0.0,0.0,0.0,0.0,2400,0,0.0,0,0.0,0,0.0,0,0.0,0.0,0.0,0.0,0.0,1206,0.001005,0.023012234773236828,0.05876432004625182,0.05942067949488513,0.05990940250772181,-0.05990940250772181
corridor_obstacles__proposed__N500__pl20__lat100__seed1,corridor_obstacles,proposed,500,1,0.2,100.0,4.0,12,4.0,4.0,0.0,0.0,4.0,0.0,0.0,120.0,0.05,0.22197365837544242,0.3035567362825392,0,0.0,1983,6.620487956337498e-06,0,0.0,0.998,True,75.55,0.24328205773372452,62.16752568028051,9.580981288981288,354.97301870491356,0.29568764573503836,Obstacle-rich corridor with three lateral rows of alternating cylindrical obstacles.,0,0,0,0.0,0.0,0,0.0,0,0,0.0,0.0,0,0.0,0,0.0,0.0,0.0,0.0,2400,0,0.0,0,0.0,0,0.0,0,0.0,0.0,0.0,0.0,0.0,789,0.0006575,0.020936299065497033,0.04966355109592596,0.05537086595466681,0.05644326371746078,-0.05644326371746078
corridor_obstacles__proposed__N500__pl20__lat100__seed2,corridor_obstacles,proposed,500,2,0.2,100.0,4.0,12,4.0,4.0,0.0,0.0,4.0,0.0,0.0,120.0,0.05,0.2267266733218165,0.3014756912929627,0,0.0,2004,6.69059902395378e-06,0,0.0,1.0,True,76.05,0.24135223841158962,63.34778762733506,9.581825363825363,354.3545954488218,0.2951725076624921,Obstacle-rich corridor with three lateral rows of alternating cylindrical obstacles.,0,0,0,0.0,0.0,0,0.0,0,0,0.0,0.0,0,0.0,0,0.0,0.0,0.0,0.0,2400,0,0.0,0,0.0,0,0.0,0,0.0,0.0,0.0,0.0,0.0,767,0.0006391666666666667,0.01646021609193471,0.055536998380646845,0.058145782937934334,0.05852430870703729,-0.05852430870703729
corridor_obstacles__proposed__N500__pl20__lat100__seed3,corridor_obstacles,proposed,500,3,0.2,100.0,4.0,12,4.0,4.0,0.0,0.0,4.0,0.0,0.0,120.0,0.05,0.2174814128934371,0.3049384724388392,0,0.0,2319,7.742265038198013e-06,0,0.0,1.0,True,75.9,0.24327145813794532,62.5224064847027,9.566627858627859,356.6088635236956,0.2970502819855857,Obstacle-rich corridor with three lateral rows of alternating cylindrical obstacles.,0,0,0,0.0,0.0,0,0.0,0,0,0.0,0.0,0,0.0,0,0.0,0.0,0.0,0.0,2400,0,0.0,0,0.0,0,0.0,0,0.0,0.0,0.0,0.0,0.0,897,0.0007475,0.023013822221323137,0.05177637900330971,0.0541011450756532,0.055061527561160784,-0.055061527561160784
corridor_obstacles__proposed__N500__pl20__lat100__seed4,corridor_obstacles,proposed,500,4,0.2,100.0,4.0,12,4.0,4.0,0.0,0.0,4.0,0.0,0.0,120.0,0.05,0.17633955403338167,0.2956134360746827,0,0.0,2140,7.144651652325893e-06,0,0.0,1.0,True,75.95,0.23831480003129238,62.39635499059467,9.577413721413722,354.287094831001,0.29511628057559436,Obstacle-rich corridor with three lateral rows of alternating cylindrical obstacles.,0,0,0,0.0,0.0,0,0.0,0,0,0.0,0.0,0,0.0,0,0.0,0.0,0.0,0.0,2400,0,0.0,0,0.0,0,0.0,0,0.0,0.0,0.0,0.0,0.0,1224,0.00102,0.01804966533135802,0.04595043080892819,0.06414428749480415,0.06438656392531739,-0.06438656392531739
corridor_obstacles__proposed__N1000__pl00__lat000__seed0,corridor_obstacles,proposed,1000,0,0.0,0.0,4.0,12,4.0,4.0,0.0,0.0,4.0,0.0,0.0,120.0,0.05,0.21072054171207336,0.2712544654898835,0,0.0,8532,7.114152886747639e-06,0,0.0,0.995,True,88.95,0.34061779993974584,104.28762214673687,11.98579002079002,712.9298604517244,0.296930387526749,Obstacle-rich corridor with three lateral rows of alternating cylindrical obstacles.,0,0,0,0.0,0.0,0,0.0,0,0,0.0,0.0,0,0.0,0,0.0,0.0,0.0,0.0,2400,0,0.0,0,0.0,0,0.0,0,0.0,0.0,0.0,0.0,0.0,1824,0.00076,0.04165879928281953,0.07993117722451364,0.08257063130716542,0.08874553451011646,-0.08874553451011646
corridor_obstacles__proposed__N1000__pl00__lat000__seed1,corridor_obstacles,proposed,1000,1,0.0,0.0,4.0,12,4.0,4.0,0.0,0.0,4.0,0.0,0.0,120.0,0.05,0.164549380547122,0.2495613970804802,0,0.0,8154,6.798968898094262e-06,0,0.0,0.994,True,88.4,0.3455287945310568,105.4772424915861,11.984692307692308,706.6978268232197,0.29433478834786325,Obstacle-rich corridor with three lateral rows of alternating cylindrical obstacles.,0,0,0,0.0,0.0,0,0.0,0,0,0.0,0.0,0,0.0,0,0.0,0.0,0.0,0.0,2400,0,0.0,0,0.0,0,0.0,0,0.0,0.0,0.0,0.0,0.0,2031,0.00084625,0.04864202177498679,0.0972985416487252,0.1099634592914567,0.1104386029195199,-0.1104386029195199
corridor_obstacles__proposed__N1000__pl00__lat000__seed2,corridor_obstacles,proposed,1000,2,0.0,0.0,4.0,12,4.0,4.0,0.0,0.0,4.0,0.0,0.0,120.0,0.05,0.20151730141855206,0.2585139400989144,0,0.0,8495,7.083301543942943e-06,0,0.0,0.996,True,88.65,0.34276469785837566,105.49473510076334,11.990093555093555,715.5192673597485,0.29800885770918306,Obstacle-rich corridor with three lateral rows of alternating cylindrical obstacles.,0,0,0,0.0,0.0,0,0.0,0,0,0.0,0.0,0,0.0,0,0.0,0.0,0.0,0.0,2400,0,0.0,0,0.0,0,0.0,0,0.0,0.0,0.0,0.0,0.0,1744,0.0007266666666666667,0.03843471289740764,0.09227394027846884,0.1004831943811522,0.10148605990108561,-0.10148605990108561
corridor_obstacles__proposed__N1000__pl00__lat000__seed3,corridor_obstacles,proposed,1000,3,0.0,0.0,4.0,12,4.0,4.0,0.0,0.0,4.0,0.0,0.0,120.0,0.05,0.20914364377748057,0.24415251960441475,0,0.0,8826,7.359295989033598e-06,0,0.0,0.993,True,87.30000000000001,0.34616290624999135,104.90944552386259,11.991648648648649,706.3227206040174,0.2941785591853467,Obstacle-rich corridor with three lateral rows of alternating cylindrical obstacles.,0,0,0,0.0,0.0,0,0.0,0,0,0.0,0.0,0,0.0,0,0.0,0.0,0.0,0.0,2400,0,0.0,0,0.0,0,0.0,0,0.0,0.0,0.0,0.0,0.0,2107,0.0008779166666666667,0.04696262464418248,0.11233735524634475,0.11527561660072543,0.11584748039558534,-0.11584748039558534
corridor_obstacles__proposed__N1000__pl00__lat000__seed4,corridor_obstacles,proposed,1000,4,0.0,0.0,4.0,12,4.0,4.0,0.0,0.0,4.0,0.0,0.0,120.0,0.05,0.17037374966683724,0.23499040417691297,0,0.0,7327,6.109399695405526e-06,0,0.0,0.995,True,87.35000000000001,0.3418206556239482,104.10239256297558,11.992494802494802,700.8653751607053,0.2919056123118306,Obstacle-rich corridor with three lateral rows of alternating cylindrical obstacles.,0,0,0,0.0,0.0,0,0.0,0,0,0.0,0.0,0,0.0,0,0.0,0.0,0.0,0.0,2400,0,0.0,0,0.0,0,0.0,0,0.0,0.0,0.0,0.0,0.0,1936,0.0008066666666666667,0.0573228435681105,0.10927112278896897,0.1234590918400343,0.12500959582308713,-0.12500959582308713
corridor_obstacles__proposed__N1000__pl00__lat100__seed0,corridor_obstacles,proposed,1000,0,0.0,100.0,4.0,12,4.0,4.0,0.0,0.0,4.0,0.0,0.0,120.0,0.05,0.221979256753963,0.26662139326181966,0,0.0,7671,6.396233801481615e-06,0,0.0,0.995,True,87.25,0.34346032907952734,106.21947696051159,11.985738045738046,709.8592267376371,0.295651489686646,Obstacle-rich corridor with three lateral rows of alternating cylindrical obstacles.,0,0,0,0.0,0.0,0,0.0,0,0,0.0,0.0,0,0.0,0,0.0,0.0,0.0,0.0,2400,0,0.0,0,0.0,0,0.0,0,0.0,0.0,0.0,0.0,0.0,1732,0.0007216666666666667,0.04207355492131946,0.07993859732247492,0.09245568274974682,0.09337860673818033,-0.09337860673818033
corridor_obstacles__proposed__N1000__pl00__lat100__seed1,corridor_obstacles,proposed,1000,1,0.0,100.0,4.0,12,4.0,4.0,0.0,0.0,4.0,0.0,0.0,120.0,0.05,0.20314804192212166,0.24549232357885087,0,0.0,7366,6.141918678361827e-06,0,0.0,0.993,True,87.7,0.33910353039539337,105.99907187963704,11.989929313929315,701.4345159153454,0.2921426555249252,Obstacle-rich corridor with three lateral rows of alternating cylindrical obstacles.,0,0,0,0.0,0.0,0,0.0,0,0,0.0,0.0,0,0.0,0,0.0,0.0,0.0,0.0,2400,0,0.0,0,0.0,0,0.0,0,0.0,0.0,0.0,0.0,0.0,1872,0.00078,0.053180468771913424,0.09745439937417053,0.11353429297171971,0.11450767642114923,-0.11450767642114923
corridor_obstacles__proposed__N1000__pl00__lat100__seed2,corridor_obstacles,proposed,1000,2,0.0,100.0,4.0,12,4.0,4.0,0.0,0.0,4.0,0.0,0.0,120.0,0.05,0.2022407212987563,0.25766016045655193,0,0.0,9101,7.588596509879309e-06,0,0.0,0.996,True,87.35000000000001,0.33989964883607937,107.12121476891436,11.982197505197504,706.7857536431402,0.29437140926411504,Obstacle-rich corridor with three lateral rows of alternating cylindrical obstacles.,0,0,0,0.0,0.0,0,0.0,0,0,0.0,0.0,0,0.0,0,0.0,0.0,0.0,0.0,2400,0,0.0,0,0.0,0,0.0,0,0.0,0.0,0.0,0.0,0.0,1905,0.00079375,0.033082363601144055,0.09373176610719605,0.10147756168497837,0.10233983954344805,-0.10233983954344805
corridor_obstacles__proposed__N1000__pl00__lat100__seed3,corridor_obstacles,proposed,1000,3,0.0,100.0,4.0,12,4.0,4.0,0.0,0.0,4.0,0.0,0.0,120.0,0.05,0.19870641924679705,0.26315079740545944,0,0.0,9198,7.66947705723216e-06,0,0.0,0.992,True,88.10000000000001,0.33876050217415266,106.26445326049313,11.989738045738045,706.5874468991533,0.2942888158680355,Obstacle-rich corridor with three lateral rows of alternating cylindrical obstacles.,0,0,0,0.0,0.0,0,0.0,0,0,0.0,0.0,0,0.0,0,0.0,0.0,0.0,0.0,2400,0,0.0,0,0.0,0,0.0,0,0.0,0.0,0.0,0.0,0.0,2052,0.000855,0.04594249027905933,0.09432020994963064,0.09626678530597675,0.09684920259454066,-0.09684920259454066
corridor_obstacles__proposed__N1000__pl00__lat100__seed4,corridor_obstacles,proposed,1000,4,0.0,100.0,4.0,12,4.0,4.0,0.0,0.0,4.0,0.0,0.0,120.0,0.05,0.16334643494400383,0.22169611814505152,0,0.0,8647,7.210042195464936e-06,0,0.0,0.997,True,87.65,0.34303891370535017,107.60575765884474,11.989758835758836,684.5822670152411,0.28512380966898837,Obstacle-rich corridor with three lateral rows of alternating cylindrical obstacles.,0,0,0,0.0,0.0,0,0.0,0,0,0.0,0.0,0,0.0,0,0.0,0.0,0.0,0.0,2400,0,0.0,0,0.0,0,0.0,0,0.0,0.0,0.0,0.0,0.0,2017,0.0008404166666666667,0.05583622949124692,0.11421084881531943,0.1367474758399948,0.13830388185494857,-0.13830388185494857
corridor_obstacles__proposed__N1000__pl20__lat000__seed0,corridor_obstacles,proposed,1000,0,0.2,0.0,4.0,12,4.0,4.0,0.0,0.0,4.0,0.0,0.0,120.0,0.05,0.183333527445633,0.28709764929704507,0,0.0,10043,8.374055021285342e-06,0,0.0,0.995,True,87.2,0.33298836564876716,110.3418755874881,9.589677754677755,685.1897225929424,0.28537681074258325,Obstacle-rich corridor with three lateral rows of alternating cylindrical obstacles.,0,0,0,0.0,0.0,0,0.0,0,0,0.0,0.0,0,0.0,0,0.0,0.0,0.0,0.0,2400,0,0.0,0,0.0,0,0.0,0,0.0,0.0,0.0,0.0,0.0,1107,0.00046125,0.02545584740547912,0.06998033966853079,0.07280987857165716,0.07290235070295492,-0.07290235070295492
corridor_obstacles__proposed__N1000__pl20__lat000__seed1,corridor_obstacles,proposed,1000,1,0.2,0.0,4.0,12,4.0,4.0,0.0,0.0,4.0,0.0,0.0,120.0,0.05,0.1872376790070915,0.287871111266358,0,0.0,11250,9.38047585277906e-06,0,0.0,0.995,True,87.95,0.3331723030583414,108.78148872394242,9.583051975051974,683.9984381031245,0.28488064893924386,Obstacle-rich corridor with three lateral rows of alternating cylindrical obstacles.,0,0,0,0.0,0.0,0,0.0,0,0,0.0,0.0,0,0.0,0,0.0,0.0,0.0,0.0,2400,0,0.0,0,0.0,0,0.0,0,0.0,0.0,0.0,0.0,0.0,1108,0.00046166666666666665,0.02701419096414549,0.06979515169211033,0.07201034725847542,0.07212888873364198,-0.07212888873364198
corridor_obstacles__proposed__N1000__pl20__lat000__seed2,corridor_obstacles,proposed,1000,2,0.2,0.0,4.0,12,4.0,4.0,0.0,0.0,4.0,0.0,0.0,120.0,0.05,0.108187657028216,0.29881590699360017,2,1.6676401516051662e-09,11090,9.247064640650647e-06,0,0.0,0.997,False,87.35000000000001,0.33193083004683815,109.93298912009641,9.594794178794178,682.8908687136136,0.2844193538998807,Obstacle-rich corridor with three lateral rows of alternating cylindrical obstacles.,0,0,0,0.0,0.0,0,0.0,0,0,0.0,0.0,0,0.0,0,0.0,0.0,0.0,0.0,2400,2,1.668335001668335e-09,0,0.0,4,3.33667000333667e-09,8,3.3333333333333333e-06,0.022473084597101955,0.03165269619323323,0.03178041361607383,0.03181234297178398,1259,0.0005245833333333333,0.01914083096451536,0.04837542207573738,0.06037362326229882,0.06118409300639982,-0.06118409300639982
corridor_obstacles__proposed__N1000__pl20__lat000__seed3,corridor_obstacles,proposed,1000,3,0.2,0.0,4.0,12,4.0,4.0,0.0,0.0,4.0,0.0,0.0,120.0,0.05,0.1952380531506082,0.2794085946796142,0,0.0,10886,9.07696534518692e-06,0,0.0,0.996,True,87.75,0.3340658644030049,109.18857825200392,9.590972972972972,684.5260740378872,0.28510040568008627,Obstacle-rich corridor with three lateral rows of alternating cylindrical obstacles.,0,0,0,0.0,0.0,0,0.0,0,0,0.0,0.0,0,0.0,0,0.0,0.0,0.0,0.0,2400,0,0.0,0,0.0,0,0.0,0,0.0,0.0,0.0,0.0,0.0,1017,0.00042375,0.028035615942888566,0.07065757442043444,0.07972582548898055,0.08059140532038578,-0.08059140532038578
corridor_obstacles__proposed__N1000__pl20__lat000__seed4,corridor_obstacles,proposed,1000,4,0.2,0.0,4.0,12,4.0,4.0,0.0,0.0,4.0,0.0,0.0,120.0,0.05,0.20660054358264582,0.30397727674454533,0,0.0,10474,8.733431473956256e-06,0,0.0,0.995,True,88.2,0.3316262767718409,109.30087483736784,9.582686070686071,686.9663534192368,0.28611676527248514,Obstacle-rich corridor with three lateral rows of alternating cylindrical obstacles.,0,0,0,0.0,0.0,0,0.0,0,0,0.0,0.0,0,0.0,0,0.0,0.0,0.0,0.0,2400,0,0.0,0,0.0,0,0.0,0,0.0,0.0,0.0,0.0,0.0,957,0.00039875,0.018056323617698843,0.05408621499350023,0.05557171039716385,0.056022723255454654,-0.056022723255454654
corridor_obstacles__proposed__N1000__pl20__lat100__seed0,corridor_obstacles,proposed,1000,0,0.2,100.0,4.0,12,4.0,4.0,0.0,0.0,4.0,0.0,0.0,120.0,0.05,0.12809606153954706,0.29110953076520285,0,0.0,10766,8.97690693609061e-06,0,0.0,0.997,True,87.55000000000001,0.3357363237565134,109.735599703209,9.588444906444906,687.5319149177521,0.2863523177500009,Obstacle-rich corridor with three lateral rows of alternating cylindrical obstacles.,0,0,0,0.0,0.0,0,0.0,0,0,0.0,0.0,0,0.0,0,0.0,0.0,0.0,0.0,2400,0,0.0,0,0.0,5,4.1708375041708375e-09,10,4.166666666666667e-06,0.007067103579047917,0.011203955623920979,0.01176394189314654,0.011903938460452929,1107,0.00046125,0.022172041228361285,0.06511231105749636,0.06713421890593008,0.06889046923479714,-0.06889046923479714
corridor_obstacles__proposed__N1000__pl20__lat100__seed1,corridor_obstacles,proposed,1000,1,0.2,100.0,4.0,12,4.0,4.0,0.0,0.0,4.0,0.0,0.0,120.0,0.05,0.1700057278467047,0.28789770420855076,0,0.0,10765,8.976073116014808e-06,0,0.0,0.993,True,87.05000000000001,0.33513808948992896,109.613971889748,9.587049896049896,681.8563727810979,0.2839884934531853,Obstacle-rich corridor with three lateral rows of alternating cylindrical obstacles.,0,0,0,0.0,0.0,0,0.0,0,0,0.0,0.0,0,0.0,0,0.0,0.0,0.0,0.0,2400,0,0.0,0,0.0,0,0.0,0,0.0,0.0,0.0,0.0,0.0,1589,0.0006620833333333333,0.022211530583093855,0.06552268719028873,0.07180097419758341,0.07210229579144922,-0.07210229579144922
corridor_obstacles__proposed__N1000__pl20__lat100__seed2,corridor_obstacles,proposed,1000,2,0.2,100.0,4.0,12,4.0,4.0,0.0,0.0,4.0,0.0,0.0,120.0,0.05,0.17650346812222256,0.2651331687802747,0,0.0,11007,9.177857574359031e-06,0,0.0,0.995,True,86.85000000000001,0.33050780469410057,109.8340640116513,9.589588357588358,685.8424406149425,0.28564866331317884,Obstacle-rich corridor with three lateral rows of alternating cylindrical obstacles.,0,0,0,0.0,0.0,0,0.0,0,0,0.0,0.0,0,0.0,0,0.0,0.0,0.0,0.0,2400,0,0.0,0,0.0,0,0.0,0,0.0,0.0,0.0,0.0,0.0,784,0.0003266666666666667,0.03169641300461451,0.08875368077808682,0.09459887593214594,0.09486683121972539,-0.09486683121972539
corridor_obstacles__proposed__N1000__pl20__lat100__seed3,corridor_obstacles,proposed,1000,3,0.2,100.0,4.0,12,4.0,4.0,0.0,0.0,4.0,0.0,0.0,120.0,0.05,0.16224894912191357,0.26746739741897374,0,0.0,10658,8.886854367903931e-06,0,0.0,0.996,True,87.65,0.3347339806572974,110.71873933336357,9.58652182952183,688.9437097748742,0.2869403206059451,Obstacle-rich corridor with three lateral rows of alternating cylindrical obstacles.,0,0,0,0.0,0.0,0,0.0,0,0,0.0,0.0,0,0.0,0,0.0,0.0,0.0,0.0,2400,0,0.0,0,0.0,0,0.0,0,0.0,0.0,0.0,0.0,0.0,1374,0.0005725,0.0333861213510333,0.08268903929780426,0.09199717799107923,0.09253260258102625,-0.09253260258102625
corridor_obstacles__proposed__N1000__pl20__lat100__seed4,corridor_obstacles,proposed,1000,4,0.2,100.0,4.0,12,4.0,4.0,0.0,0.0,4.0,0.0,0.0,120.0,0.05,0.17496078984500943,0.31433821672108997,0,0.0,12300,1.0255986932371772e-05,0,0.0,0.997,True,88.45,0.3312726220921846,110.93752558684335,9.585126819126819,685.478842641227,0.28549722725582133,Obstacle-rich corridor with three lateral rows of alternating cylindrical obstacles.,0,0,0,0.0,0.0,0,0.0,0,0,0.0,0.0,0,0.0,0,0.0,0.0,0.0,0.0,2400,0,0.0,0,0.0,0,0.0,0,0.0,0.0,0.0,0.0,0.0,1324,0.0005516666666666667,0.01815029448936061,0.040793268844904605,0.044382292106709034,0.04566178327891013,-0.04566178327891013
crossing_traffic__proposed__N50__pl00__lat000__seed0,crossing_traffic,proposed,50,0,0.0,0.0,4.0,12,4.0,4.0,0.0,0.0,4.0,0.0,0.0,120.0,0.05,0.43345652093481185,0.2662012898516328,0,0.0,0,0.0,0,0.0,1.0,True,52.45,0.043414618109633984,11.199400671391606,11.063991683991684,6.257172692101449,0.05212138852229445,Two sub-swarms crossing at a congested intersection.,0,0,0,0.0,0.0,0,0.0,0,0,0.0,0.0,0,0.0,0,0.0,0.0,0.0,0.0,2400,0,0.0,0,0.0,0,0.0,0,0.0,0.0,0.0,0.0,0.0,183,0.001525,0.045665051979480425,0.09375704111725805,0.09379396823780306,0.09379871014836716,-0.09379871014836716
crossing_traffic__proposed__N50__pl00__lat000__seed1,crossing_traffic,proposed,50,1,0.0,0.0,4.0,12,4.0,4.0,0.0,0.0,4.0,0.0,0.0,120.0,0.05,0.4429621863884958,0.26737699465800313,0,0.0,0,0.0,0,0.0,1.0,True,52.0,0.0433176712493566,10.869558546823146,11.081871101871101,6.12922112736851,0.051055569574081715,Two sub-swarms crossing at a congested intersection.,0,0,0,0.0,0.0,0,0.0,0,0,0.0,0.0,0,0.0,0,0.0,0.0,0.0,0.0,2400,0,0.0,0,0.0,0,0.0,0,0.0,0.0,0.0,0.0,0.0,124,0.0010333333333333334,0.07231586029345216,0.0926199491972853,0.09262260715235542,0.09262300534199686,-0.09262300534199686
crossing_traffic__proposed__N50__pl00__lat000__seed2,crossing_traffic,proposed,50,2,0.0,0.0,4.0,12,4.0,4.0,0.0,0.0,4.0,0.0,0.0,120.0,0.05,0.3869623624761322,0.2457608507596376,0,0.0,5,1.6999719504628175e-06,0,0.0,1.0,True,52.7,0.04333766646963956,11.188439401051442,11.084282744282744,6.428105377126485,0.05354523429509775,Two sub-swarms crossing at a congested intersection.,0,0,0,0.0,0.0,0,0.0,0,0,0.0,0.0,0,0.0,0,0.0,0.0,0.0,0.0,2400,0,0.0,0,0.0,0,0.0,0,0.0,0.0,0.0,0.0,0.0,144,0.0012,0.06983691786602475,0.11359746600169165,0.11403067713981013,0.11423914924036238,-0.11423914924036238
crossing_traffic__proposed__N50__pl00__lat000__seed3,crossing_traffic,proposed,50,3,0.0,0.0,4.0,12,4.0,4.0,0.0,0.0,4.0,0.0,0.0,120.0,0.05,0.3161780372198133,0.2439547755866709,0,0.0,10,3.399943900925635e-06,0,0.0,1.0,True,52.2,0.04339746300446059,10.493993047393442,11.115634095634096,6.1335760350339115,0.0510918453563841,Two sub-swarms crossing at a congested intersection.,0,0,0,0.0,0.0,0,0.0,0,0,0.0,0.0,0,0.0,0,0.0,0.0,0.0,0.0,2400,0,0.0,0,0.0,0,0.0,0,0.0,0.0,0.0,0.0,0.0,172,0.0014333333333333333,0.06908766905046938,0.11167975079629594,0.11558150122891117,0.1160452244133291,-0.1160452244133291
crossing_traffic__proposed__N50__pl00__lat000__seed4,crossing_traffic,proposed,50,4,0.0,0.0,4.0,12,4.0,4.0,0.0,0.0,4.0,0.0,0.0,120.0,0.05,0.44773634645036536,0.24519769034683925,0,0.0,0,0.0,0,0.0,1.0,True,52.150000000000006,0.043342566111276744,10.361515625154341,11.156507276507277,6.147429626900703,0.051207243872558955,Two sub-swarms crossing at a congested intersection.,0,0,0,0.0,0.0,0,0.0,0,0,0.0,0.0,0,0.0,0,0.0,0.0,0.0,0.0,2400,0,0.0,0,0.0,0,0.0,0,0.0,0.0,0.0,0.0,0.0,146,0.0012166666666666667,0.054269938921693364,0.11253926327500555,0.11467376597953578,0.11480230965316074,-0.11480230965316074
crossing_traffic__proposed__N100__pl00__lat000__seed0,crossing_traffic,proposed,100,0,0.0,0.0,4.0,12,4.0,4.0,0.0,0.0,4.0,0.0,0.0,120.0,0.05,0.3301023580752509,0.22342522651046548,0,0.0,21,1.7669405424507465e-06,0,0.0,1.0,True,53.150000000000006,0.03473737733639645,12.461840822349865,11.973866943866945,16.382722433190793,0.06823291309117364,Two sub-swarms crossing at a congested intersection.,0,0,0,0.0,0.0,0,0.0,0,0,0.0,0.0,0,0.0,0,0.0,0.0,0.0,0.0,2400,0,0.0,0,0.0,0,0.0,0,0.0,0.0,0.0,0.0,0.0,161,0.0006708333333333333,0.07995880487040447,0.13657236156157115,0.13657440333279908,0.1365747734895345,-0.1365747734895345
crossing_traffic__proposed__N100__pl00__lat000__seed1,crossing_traffic,proposed,100,1,0.0,0.0,4.0,12,4.0,4.0,0.0,0.0,4.0,0.0,0.0,120.0,0.05,0.28030254713817676,0.2580487161900258,0,0.0,35,2.9449009040845774e-06,0,0.0,1.0,True,53.050000000000004,0.034755804555679726,12.46344297697957,11.954740124740125,16.406796229071915,0.06833317879663438,Two sub-swarms crossing at a congested intersection.,0,0,0,0.0,0.0,0,0.0,0,0,0.0,0.0,0,0.0,0,0.0,0.0,0.0,0.0,2400,0,0.0,0,0.0,0,0.0,0,0.0,0.0,0.0,0.0,0.0,123,0.0005125,0.06689389658643768,0.09974173943582992,0.10140819152370427,0.1019512838099742,-0.1019512838099742
crossing_traffic__proposed__N100__pl00__lat000__seed2,crossing_traffic,proposed,100,2,0.0,0.0,4.0,12,4.0,4.0,0.0,0.0,4.0,0.0,0.0,120.0,0.05,0.35877005532629225,0.2474285264274424,0,0.0,14,1.177960361633831e-06,0,0.0,1.0,True,53.7,0.034687315558486385,12.730949706897743,11.95031185031185,16.298304724972695,0.0678813191377455,Two sub-swarms crossing at a congested intersection.,0,0,0,0.0,0.0,0,0.0,0,0,0.0,0.0,0,0.0,0,0.0,0.0,0.0,0.0,2400,0,0.0,0,0.0,0,0.0,0,0.0,0.0,0.0,0.0,0.0,314,0.0013083333333333334,0.06114604402007499,0.11238792640517344,0.11257142332003,0.11257147357255759,-0.11257147357255759
crossing_traffic__proposed__N100__pl00__lat000__seed3,crossing_traffic,proposed,100,3,0.0,0.0,4.0,12,4.0,4.0,0.0,0.0,4.0,0.0,0.0,120.0,0.05,0.3818306780877115,0.23926181962086346,0,0.0,6,5.048401549859276e-07,0,0.0,1.0,True,53.150000000000006,0.03471159104468343,12.66411782231027,11.97024948024948,16.27694187220186,0.0677923443240394,Two sub-swarms crossing at a congested intersection.,0,0,0,0.0,0.0,0,0.0,0,0,0.0,0.0,0,0.0,0,0.0,0.0,0.0,0.0,2400,0,0.0,0,0.0,0,0.0,0,0.0,0.0,0.0,0.0,0.0,189,0.0007875,0.0595922731042715,0.11948799869808517,0.12059774043144161,0.12073818037913653,-0.12073818037913653
crossing_traffic__proposed__N100__pl00__lat000__seed4,crossing_traffic,proposed,100,4,0.0,0.0,4.0,12,4.0,4.0,0.0,0.0,4.0,0.0,0.0,120.0,0.05,0.33283413015472985,0.25198007098475705,0,0.0,25,2.1035006457746984e-06,0,0.0,1.0,True,53.1,0.034650559022142355,12.561573032091369,11.96962577962578,15.783582035917789,0.06573753451027817,Two sub-swarms crossing at a congested intersection.,0,0,0,0.0,0.0,0,0.0,0,0,0.0,0.0,0,0.0,0,0.0,0.0,0.0,0.0,2400,0,0.0,0,0.0,0,0.0,0,0.0,0.0,0.0,0.0,0.0,241,0.0010041666666666667,0.07632183242720765,0.10797393010596668,0.10801981802806833,0.10801992901524293,-0.10801992901524293
crossing_traffic__proposed__N100__pl00__lat050__seed0,crossing_traffic,proposed,100,0,0.0,50.0,4.0,12,4.0,4.0,0.0,0.0,4.0,0.0,0.0,120.0,0.05,0.41027121152176094,0.3768974041669294,0,0.0,0,0.0,0,0.0,1.0,True,53.45,0.03499760266395812,13.875432594498703,11.954573804573805,21.609246110077947,0.09000102503156163,Two sub-swarms crossing at a congested intersection.,0,0,0,0.0,0.0,0,0.0,0,0,0.0,0.0,0,0.0,0,0.0,0.0,0.0,0.0,2400,0,0.0,0,0.0,0,0.0,0,0.0,0.0,0.0,0.0,0.0,0,0.0,0.0,0.0,0.0,0.0,0.01689740416692942
crossing_traffic__proposed__N100__pl00__lat050__seed1,crossing_traffic,proposed,100,1,0.0,50.0,4.0,12,4.0,4.0,0.0,0.0,4.0,0.0,0.0,120.0,0.05,0.4028959786775615,0.37754562281830795,0,0.0,0,0.0,0,0.0,1.0,True,53.95,0.03501007000142322,14.088475189907074,11.914449064449064,20.88630261225626,0.08699001504479908,Two sub-swarms crossing at a congested intersection.,0,0,0,0.0,0.0,0,0.0,0,0,0.0,0.0,0,0.0,0,0.0,0.0,0.0,0.0,2400,0,0.0,0,0.0,0,0.0,0,0.0,0.0,0.0,0.0,0.0,0,0.0,0.0,0.0,0.0,0.0,0.01754562281830796
crossing_traffic__proposed__N100__pl00__lat050__seed2,crossing_traffic,proposed,100,2,0.0,50.0,4.0,12,4.0,4.0,0.0,0.0,4.0,0.0,0.0,120.0,0.05,0.44274385044021336,0.38748388605173856,0,0.0,0,0.0,0,0.0,1.0,True,53.300000000000004,0.03493925586456279,13.769749279206827,11.933305613305613,20.67685109982267,0.08611766388930725,Two sub-swarms crossing at a congested intersection.,0,0,0,0.0,0.0,0,0.0,0,0,0.0,0.0,0,0.0,0,0.0,0.0,0.0,0.0,2400,0,0.0,0,0.0,0,0.0,0,0.0,0.0,0.0,0.0,0.0,0,0.0,0.0,0.0,0.0,0.0,0.02748388605173857
crossing_traffic__proposed__N100__pl00__lat050__seed3,crossing_traffic,proposed,100,3,0.0,50.0,4.0,12,4.0,4.0,0.0,0.0,4.0,0.0,0.0,120.0,0.05,0.41604920697403086,0.3831268642417146,0,0.0,0,0.0,0,0.0,1.0,True,54.150000000000006,0.0349682392219356,13.822535167463224,11.926091476091477,20.91547851311043,0.08711153066684893,Two sub-swarms crossing at a congested intersection.,0,0,0,0.0,0.0,0,0.0,0,0,0.0,0.0,0,0.0,0,0.0,0.0,0.0,0.0,2400,0,0.0,0,0.0,0,0.0,0,0.0,0.0,0.0,0.0,0.0,0,0.0,0.0,0.0,0.0,0.0,0.023126864241714618
crossing_traffic__proposed__N100__pl00__lat050__seed4,crossing_traffic,proposed,100,4,0.0,50.0,4.0,12,4.0,4.0,0.0,0.0,4.0,0.0,0.0,120.0,0.05,0.45003664172770713,0.38291612643381046,0,0.0,0,0.0,0,0.0,1.0,True,53.300000000000004,0.03490462071577054,13.714331818751116,11.948565488565489,20.60433208104223,0.08581562715969275,Two sub-swarms crossing at a congested intersection.,0,0,0,0.0,0.0,0,0.0,0,0,0.0,0.0,0,0.0,0,0.0,0.0,0.0,0.0,2400,0,0.0,0,0.0,0,0.0,0,0.0,0.0,0.0,0.0,0.0,0,0.0,0.0,0.0,0.0,0.0,0.02291612643381047
crossing_traffic__proposed__N100__pl10__lat000__seed0,crossing_traffic,proposed,100,0,0.1,0.0,4.0,12,4.0,4.0,0.0,0.0,4.0,0.0,0.0,120.0,0.05,0.41628320221468074,0.38815138830981744,0,0.0,0,0.0,0,0.0,1.0,True,53.6,0.034910844449349145,13.96640690361048,10.70966735966736,20.367033421061933,0.08482729454836291,Two sub-swarms crossing at a congested intersection.,0,0,0,0.0,0.0,0,0.0,0,0,0.0,0.0,0,0.0,0,0.0,0.0,0.0,0.0,2400,0,0.0,0,0.0,0,0.0,0,0.0,0.0,0.0,0.0,0.0,0,0.0,0.0,0.0,0.0,0.0,0.02815138830981745
crossing_traffic__proposed__N100__pl10__lat000__seed1,crossing_traffic,proposed,100,1,0.1,0.0,4.0,12,4.0,4.0,0.0,0.0,4.0,0.0,0.0,120.0,0.05,0.38641264164427175,0.37680328538411045,0,0.0,3,2.524200774929638e-07,0,0.0,1.0,True,54.35,0.03494969391054402,14.306640277280515,10.742619542619543,20.696834487840533,0.08620089332711592,Two sub-swarms crossing at a congested intersection.,0,0,0,0.0,0.0,0,0.0,0,0,0.0,0.0,0,0.0,0,0.0,0.0,0.0,0.0,2400,0,0.0,0,0.0,0,0.0,0,0.0,0.0,0.0,0.0,0.0,0,0.0,0.0,0.0,0.0,0.0,0.016803285384110467
crossing_traffic__proposed__N100__pl10__lat000__seed2,crossing_traffic,proposed,100,2,0.1,0.0,4.0,12,4.0,4.0,0.0,0.0,4.0,0.0,0.0,120.0,0.05,0.4197642630003256,0.3842305149574735,0,0.0,0,0.0,0,0.0,1.0,True,53.75,0.03487969161139057,14.29689054741546,10.735259875259874,20.638770140707493,0.08595905931156807,Two sub-swarms crossing at a congested intersection.,0,0,0,0.0,0.0,0,0.0,0,0,0.0,0.0,0,0.0,0,0.0,0.0,0.0,0.0,2400,0,0.0,0,0.0,0,0.0,0,0.0,0.0,0.0,0.0,0.0,0,0.0,0.0,0.0,0.0,0.0,0.024230514957473526
crossing_traffic__proposed__N100__pl10__lat000__seed3,crossing_traffic,proposed,100,3,0.1,0.0,4.0,12,4.0,4.0,0.0,0.0,4.0,0.0,0.0,120.0,0.05,0.4158288881785247,0.387975026352796,0,0.0,0,0.0,0,0.0,1.0,True,53.95,0.03475017432510536,14.005714149966087,10.756569646569647,20.57137684384361,0.08567837086148941,Two sub-swarms crossing at a congested intersection.,0,0,0,0.0,0.0,0,0.0,0,0,0.0,0.0,0,0.0,0,0.0,0.0,0.0,0.0,2400,0,0.0,0,0.0,0,0.0,0,0.0,0.0,0.0,0.0,0.0,0,0.0,0.0,0.0,0.0,0.0,0.02797502635279603
crossing_traffic__proposed__N100__pl10__lat000__seed4,crossing_traffic,proposed,100,4,0.1,0.0,4.0,12,4.0,4.0,0.0,0.0,4.0,0.0,0.0,120.0,0.05,0.44336209706437407,0.38361138991081234,0,0.0,0,0.0,0,0.0,1.0,True,53.550000000000004,0.0348775213099977,13.991961128718817,10.755675675675676,20.808397251646966,0.08666554457162418,Two sub-swarms crossing at a congested intersection.,0,0,0,0.0,0.0,0,0.0,0,0,0.0,0.0,0,0.0,0,0.0,0.0,0.0,0.0,2400,0,0.0,0,0.0,0,0.0,0,0.0,0.0,0.0,0.0,0.0,0,0.0,0.0,0.0,0.0,0.0,0.023611389910812353
crossing_traffic__proposed__N100__pl10__lat050__seed0,crossing_traffic,proposed,100,0,0.1,50.0,4.0,12,4.0,4.0,0.0,0.0,4.0,0.0,0.0,120.0,0.05,0.40746547651005377,0.3895155936290914,0,0.0,0,0.0,0,0.0,1.0,True,53.550000000000004,0.03487531224138551,14.159893387776165,10.745405405405405,21.5526827769354,0.08976544263613244,Two sub-swarms crossing at a congested intersection.,0,0,0,0.0,0.0,0,0.0,0,0,0.0,0.0,0,0.0,0,0.0,0.0,0.0,0.0,2400,0,0.0,0,0.0,0,0.0,0,0.0,0.0,0.0,0.0,0.0,0,0.0,0.0,0.0,0.0,0.0,0.029515593629091397
crossing_traffic__proposed__N100__pl10__lat050__seed1,crossing_traffic,proposed,100,1,0.1,50.0,4.0,12,4.0,4.0,0.0,0.0,4.0,0.0,0.0,120.0,0.05,0.39876826164844636,0.3782361550762562,0,0.0,0,0.0,0,0.0,1.0,True,54.6,0.0349582469302692,14.320689778897538,10.713451143451143,20.69320034701377,0.08618575738031559,Two sub-swarms crossing at a congested intersection.,0,0,0,0.0,0.0,0,0.0,0,0,0.0,0.0,0,0.0,0,0.0,0.0,0.0,0.0,2400,0,0.0,0,0.0,0,0.0,0,0.0,0.0,0.0,0.0,0.0,0,0.0,0.0,0.0,0.0,0.0,0.0182361550762562
crossing_traffic__proposed__N100__pl10__lat050__seed2,crossing_traffic,proposed,100,2,0.1,50.0,4.0,12,4.0,4.0,0.0,0.0,4.0,0.0,0.0,120.0,0.05,0.4253241362360435,0.38490843052799006,0,0.0,0,0.0,0,0.0,1.0,True,53.85,0.03483186725413838,14.003718429442234,10.735779625779626,20.93447607709095,0.08719065421528925,Two sub-swarms crossing at a congested intersection.,0,0,0,0.0,0.0,0,0.0,0,0,0.0,0.0,0,0.0,0,0.0,0.0,0.0,0.0,2400,0,0.0,0,0.0,0,0.0,0,0.0,0.0,0.0,0.0,0.0,0,0.0,0.0,0.0,0.0,0.0,0.024908430527990078
crossing_traffic__proposed__N100__pl10__lat050__seed3,crossing_traffic,proposed,100,3,0.1,50.0,4.0,12,4.0,4.0,0.0,0.0,4.0,0.0,0.0,120.0,0.05,0.41381423451566385,0.3813043146303138,0,0.0,0,0.0,0,0.0,1.0,True,54.1,0.034956352739340855,13.835270368497657,10.752577962577963,20.806788789108396,0.08665884543568678,Two sub-swarms crossing at a congested intersection.,0,0,0,0.0,0.0,0,0.0,0,0,0.0,0.0,0,0.0,0,0.0,0.0,0.0,0.0,2400,0,0.0,0,0.0,0,0.0,0,0.0,0.0,0.0,0.0,0.0,0,0.0,0.0,0.0,0.0,0.0,0.021304314630313792
crossing_traffic__proposed__N100__pl10__lat050__seed4,crossing_traffic,proposed,100,4,0.1,50.0,4.0,12,4.0,4.0,0.0,0.0,4.0,0.0,0.0,120.0,0.05,0.42365874124918446,0.3818474275297882,0,0.0,0,0.0,0,0.0,1.0,True,53.5,0.034877576552484975,13.584052651938784,10.755343035343035,20.461913026403636,0.085222461584355,Two sub-swarms crossing at a congested intersection.,0,0,0,0.0,0.0,0,0.0,0,0,0.0,0.0,0,0.0,0,0.0,0.0,0.0,0.0,2400,0,0.0,0,0.0,0,0.0,0,0.0,0.0,0.0,0.0,0.0,0,0.0,0.0,0.0,0.0,0.0,0.021847427529788188
crossing_traffic__proposed__N100__pl10__lat100__seed0,crossing_traffic,proposed,100,0,0.1,100.0,4.0,12,4.0,4.0,0.0,0.0,4.0,0.0,0.0,120.0,0.05,0.4141936425525948,0.39166673724003587,0,0.0,0,0.0,0,0.0,1.0,True,53.6,0.034832377543966064,14.196640160346519,10.732681912681914,20.913207442034036,0.08710207181188687,Two sub-swarms crossing at a congested intersection.,0,0,0,0.0,0.0,0,0.0,0,0,0.0,0.0,0,0.0,0,0.0,0.0,0.0,0.0,2400,0,0.0,0,0.0,0,0.0,0,0.0,0.0,0.0,0.0,0.0,0,0.0,0.0,0.0,0.0,0.0,0.03166673724003588
crossing_traffic__proposed__N100__pl10__lat100__seed1,crossing_traffic,proposed,100,1,0.1,100.0,4.0,12,4.0,4.0,0.0,0.0,4.0,0.0,0.0,120.0,0.05,0.39355234419472135,0.37771578119323734,0,0.0,0,0.0,0,0.0,1.0,True,53.95,0.03493621828434299,14.176458773167063,10.712765072765073,21.668753671925515,0.0902488699372158,Two sub-swarms crossing at a congested intersection.,0,0,0,0.0,0.0,0,0.0,0,0,0.0,0.0,0,0.0,0,0.0,0.0,0.0,0.0,2400,0,0.0,0,0.0,0,0.0,0,0.0,0.0,0.0,0.0,0.0,0,0.0,0.0,0.0,0.0,0.0,0.017715781193237357
crossing_traffic__proposed__N100__pl10__lat100__seed2,crossing_traffic,proposed,100,2,0.1,100.0,4.0,12,4.0,4.0,0.0,0.0,4.0,0.0,0.0,120.0,0.05,0.4239867047370692,0.382956427722441,0,0.0,0,0.0,0,0.0,1.0,True,53.900000000000006,0.03490299686117872,14.027462597148583,10.728565488565488,21.339791966136545,0.08887876703930256,Two sub-swarms crossing at a congested intersection.,0,0,0,0.0,0.0,0,0.0,0,0,0.0,0.0,0,0.0,0,0.0,0.0,0.0,0.0,2400,0,0.0,0,0.0,0,0.0,0,0.0,0.0,0.0,0.0,0.0,0,0.0,0.0,0.0,0.0,0.0,0.022956427722440997
crossing_traffic__proposed__N100__pl10__lat100__seed3,crossing_traffic,proposed,100,3,0.1,100.0,4.0,12,4.0,4.0,0.0,0.0,4.0,0.0,0.0,120.0,0.05,0.41207654193782023,0.38170350530588804,0,0.0,0,0.0,0,0.0,1.0,True,54.400000000000006,0.03489838675704826,14.052008956723899,10.753035343035343,20.879032812081277,0.08695973682666087,Two sub-swarms crossing at a congested intersection.,0,0,0,0.0,0.0,0,0.0,0,0,0.0,0.0,0,0.0,0,0.0,0.0,0.0,0.0,2400,0,0.0,0,0.0,0,0.0,0,0.0,0.0,0.0,0.0,0.0,0,0.0,0.0,0.0,0.0,0.0,0.02170350530588805
crossing_traffic__proposed__N100__pl10__lat100__seed4,crossing_traffic,proposed,100,4,0.1,100.0,4.0,12,4.0,4.0,0.0,0.0,4.0,0.0,0.0,120.0,0.05,0.4405975987173378,0.3820681040367847,0,0.0,0,0.0,0,0.0,1.0,True,53.75,0.03491649088286485,13.995996290621015,10.728482328482329,20.33992118621245,0.08471437395340463,Two sub-swarms crossing at a congested intersection.,0,0,0,0.0,0.0,0,0.0,0,0,0.0,0.0,0,0.0,0,0.0,0.0,0.0,0.0,2400,0,0.0,0,0.0,0,0.0,0,0.0,0.0,0.0,0.0,0.0,0,0.0,0.0,0.0,0.0,0.0,0.02206810403678472
crossing_traffic__proposed__N100__pl10__lat200__seed0,crossing_traffic,proposed,100,0,0.1,200.0,4.0,12,4.0,4.0,0.0,0.0,4.0,0.0,0.0,120.0,0.05,0.40279132835717324,0.3907030789823066,0,0.0,0,0.0,0,0.0,1.0,True,53.550000000000004,0.03498189641732605,13.984032306958463,10.726237006237007,20.85455534607172,0.08685778986285597,Two sub-swarms crossing at a congested intersection.,0,0,0,0.0,0.0,0,0.0,0,0,0.0,0.0,0,0.0,0,0.0,0.0,0.0,0.0,2400,0,0.0,0,0.0,0,0.0,0,0.0,0.0,0.0,0.0,0.0,0,0.0,0.0,0.0,0.0,0.0,0.03070307898230662
crossing_traffic__proposed__N100__pl10__lat200__seed1,crossing_traffic,proposed,100,1,0.1,200.0,4.0,12,4.0,4.0,0.0,0.0,4.0,0.0,0.0,120.0,0.05,0.3812510831075058,0.3820034139336782,0,0.0,4,3.365601033239517e-07,0,0.0,1.0,True,54.2,0.03488091578723594,14.276614558579922,10.714677754677755,20.67551450058818,0.08611209704534852,Two sub-swarms crossing at a congested intersection.,0,0,0,0.0,0.0,0,0.0,0,0,0.0,0.0,0,0.0,0,0.0,0.0,0.0,0.0,2400,0,0.0,0,0.0,0,0.0,0,0.0,0.0,0.0,0.0,0.0,0,0.0,0.0,0.0,0.0,0.0,0.022003413933678218
crossing_traffic__proposed__N100__pl10__lat200__seed2,crossing_traffic,proposed,100,2,0.1,200.0,4.0,12,4.0,4.0,0.0,0.0,4.0,0.0,0.0,120.0,0.05,0.42279885946373996,0.37475874824096655,0,0.0,0,0.0,0,0.0,1.0,True,53.550000000000004,0.03476742655375253,14.05013968049187,10.736112266112267,20.46567163616419,0.0852381159357109,Two sub-swarms crossing at a congested intersection.,0,0,0,0.0,0.0,0,0.0,0,0,0.0,0.0,0,0.0,0,0.0,0.0,0.0,0.0,2400,0,0.0,0,0.0,0,0.0,0,0.0,0.0,0.0,0.0,0.0,0,0.0,0.0,0.0,0.0,0.0,0.014758748240966568
crossing_traffic__proposed__N100__pl10__lat200__seed3,crossing_traffic,proposed,100,3,0.1,200.0,4.0,12,4.0,4.0,0.0,0.0,4.0,0.0,0.0,120.0,0.05,0.3926964176663897,0.38420724407154727,0,0.0,0,0.0,0,0.0,1.0,True,53.95,0.034875891113765455,14.143231089552208,10.729189189189189,20.587584250606596,0.08574587359686213,Two sub-swarms crossing at a congested intersection.,0,0,0,0.0,0.0,0,0.0,0,0,0.0,0.0,0,0.0,0,0.0,0.0,0.0,0.0,2400,0,0.0,0,0.0,0,0.0,0,0.0,0.0,0.0,0.0,0.0,0,0.0,0.0,0.0,0.0,0.0,0.024207244071547285
crossing_traffic__proposed__N100__pl10__lat200__seed4,crossing_traffic,proposed,100,4,0.1,200.0,4.0,12,4.0,4.0,0.0,0.0,4.0,0.0,0.0,120.0,0.05,0.4313748336347573,0.3896908087092751,0,0.0,0,0.0,0,0.0,1.0,True,53.45,0.034831434105597116,13.754136636453335,10.763430353430353,20.683964658994228,0.08614729137440329,Two sub-swarms crossing at a congested intersection.,0,0,0,0.0,0.0,0,0.0,0,0,0.0,0.0,0,0.0,0,0.0,0.0,0.0,0.0,2400,0,0.0,0,0.0,0,0.0,0,0.0,0.0,0.0,0.0,0.0,0,0.0,0.0,0.0,0.0,0.0,0.029690808709275096
crossing_traffic__proposed__N100__pl20__lat050__seed0,crossing_traffic,proposed,100,0,0.2,50.0,4.0,12,4.0,4.0,0.0,0.0,4.0,0.0,0.0,120.0,0.05,0.35762879926727736,0.3878670243695582,0,0.0,15,1.262100387464819e-06,0,0.0,1.0,True,53.85,0.03484831751344492,14.160725910983613,9.53893970893971,20.822463981807232,0.08672413153605678,Two sub-swarms crossing at a congested intersection.,0,0,0,0.0,0.0,0,0.0,0,0,0.0,0.0,0,0.0,0,0.0,0.0,0.0,0.0,2400,0,0.0,0,0.0,0,0.0,0,0.0,0.0,0.0,0.0,0.0,0,0.0,0.0,0.0,0.0,0.0,0.027867024369558235
crossing_traffic__proposed__N100__pl20__lat050__seed1,crossing_traffic,proposed,100,1,0.2,50.0,4.0,12,4.0,4.0,0.0,0.0,4.0,0.0,0.0,120.0,0.05,0.41032215856986853,0.37048176942277744,0,0.0,0,0.0,0,0.0,1.0,True,54.2,0.03480435766226512,14.304208868229862,9.557359667359668,21.208954399917275,0.0883338375673356,Two sub-swarms crossing at a congested intersection.,0,0,0,0.0,0.0,0,0.0,0,0,0.0,0.0,0,0.0,0,0.0,0.0,0.0,0.0,2400,0,0.0,0,0.0,0,0.0,0,0.0,0.0,0.0,0.0,0.0,0,0.0,0.0,0.0,0.0,0.0,0.010481769422777454
crossing_traffic__proposed__N100__pl20__lat050__seed2,crossing_traffic,proposed,100,2,0.2,50.0,4.0,12,4.0,4.0,0.0,0.0,4.0,0.0,0.0,120.0,0.05,0.42330631276581426,0.3873560567783877,0,0.0,0,0.0,0,0.0,1.0,True,53.650000000000006,0.03470984113757517,14.099699730486474,9.545717255717255,20.79656285000965,0.08661625510208101,Two sub-swarms crossing at a congested intersection.,0,0,0,0.0,0.0,0,0.0,0,0,0.0,0.0,0,0.0,0,0.0,0.0,0.0,0.0,2400,0,0.0,0,0.0,0,0.0,0,0.0,0.0,0.0,0.0,0.0,0,0.0,0.0,0.0,0.0,0.0,0.027356056778387705
crossing_traffic__proposed__N100__pl20__lat050__seed3,crossing_traffic,proposed,100,3,0.2,50.0,4.0,12,4.0,4.0,0.0,0.0,4.0,0.0,0.0,120.0,0.05,0.4002752604435425,0.3817752073648072,0,0.0,0,0.0,0,0.0,1.0,True,53.800000000000004,0.034718354597961305,13.899158213050276,9.555738045738046,20.951220997143537,0.0872603956565745,Two sub-swarms crossing at a congested intersection.,0,0,0,0.0,0.0,0,0.0,0,0,0.0,0.0,0,0.0,0,0.0,0.0,0.0,0.0,2400,0,0.0,0,0.0,0,0.0,0,0.0,0.0,0.0,0.0,0.0,0,0.0,0.0,0.0,0.0,0.0,0.021775207364807203
crossing_traffic__proposed__N100__pl20__lat050__seed4,crossing_traffic,proposed,100,4,0.2,50.0,4.0,12,4.0,4.0,0.0,0.0,4.0,0.0,0.0,120.0,0.05,0.41795879299259575,0.38380605648805843,0,0.0,0,0.0,0,0.0,1.0,True,53.5,0.03478742299901897,13.93410090828721,9.546611226611226,20.819360581692308,0.08671120608784802,Two sub-swarms crossing at a congested intersection.,0,0,0,0.0,0.0,0,0.0,0,0,0.0,0.0,0,0.0,0,0.0,0.0,0.0,0.0,2400,0,0.0,0,0.0,0,0.0,0,0.0,0.0,0.0,0.0,0.0,0,0.0,0.0,0.0,0.0,0.0,0.023806056488058447
crossing_traffic__proposed__N100__pl40__lat050__seed0,crossing_traffic,proposed,100,0,0.4,50.0,4.0,12,4.0,4.0,0.0,0.0,4.0,0.0,0.0,120.0,0.05,0.41314291672593006,0.3872459741887576,0,0.0,0,0.0,0,0.0,1.0,True,53.800000000000004,0.03453654991783588,13.767920288261482,7.172993762993763,20.535048901103437,0.08552706747648245,Two sub-swarms crossing at a congested intersection.,0,0,0,0.0,0.0,0,0.0,0,0,0.0,0.0,0,0.0,0,0.0,0.0,0.0,0.0,2400,0,0.0,0,0.0,0,0.0,0,0.0,0.0,0.0,0.0,0.0,0,0.0,0.0,0.0,0.0,0.0,0.027245974188757627
crossing_traffic__proposed__N100__pl40__lat050__seed1,crossing_traffic,proposed,100,1,0.4,50.0,4.0,12,4.0,4.0,0.0,0.0,4.0,0.0,0.0,120.0,0.05,0.3445877505927355,0.3785220629436391,0,0.0,15,1.262100387464819e-06,0,0.0,1.0,True,54.35,0.034873357584414226,14.121390091519801,7.143638253638254,20.84366514161229,0.08681243290967218,Two sub-swarms crossing at a congested intersection.,0,0,0,0.0,0.0,0,0.0,0,0,0.0,0.0,0,0.0,0,0.0,0.0,0.0,0.0,2400,0,0.0,0,0.0,0,0.0,0,0.0,0.0,0.0,0.0,0.0,0,0.0,0.0,0.0,0.0,0.0,0.018522062943639117
crossing_traffic__proposed__N100__pl40__lat050__seed2,crossing_traffic,proposed,100,2,0.4,50.0,4.0,12,4.0,4.0,0.0,0.0,4.0,0.0,0.0,120.0,0.05,0.41605292502295976,0.3747304737451006,0,0.0,0,0.0,0,0.0,1.0,True,53.6,0.03468250659460344,13.761070807594313,7.148981288981289,20.86470995703712,0.08690008311968814,Two sub-swarms crossing at a congested intersection.,0,0,0,0.0,0.0,0,0.0,0,0,0.0,0.0,0,0.0,0,0.0,0.0,0.0,0.0,2400,0,0.0,0,0.0,0,0.0,0,0.0,0.0,0.0,0.0,0.0,0,0.0,0.0,0.0,0.0,0.0,0.014730473745100614
crossing_traffic__proposed__N100__pl40__lat050__seed3,crossing_traffic,proposed,100,3,0.4,50.0,4.0,12,4.0,4.0,0.0,0.0,4.0,0.0,0.0,120.0,0.05,0.4029916181366488,0.3826159212103787,0,0.0,0,0.0,0,0.0,1.0,True,54.1,0.03480650638784448,13.850660279310041,7.163076923076923,20.168947662692517,0.08400228097747821,Two sub-swarms crossing at a congested intersection.,0,0,0,0.0,0.0,0,0.0,0,0,0.0,0.0,0,0.0,0,0.0,0.0,0.0,0.0,2400,0,0.0,0,0.0,0,0.0,0,0.0,0.0,0.0,0.0,0.0,0,0.0,0.0,0.0,0.0,0.0,0.022615921210378698
crossing_traffic__proposed__N100__pl40__lat050__seed4,crossing_traffic,proposed,100,4,0.4,50.0,4.0,12,4.0,4.0,0.0,0.0,4.0,0.0,0.0,120.0,0.05,0.3647655221513242,0.38095970430290815,0,0.0,7,5.889801808169155e-07,0,0.0,1.0,True,54.25,0.034765544975438586,13.85242254979077,7.151434511434512,20.68864701455459,0.08616679306353432,Two sub-swarms crossing at a congested intersection.,0,0,0,0.0,0.0,0,0.0,0,0,0.0,0.0,0,0.0,0,0.0,0.0,0.0,0.0,2400,0,0.0,0,0.0,0,0.0,0,0.0,0.0,0.0,0.0,0.0,0,0.0,0.0,0.0,0.0,0.0,0.020959704302908166
crossing_traffic__proposed__N200__pl00__lat000__seed0,crossing_traffic,proposed,200,0,0.0,0.0,4.0,12,4.0,4.0,0.0,0.0,4.0,0.0,0.0,120.0,0.05,0.21533635953948782,0.2878449810496908,0,0.0,161,3.3696177681409967e-06,0,0.0,1.0,True,54.650000000000006,0.11586106156517655,15.588893281497892,11.981611226611227,36.15975819481537,0.07530145396671255,Two sub-swarms crossing at a congested intersection.,0,0,0,0.0,0.0,0,0.0,0,0,0.0,0.0,0,0.0,0,0.0,0.0,0.0,0.0,2400,0,0.0,0,0.0,0,0.0,0,0.0,0.0,0.0,0.0,0.0,304,0.0006333333333333333,0.026724768558424324,0.053927364119356114,0.06956521606160375,0.07215501895030918,-0.07215501895030918
crossing_traffic__proposed__N200__pl00__lat000__seed1,crossing_traffic,proposed,200,1,0.0,0.0,4.0,12,4.0,4.0,0.0,0.0,4.0,0.0,0.0,120.0,0.05,0.2502664556565285,0.3098971142060919,0,0.0,213,4.4579415193418156e-06,0,0.0,1.0,True,54.7,0.11592492461952031,15.802990135433708,11.98143451143451,36.48621083935723,0.07598128038183513,Two sub-swarms crossing at a congested intersection.,0,0,0,0.0,0.0,0,0.0,0,0,0.0,0.0,0,0.0,0,0.0,0.0,0.0,0.0,2400,0,0.0,0,0.0,0,0.0,0,0.0,0.0,0.0,0.0,0.0,222,0.0004625,0.02872091424213911,0.0472063182326119,0.050023585976467576,0.05010288579390809,-0.05010288579390809
crossing_traffic__proposed__N200__pl00__lat000__seed2,crossing_traffic,proposed,200,2,0.0,0.0,4.0,12,4.0,4.0,0.0,0.0,4.0,0.0,0.0,120.0,0.05,0.3214321759766749,0.31176820154997387,0,0.0,160,3.3486884652332883e-06,0,0.0,1.0,True,54.650000000000006,0.11599940014204531,15.494384439569158,11.993523908523908,35.801515528932214,0.07455542592447358,Two sub-swarms crossing at a congested intersection.,0,0,0,0.0,0.0,0,0.0,0,0,0.0,0.0,0,0.0,0,0.0,0.0,0.0,0.0,2400,0,0.0,0,0.0,0,0.0,0,0.0,0.0,0.0,0.0,0.0,139,0.0002895833333333333,0.02121782724361436,0.04719136357019571,0.04813617544751075,0.04823179845002612,-0.04823179845002612
crossing_traffic__proposed__N200__pl00__lat000__seed3,crossing_traffic,proposed,200,3,0.0,0.0,4.0,12,4.0,4.0,0.0,0.0,4.0,0.0,0.0,120.0,0.05,0.27467604340891416,0.3119895644821663,0,0.0,160,3.3486884652332883e-06,0,0.0,1.0,True,54.85,0.11578926903353227,15.539452661308806,11.983794178794179,36.21238139318302,0.07541103996914415,Two sub-swarms crossing at a congested intersection.,0,0,0,0.0,0.0,0,0.0,0,0,0.0,0.0,0,0.0,0,0.0,0.0,0.0,0.0,2400,0,0.0,0,0.0,0,0.0,0,0.0,0.0,0.0,0.0,0.0,103,0.00021458333333333334,0.026784910483588307,0.0460766544058506,0.04788884073302504,0.04801043551783368,-0.04801043551783368
crossing_traffic__proposed__N200__pl00__lat000__seed4,crossing_traffic,proposed,200,4,0.0,0.0,4.0,12,4.0,4.0,0.0,0.0,4.0,0.0,0.0,120.0,0.05,0.2846927776112485,0.2998679535939248,0,0.0,153,3.202183344879332e-06,0,0.0,1.0,True,54.95,0.11569027559204313,15.804170750427481,11.997411642411642,35.611634119879454,0.07416000441457613,Two sub-swarms crossing at a congested intersection.,0,0,0,0.0,0.0,0,0.0,0,0,0.0,0.0,0,0.0,0,0.0,0.0,0.0,0.0,2400,0,0.0,0,0.0,0,0.0,0,0.0,0.0,0.0,0.0,0.0,158,0.0003291666666666667,0.02389206382678247,0.05839202690036181,0.06005928538608258,0.06013204640607517,-0.06013204640607517
crossing_traffic__proposed__N200__pl00__lat050__seed0,crossing_traffic,proposed,200,0,0.0,50.0,4.0,12,4.0,4.0,0.0,0.0,4.0,0.0,0.0,120.0,0.05,0.39731540599414944,0.3669262299518431,0,0.0,0,0.0,0,0.0,1.0,True,55.35,0.12162565965125798,18.379429163492926,11.987681912681913,45.418642445933074,0.09458276227807803,Two sub-swarms crossing at a congested intersection.,0,0,0,0.0,0.0,0,0.0,0,0,0.0,0.0,0,0.0,0,0.0,0.0,0.0,0.0,2400,0,0.0,0,0.0,0,0.0,0,0.0,0.0,0.0,0.0,0.0,0,0.0,0.0,0.0,0.0,0.0,0.00692622995184311
crossing_traffic__proposed__N200__pl00__lat050__seed1,crossing_traffic,proposed,200,1,0.0,50.0,4.0,12,4.0,4.0,0.0,0.0,4.0,0.0,0.0,120.0,0.05,0.3672524289984259,0.36785244866162803,0,0.0,29,6.069497843235336e-07,0,0.0,1.0,True,55.900000000000006,0.12244336835103574,18.593044688828726,11.973711018711018,45.488026707898825,0.09472725261953108,Two sub-swarms crossing at a congested intersection.,0,0,0,0.0,0.0,0,0.0,0,0,0.0,0.0,0,0.0,0,0.0,0.0,0.0,0.0,2400,0,0.0,0,0.0,0,0.0,0,0.0,0.0,0.0,0.0,0.0,0,0.0,0.0,0.0,0.0,0.0,0.007852448661628042
crossing_traffic__proposed__N200__pl00__lat050__seed2,crossing_traffic,proposed,200,2,0.0,50.0,4.0,12,4.0,4.0,0.0,0.0,4.0,0.0,0.0,120.0,0.05,0.3777715347733109,0.3714906502560137,0,0.0,18,3.76727452338745e-07,0,0.0,1.0,True,55.75,0.12286814729494897,18.818502974595717,11.98549896049896,45.72489641280845,0.09522052564100052,Two sub-swarms crossing at a congested intersection.,0,0,0,0.0,0.0,0,0.0,0,0,0.0,0.0,0,0.0,0,0.0,0.0,0.0,0.0,2400,0,0.0,0,0.0,0,0.0,0,0.0,0.0,0.0,0.0,0.0,0,0.0,0.0,0.0,0.0,0.0,0.011490650256013701
crossing_traffic__proposed__N200__pl00__lat050__seed3,crossing_traffic,proposed,200,3,0.0,50.0,4.0,12,4.0,4.0,0.0,0.0,4.0,0.0,0.0,120.0,0.05,0.3803392109787264,0.33622790371839073,0,0.0,7,1.4650512035395637e-07,0,0.0,1.0,True,56.050000000000004,0.1214282476050124,18.33478454261919,11.967629937629937,45.54984186589718,0.0948559805620516,Two sub-swarms crossing at a congested intersection.,0,0,0,0.0,0.0,0,0.0,0,0,0.0,0.0,0,0.0,0,0.0,0.0,0.0,0.0,2400,0,0.0,0,0.0,0,0.0,0,0.0,0.0,0.0,0.0,0.0,31,6.458333333333334e-05,0.016793057831571576,0.023630241283492115,0.02375540637324498,0.023772096281609256,-0.023772096281609256
crossing_traffic__proposed__N200__pl00__lat050__seed4,crossing_traffic,proposed,200,4,0.0,50.0,4.0,12,4.0,4.0,0.0,0.0,4.0,0.0,0.0,120.0,0.05,0.3848147119976497,0.3722831085872108,0,0.0,5,1.0464651453854026e-07,0,0.0,1.0,True,55.7,0.12253407499295806,18.740121999726135,11.97881496881497,46.44084501080215,0.09671146399583955,Two sub-swarms crossing at a congested intersection.,0,0,0,0.0,0.0,0,0.0,0,0,0.0,0.0,0,0.0,0,0.0,0.0,0.0,0.0,2400,0,0.0,0,0.0,0,0.0,0,0.0,0.0,0.0,0.0,0.0,0,0.0,0.0,0.0,0.0,0.0,0.012283108587210823
crossing_traffic__proposed__N200__pl10__lat000__seed0,crossing_traffic,proposed,200,0,0.1,0.0,4.0,12,4.0,4.0,0.0,0.0,4.0,0.0,0.0,120.0,0.05,0.37351780108090554,0.3672498030510817,0,0.0,5,1.0464651453854026e-07,0,0.0,1.0,True,55.650000000000006,0.12115840059182505,19.235885363898575,10.777151767151768,45.74533770931885,0.0952630939386065,Two sub-swarms crossing at a congested intersection.,0,0,0,0.0,0.0,0,0.0,0,0,0.0,0.0,0,0.0,0,0.0,0.0,0.0,0.0,2400,0,0.0,0,0.0,0,0.0,0,0.0,0.0,0.0,0.0,0.0,0,0.0,0.0,0.0,0.0,0.0,0.0072498030510816935
crossing_traffic__proposed__N200__pl10__lat000__seed1,crossing_traffic,proposed,200,1,0.1,0.0,4.0,12,4.0,4.0,0.0,0.0,4.0,0.0,0.0,120.0,0.05,0.39108864087943707,0.3671797256403292,0,0.0,0,0.0,0,0.0,1.0,True,56.650000000000006,0.11971635010171781,18.975235717620425,10.75908523908524,46.3267015167512,0.09647376409152686,Two sub-swarms crossing at a congested intersection.,0,0,0,0.0,0.0,0,0.0,0,0,0.0,0.0,0,0.0,0,0.0,0.0,0.0,0.0,2400,0,0.0,0,0.0,0,0.0,0,0.0,0.0,0.0,0.0,0.0,0,0.0,0.0,0.0,0.0,0.0,0.007179725640329204
crossing_traffic__proposed__N200__pl10__lat000__seed2,crossing_traffic,proposed,200,2,0.1,0.0,4.0,12,4.0,4.0,0.0,0.0,4.0,0.0,0.0,120.0,0.05,0.3411240537659901,0.37016937279682327,0,0.0,28,5.860204814158255e-07,0,0.0,1.0,True,56.2,0.1205181675235058,19.13226726470072,10.77522869022869,45.76821491681039,0.09531073493713119,Two sub-swarms crossing at a congested intersection.,0,0,0,0.0,0.0,0,0.0,0,0,0.0,0.0,0,0.0,0,0.0,0.0,0.0,0.0,2400,0,0.0,0,0.0,0,0.0,0,0.0,0.0,0.0,0.0,0.0,0,0.0,0.0,0.0,0.0,0.0,0.010169372796823284
crossing_traffic__proposed__N200__pl10__lat000__seed3,crossing_traffic,proposed,200,3,0.1,0.0,4.0,12,4.0,4.0,0.0,0.0,4.0,0.0,0.0,120.0,0.05,0.37870971480670984,0.37151929311577636,0,0.0,11,2.3022233198478858e-07,0,0.0,1.0,True,55.900000000000006,0.11955655979164372,19.07820004078164,10.793638253638253,45.30728953098878,0.09435087365886877,Two sub-swarms crossing at a congested intersection.,0,0,0,0.0,0.0,0,0.0,0,0,0.0,0.0,0,0.0,0,0.0,0.0,0.0,0.0,2400,0,0.0,0,0.0,0,0.0,0,0.0,0.0,0.0,0.0,0.0,0,0.0,0.0,0.0,0.0,0.0,0.011519293115776374
crossing_traffic__proposed__N200__pl10__lat000__seed4,crossing_traffic,proposed,200,4,0.1,0.0,4.0,12,4.0,4.0,0.0,0.0,4.0,0.0,0.0,120.0,0.05,0.36666177837628927,0.3664744735449964,0,0.0,10,2.0929302907708052e-07,0,0.0,1.0,True,55.550000000000004,0.12042019328228974,18.414361519387285,10.80076923076923,46.05731943715364,0.0959127851669172,Two sub-swarms crossing at a congested intersection.,0,0,0,0.0,0.0,0,0.0,0,0,0.0,0.0,0,0.0,0,0.0,0.0,0.0,0.0,2400,0,0.0,0,0.0,0,0.0,0,0.0,0.0,0.0,0.0,0.0,0,0.0,0.0,0.0,0.0,0.0,0.0064744735449964175
crossing_traffic__proposed__N200__pl10__lat050__seed0,crossing_traffic,proposed,200,0,0.1,50.0,4.0,12,4.0,4.0,0.0,0.0,4.0,0.0,0.0,120.0,0.05,0.35388009129574644,0.36707832302218424,0,0.0,14,2.9301024070791273e-07,0,0.0,1.0,True,55.6,0.11976701909896914,19.13387574283039,10.768045738045737,45.54834012826905,0.09485285324504175,Two sub-swarms crossing at a congested intersection.,0,0,0,0.0,0.0,0,0.0,0,0,0.0,0.0,0,0.0,0,0.0,0.0,0.0,0.0,2400,0,0.0,0,0.0,0,0.0,0,0.0,0.0,0.0,0.0,0.0,0,0.0,0.0,0.0,0.0,0.0,0.007078323022184252
crossing_traffic__proposed__N200__pl10__lat050__seed1,crossing_traffic,proposed,200,1,0.1,50.0,4.0,12,4.0,4.0,0.0,0.0,4.0,0.0,0.0,120.0,0.05,0.3822100240011244,0.37408396158893586,0,0.0,13,2.720809378002047e-07,0,0.0,1.0,True,55.95,0.1212008690079589,19.12426287929631,10.753471933471934,46.3823496568948,0.09658964943126781,Two sub-swarms crossing at a congested intersection.,0,0,0,0.0,0.0,0,0.0,0,0,0.0,0.0,0,0.0,0,0.0,0.0,0.0,0.0,2400,0,0.0,0,0.0,0,0.0,0,0.0,0.0,0.0,0.0,0.0,0,0.0,0.0,0.0,0.0,0.0,0.014083961588935878
crossing_traffic__proposed__N200__pl10__lat050__seed2,crossing_traffic,proposed,200,2,0.1,50.0,4.0,12,4.0,4.0,0.0,0.0,4.0,0.0,0.0,120.0,0.05,0.3252266637149934,0.36143899201644436,0,0.0,35,7.325256017697818e-07,0,0.0,1.0,True,56.050000000000004,0.12134054883422815,19.257256376426906,10.779864864864864,46.26111618988216,0.09633718490187872,Two sub-swarms crossing at a congested intersection.,0,0,0,0.0,0.0,0,0.0,0,0,0.0,0.0,0,0.0,0,0.0,0.0,0.0,0.0,2400,0,0.0,0,0.0,0,0.0,0,0.0,0.0,0.0,0.0,0.0,0,0.0,0.0,0.0,0.0,0.0,0.0014389920164443737
crossing_traffic__proposed__N200__pl10__lat050__seed3,crossing_traffic,proposed,200,3,0.1,50.0,4.0,12,4.0,4.0,0.0,0.0,4.0,0.0,0.0,120.0,0.05,0.33043168839449233,0.3745338097686949,0,0.0,23,4.813739668772852e-07,0,0.0,1.0,True,55.85,0.11956834097220544,18.93313050977337,10.787297297297297,45.399025556165725,0.09454191077918726,Two sub-swarms crossing at a congested intersection.,0,0,0,0.0,0.0,0,0.0,0,0,0.0,0.0,0,0.0,0,0.0,0.0,0.0,0.0,2400,0,0.0,0,0.0,0,0.0,0,0.0,0.0,0.0,0.0,0.0,0,0.0,0.0,0.0,0.0,0.0,0.014533809768694894
crossing_traffic__proposed__N200__pl10__lat050__seed4,crossing_traffic,proposed,200,4,0.1,50.0,4.0,12,4.0,4.0,0.0,0.0,4.0,0.0,0.0,120.0,0.05,0.36562661089071236,0.37044822380771525,0,0.0,16,3.3486884652332885e-07,0,0.0,1.0,True,55.6,0.12131408830310875,18.621307890497437,10.782401247401248,46.222921357955784,0.09625764547679255,Two sub-swarms crossing at a congested intersection.,0,0,0,0.0,0.0,0,0.0,0,0,0.0,0.0,0,0.0,0,0.0,0.0,0.0,0.0,2400,0,0.0,0,0.0,0,0.0,0,0.0,0.0,0.0,0.0,0.0,0,0.0,0.0,0.0,0.0,0.0,0.010448223807715262
crossing_traffic__proposed__N200__pl10__lat100__seed0,crossing_traffic,proposed,200,0,0.1,100.0,4.0,12,4.0,4.0,0.0,0.0,4.0,0.0,0.0,120.0,0.05,0.3552111133422459,0.3672203163875244,0,0.0,21,4.395153610618691e-07,0,0.0,1.0,True,55.650000000000006,0.12166017151793068,18.99883603871352,10.768918918918919,45.48407339816913,0.09471901998785741,Two sub-swarms crossing at a congested intersection.,0,0,0,0.0,0.0,0,0.0,0,0,0.0,0.0,0,0.0,0,0.0,0.0,0.0,0.0,2400,0,0.0,0,0.0,0,0.0,0,0.0,0.0,0.0,0.0,0.0,0,0.0,0.0,0.0,0.0,0.0,0.007220316387524406
crossing_traffic__proposed__N200__pl10__lat100__seed1,crossing_traffic,proposed,200,1,0.1,100.0,4.0,12,4.0,4.0,0.0,0.0,4.0,0.0,0.0,120.0,0.05,0.38594104215283226,0.36741060907053724,0,0.0,6,1.255758174462483e-07,0,0.0,1.0,True,56.300000000000004,0.1216852017294201,18.940434361925927,10.775280665280665,45.308226097840816,0.09435282402715706,Two sub-swarms crossing at a congested intersection.,0,0,0,0.0,0.0,0,0.0,0,0,0.0,0.0,0,0.0,0,0.0,0.0,0.0,0.0,2400,0,0.0,0,0.0,0,0.0,0,0.0,0.0,0.0,0.0,0.0,0,0.0,0.0,0.0,0.0,0.0,0.007410609070537255
crossing_traffic__proposed__N200__pl10__lat100__seed2,crossing_traffic,proposed,200,2,0.1,100.0,4.0,12,4.0,4.0,0.0,0.0,4.0,0.0,0.0,120.0,0.05,0.338872854032054,0.3712053415255482,0,0.0,37,7.74384207585198e-07,0,0.0,1.0,True,56.050000000000004,0.11982611866407526,18.830758657248463,10.770810810810811,45.29598409868777,0.09432733048456428,Two sub-swarms crossing at a congested intersection.,0,0,0,0.0,0.0,0,0.0,0,0,0.0,0.0,0,0.0,0,0.0,0.0,0.0,0.0,2400,0,0.0,0,0.0,0,0.0,0,0.0,0.0,0.0,0.0,0.0,0,0.0,0.0,0.0,0.0,0.0,0.011205341525548196
crossing_traffic__proposed__N200__pl10__lat100__seed3,crossing_traffic,proposed,200,3,0.1,100.0,4.0,12,4.0,4.0,0.0,0.0,4.0,0.0,0.0,120.0,0.05,0.3510666589364411,0.3761201637847872,0,0.0,25,5.232325726927013e-07,0,0.0,1.0,True,55.650000000000006,0.12030044059428616,18.92274428453956,10.788284823284823,45.658494617789984,0.0950822461844856,Two sub-swarms crossing at a congested intersection.,0,0,0,0.0,0.0,0,0.0,0,0,0.0,0.0,0,0.0,0,0.0,0.0,0.0,0.0,2400,0,0.0,0,0.0,0,0.0,0,0.0,0.0,0.0,0.0,0.0,0,0.0,0.0,0.0,0.0,0.0,0.0161201637847872
crossing_traffic__proposed__N200__pl10__lat100__seed4,crossing_traffic,proposed,200,4,0.1,100.0,4.0,12,4.0,4.0,0.0,0.0,4.0,0.0,0.0,120.0,0.05,0.3645015452544808,0.36645759493278984,0,0.0,20,4.1858605815416104e-07,0,0.0,1.0,True,55.900000000000006,0.11996843631113013,18.49930292887767,10.800883575883576,46.081064098048955,0.09596223260734893,Two sub-swarms crossing at a congested intersection.,0,0,0,0.0,0.0,0,0.0,0,0,0.0,0.0,0,0.0,0,0.0,0.0,0.0,0.0,2400,0,0.0,0,0.0,0,0.0,0,0.0,0.0,0.0,0.0,0.0,0,0.0,0.0,0.0,0.0,0.0,0.006457594932789856
crossing_traffic__proposed__N200__pl10__lat200__seed0,crossing_traffic,proposed,200,0,0.1,200.0,4.0,12,4.0,4.0,0.0,0.0,4.0,0.0,0.0,120.0,0.05,0.37892411621036315,0.37004365450764054,0,0.0,10,2.0929302907708052e-07,0,0.0,1.0,True,55.650000000000006,0.11973211152299466,19.06781985668143,10.793877338877339,45.87408811505884,0.09553121223460816,Two sub-swarms crossing at a congested intersection.,0,0,0,0.0,0.0,0,0.0,0,0,0.0,0.0,0,0.0,0,0.0,0.0,0.0,0.0,2400,0,0.0,0,0.0,0,0.0,0,0.0,0.0,0.0,0.0,0.0,0,0.0,0.0,0.0,0.0,0.0,0.010043654507640554
crossing_traffic__proposed__N200__pl10__lat200__seed1,crossing_traffic,proposed,200,1,0.1,200.0,4.0,12,4.0,4.0,0.0,0.0,4.0,0.0,0.0,120.0,0.05,0.38947959041440455,0.37483292943749313,0,0.0,2,4.185860581541611e-08,0,0.0,1.0,True,55.95,0.12077111627106744,18.865713822397023,10.787723492723492,46.39031590567902,0.09660623887063519,Two sub-swarms crossing at a congested intersection.,0,0,0,0.0,0.0,0,0.0,0,0,0.0,0.0,0,0.0,0,0.0,0.0,0.0,0.0,2400,0,0.0,0,0.0,0,0.0,0,0.0,0.0,0.0,0.0,0.0,0,0.0,0.0,0.0,0.0,0.0,0.014832929437493148
crossing_traffic__proposed__N200__pl10__lat200__seed2,crossing_traffic,proposed,200,2,0.1,200.0,4.0,12,4.0,4.0,0.0,0.0,4.0,0.0,0.0,120.0,0.05,0.3457005324708113,0.3637766814907025,0,0.0,30,6.278790872312416e-07,0,0.0,1.0,True,56.0,0.12181819180553961,19.055607443356138,10.778212058212059,46.228644266258925,0.09626956323669081,Two sub-swarms crossing at a congested intersection.,0,0,0,0.0,0.0,0,0.0,0,0,0.0,0.0,0,0.0,0,0.0,0.0,0.0,0.0,2400,0,0.0,0,0.0,0,0.0,0,0.0,0.0,0.0,0.0,0.0,0,0.0,0.0,0.0,0.0,0.0,0.003776681490702538
crossing_traffic__proposed__N200__pl10__lat200__seed3,crossing_traffic,proposed,200,3,0.1,200.0,4.0,12,4.0,4.0,0.0,0.0,4.0,0.0,0.0,120.0,0.05,0.3887546065056949,0.37315652565690216,0,0.0,5,1.0464651453854026e-07,0,0.0,1.0,True,56.050000000000004,0.12027845645395821,19.011638590407603,10.781413721413722,45.13523147394881,0.09399256866711538,Two sub-swarms crossing at a congested intersection.,0,0,0,0.0,0.0,0,0.0,0,0,0.0,0.0,0,0.0,0,0.0,0.0,0.0,0.0,2400,0,0.0,0,0.0,0,0.0,0,0.0,0.0,0.0,0.0,0.0,0,0.0,0.0,0.0,0.0,0.0,0.013156525656902174
crossing_traffic__proposed__N200__pl10__lat200__seed4,crossing_traffic,proposed,200,4,0.1,200.0,4.0,12,4.0,4.0,0.0,0.0,4.0,0.0,0.0,120.0,0.05,0.3833107433623592,0.37274508951367,0,0.0,8,1.6743442326166443e-07,0,0.0,1.0,True,56.35,0.12101880834269113,19.14096723708769,10.77952182952183,46.35842289868742,0.09653982277944069,Two sub-swarms crossing at a congested intersection.,0,0,0,0.0,0.0,0,0.0,0,0,0.0,0.0,0,0.0,0,0.0,0.0,0.0,0.0,2400,0,0.0,0,0.0,0,0.0,0,0.0,0.0,0.0,0.0,0.0,0,0.0,0.0,0.0,0.0,0.0,0.012745089513670038
crossing_traffic__proposed__N200__pl20__lat050__seed0,crossing_traffic,proposed,200,0,0.2,50.0,4.0,12,4.0,4.0,0.0,0.0,4.0,0.0,0.0,120.0,0.05,0.3858190048184263,0.3667982751199296,0,0.0,2,4.185860581541611e-08,0,0.0,1.0,True,55.550000000000004,0.11871905955677625,19.19248608650068,9.60049896049896,45.95770666189492,0.09570534498520392,Two sub-swarms crossing at a congested intersection.,0,0,0,0.0,0.0,0,0.0,0,0,0.0,0.0,0,0.0,0,0.0,0.0,0.0,0.0,2400,0,0.0,0,0.0,0,0.0,0,0.0,0.0,0.0,0.0,0.0,0,0.0,0.0,0.0,0.0,0.0,0.0067982751199295866
crossing_traffic__proposed__N200__pl20__lat050__seed1,crossing_traffic,proposed,200,1,0.2,50.0,4.0,12,4.0,4.0,0.0,0.0,4.0,0.0,0.0,120.0,0.05,0.3419434609626022,0.37325903637292057,0,0.0,21,4.395153610618691e-07,0,0.0,1.0,True,55.85,0.11863440266232506,18.945680284231248,9.567900207900207,54.868525706231594,0.11426181946320615,Two sub-swarms crossing at a congested intersection.,0,0,0,0.0,0.0,0,0.0,0,0,0.0,0.0,0,0.0,0,0.0,0.0,0.0,0.0,2400,0,0.0,0,0.0,0,0.0,0,0.0,0.0,0.0,0.0,0.0,0,0.0,0.0,0.0,0.0,0.0,0.013259036372920585
crossing_traffic__proposed__N200__pl20__lat050__seed2,crossing_traffic,proposed,200,2,0.2,50.0,4.0,12,4.0,4.0,0.0,0.0,4.0,0.0,0.0,120.0,0.05,0.3060543639886216,0.3739624483561449,0,0.0,43,8.999600250314463e-07,0,0.0,1.0,True,56.300000000000004,0.11900116083144584,19.36757152697581,9.586642411642412,45.43906385125592,0.09462528915296943,Two sub-swarms crossing at a congested intersection.,0,0,0,0.0,0.0,0,0.0,0,0,0.0,0.0,0,0.0,0,0.0,0.0,0.0,0.0,2400,0,0.0,0,0.0,0,0.0,0,0.0,0.0,0.0,0.0,0.0,0,0.0,0.0,0.0,0.0,0.0,0.013962448356144908
crossing_traffic__proposed__N200__pl20__lat050__seed3,crossing_traffic,proposed,200,3,0.2,50.0,4.0,12,4.0,4.0,0.0,0.0,4.0,0.0,0.0,120.0,0.05,0.33739577399511367,0.36661428196651646,0,0.0,47,9.836772366622786e-07,0,0.0,1.0,True,55.650000000000006,0.11919821533840735,19.019547690798145,9.577629937629938,46.02343466319144,0.09584222128944489,Two sub-swarms crossing at a congested intersection.,0,0,0,0.0,0.0,0,0.0,0,0,0.0,0.0,0,0.0,0,0.0,0.0,0.0,0.0,2400,0,0.0,0,0.0,0,0.0,0,0.0,0.0,0.0,0.0,0.0,0,0.0,0.0,0.0,0.0,0.0,0.006614281966516478
crossing_traffic__proposed__N200__pl20__lat050__seed4,crossing_traffic,proposed,200,4,0.2,50.0,4.0,12,4.0,4.0,0.0,0.0,4.0,0.0,0.0,120.0,0.05,0.3407003414876727,0.370064555235173,0,0.0,22,4.6044466396957716e-07,0,0.0,1.0,True,55.550000000000004,0.11912877016405467,18.72917313301333,9.585155925155926,46.07834661798552,0.09595657354849128,Two sub-swarms crossing at a congested intersection.,0,0,0,0.0,0.0,0,0.0,0,0,0.0,0.0,0,0.0,0,0.0,0.0,0.0,0.0,2400,0,0.0,0,0.0,0,0.0,0,0.0,0.0,0.0,0.0,0.0,0,0.0,0.0,0.0,0.0,0.0,0.010064555235173023
crossing_traffic__proposed__N200__pl40__lat050__seed0,crossing_traffic,proposed,200,0,0.4,50.0,4.0,12,4.0,4.0,0.0,0.0,4.0,0.0,0.0,120.0,0.05,0.31311696499592784,0.36797405374068537,0,0.0,60,1.2557581744624832e-06,0,0.0,1.0,True,55.6,0.11505127650220442,18.99116509940495,7.206621621621622,54.649285196792334,0.11380525863555255,Two sub-swarms crossing at a congested intersection.,0,0,0,0.0,0.0,0,0.0,0,0,0.0,0.0,0,0.0,0,0.0,0.0,0.0,0.0,2400,0,0.0,0,0.0,0,0.0,0,0.0,0.0,0.0,0.0,0.0,0,0.0,0.0,0.0,0.0,0.0,0.007974053740685383
crossing_traffic__proposed__N200__pl40__lat050__seed1,crossing_traffic,proposed,200,1,0.4,50.0,4.0,12,4.0,4.0,0.0,0.0,4.0,0.0,0.0,120.0,0.05,0.36594457176942796,0.3670924116542088,0,0.0,29,6.069497843235336e-07,0,0.0,1.0,True,55.45,0.1170174514770094,19.166821127165708,7.186600831600831,44.86198490392417,0.09342354207397786,Two sub-swarms crossing at a congested intersection.,0,0,0,0.0,0.0,0,0.0,0,0,0.0,0.0,0,0.0,0,0.0,0.0,0.0,0.0,2400,0,0.0,0,0.0,0,0.0,0,0.0,0.0,0.0,0.0,0.0,0,0.0,0.0,0.0,0.0,0.0,0.007092411654208819
crossing_traffic__proposed__N200__pl40__lat050__seed2,crossing_traffic,proposed,200,2,0.4,50.0,4.0,12,4.0,4.0,0.0,0.0,4.0,0.0,0.0,120.0,0.05,0.30890298774383346,0.37262363041622015,0,0.0,56,1.172040962831651e-06,0,0.0,1.0,True,55.550000000000004,0.11712383871774311,18.83233435109053,7.188773388773389,46.52262335084379,0.09688176457901664,Two sub-swarms crossing at a congested intersection.,0,0,0,0.0,0.0,0,0.0,0,0,0.0,0.0,0,0.0,0,0.0,0.0,0.0,0.0,2400,0,0.0,0,0.0,0,0.0,0,0.0,0.0,0.0,0.0,0.0,0,0.0,0.0,0.0,0.0,0.0,0.012623630416220166
crossing_traffic__proposed__N200__pl40__lat050__seed3,crossing_traffic,proposed,200,3,0.4,50.0,4.0,12,4.0,4.0,0.0,0.0,4.0,0.0,0.0,120.0,0.05,0.35426339477974905,0.36480768751694825,0,0.0,44,9.208893279391543e-07,0,0.0,1.0,True,55.800000000000004,0.1174201392118113,19.40859281857549,7.197629937629937,45.03414180595428,0.09378205290702682,Two sub-swarms crossing at a congested intersection.,0,0,0,0.0,0.0,0,0.0,0,0,0.0,0.0,0,0.0,0,0.0,0.0,0.0,0.0,2400,0,0.0,0,0.0,0,0.0,0,0.0,0.0,0.0,0.0,0.0,0,0.0,0.0,0.0,0.0,0.0,0.004807687516948267
crossing_traffic__proposed__N200__pl40__lat050__seed4,crossing_traffic,proposed,200,4,0.4,50.0,4.0,12,4.0,4.0,0.0,0.0,4.0,0.0,0.0,120.0,0.05,0.2824156825111234,0.3684791558636221,0,0.0,50,1.0464651453854027e-06,0,0.0,1.0,True,56.400000000000006,0.11706636597339015,19.084380266522956,7.183274428274428,44.83341390499845,0.09336404395043409,Two sub-swarms crossing at a congested intersection.,0,0,0,0.0,0.0,0,0.0,0,0,0.0,0.0,0,0.0,0,0.0,0.0,0.0,0.0,2400,0,0.0,0,0.0,0,0.0,0,0.0,0.0,0.0,0.0,0.0,0,0.0,0.0,0.0,0.0,0.0,0.008479155863622134
crossing_traffic__proposed__N500__pl00__lat000__seed0,crossing_traffic,proposed,500,0,0.0,0.0,4.0,12,4.0,4.0,0.0,0.0,4.0,0.0,0.0,120.0,0.05,0.2874026424786245,0.34368737009085015,0,0.0,948,3.1650139095350217e-06,0,0.0,1.0,True,63.35,0.15315203074602154,35.19376804004838,11.994274428274428,124.6692089526914,0.10384773756992204,Two sub-swarms crossing at a congested intersection.,0,0,0,0.0,0.0,0,0.0,0,0,0.0,0.0,0,0.0,0,0.0,0.0,0.0,0.0,2400,0,0.0,0,0.0,0,0.0,0,0.0,0.0,0.0,0.0,0.0,122,0.00010166666666666667,0.010720765262706657,0.016309287616567657,0.016312357280338793,0.016312629909149834,-0.016312629909149834
crossing_traffic__proposed__N500__pl00__lat000__seed1,crossing_traffic,proposed,500,1,0.0,0.0,4.0,12,4.0,4.0,0.0,0.0,4.0,0.0,0.0,120.0,0.05,0.29215893223163625,0.3467383793531781,0,0.0,966,3.2251091103489776e-06,0,0.0,1.0,True,63.900000000000006,0.15369502693171255,35.07052799963794,11.997010395010395,124.55956002511084,0.10375640152029225,Two sub-swarms crossing at a congested intersection.,0,0,0,0.0,0.0,0,0.0,0,0,0.0,0.0,0,0.0,0,0.0,0.0,0.0,0.0,2400,0,0.0,0,0.0,0,0.0,0,0.0,0.0,0.0,0.0,0.0,93,7.75e-05,0.007242989305618336,0.013167813046488685,0.013257235811186794,0.013261620646821903,-0.013261620646821903
crossing_traffic__proposed__N500__pl00__lat000__seed2,crossing_traffic,proposed,500,2,0.0,0.0,4.0,12,4.0,4.0,0.0,0.0,4.0,0.0,0.0,120.0,0.05,0.29879388795195744,0.34029402843237955,0,0.0,845,2.821135815988495e-06,0,0.0,1.0,True,63.400000000000006,0.15407336396536697,35.371721571246866,11.993546777546777,124.92031654715538,0.10405690674481914,Two sub-swarms crossing at a congested intersection.,0,0,0,0.0,0.0,0,0.0,0,0,0.0,0.0,0,0.0,0,0.0,0.0,0.0,0.0,2400,0,0.0,0,0.0,0,0.0,0,0.0,0.0,0.0,0.0,0.0,54,4.5e-05,0.01084079088765179,0.019559908385394065,0.019674867087851086,0.01970597156762044,-0.01970597156762044
crossing_traffic__proposed__N500__pl00__lat000__seed3,crossing_traffic,proposed,500,3,0.0,0.0,4.0,12,4.0,4.0,0.0,0.0,4.0,0.0,0.0,120.0,0.05,0.29544490219779945,0.34625426892229594,0,0.0,908,3.0314690188373414e-06,0,0.0,1.0,True,64.25,0.1530500652796592,35.208437464421095,11.988482328482329,121.64467033697292,0.10132833847311364,Two sub-swarms crossing at a congested intersection.,0,0,0,0.0,0.0,0,0.0,0,0,0.0,0.0,0,0.0,0,0.0,0.0,0.0,0.0,2400,0,0.0,0,0.0,0,0.0,0,0.0,0.0,0.0,0.0,0.0,152,0.00012666666666666666,0.006582107503682228,0.013704861703311467,0.01374275679704844,0.013745731077704049,-0.013745731077704049
crossing_traffic__proposed__N500__pl00__lat000__seed4,crossing_traffic,proposed,500,4,0.0,0.0,4.0,12,4.0,4.0,0.0,0.0,4.0,0.0,0.0,120.0,0.05,0.2954570161371716,0.33641703318517224,0,0.0,1008,3.3653312455815423e-06,0,0.0,1.0,True,64.25,0.15264165352608125,35.72798878051904,11.996108108108109,125.7765065212734,0.10477010122555053,Two sub-swarms crossing at a congested intersection.,0,0,0,0.0,0.0,0,0.0,0,0,0.0,0.0,0,0.0,0,0.0,0.0,0.0,0.0,2400,0,0.0,0,0.0,0,0.0,0,0.0,0.0,0.0,0.0,0.0,49,4.0833333333333334e-05,0.015861339976934986,0.023570717267184804,0.023580330444173053,0.023582966814827744,-0.023582966814827744
merge_split__proposed__N50__pl00__lat000__seed0,merge_split,proposed,50,0,0.0,0.0,4.0,12,4.0,4.0,0.0,0.0,4.0,0.0,0.0,120.0,0.05,0.442338494178002,0.22531781368260828,0,0.0,0,0.0,0,0.0,1.0,True,56.95,0.05116916312394256,7.909616274001959,11.0810395010395,8.50179375289008,0.07081877345181241,Three groups cross through a shared central gate before splitting toward three exits.,0,0,0,0.0,0.0,0,0.0,0,0,0.0,0.0,0,0.0,0,0.0,0.0,0.0,0.0,2400,0,0.0,0,0.0,0,0.0,0,0.0,0.0,0.0,0.0,0.0,289,0.0024083333333333335,0.07186607190229374,0.13094266117000997,0.13384340886606186,0.1346821863173917,-0.1346821863173917
merge_split__proposed__N50__pl00__lat000__seed1,merge_split,proposed,50,1,0.0,0.0,4.0,12,4.0,4.0,0.0,0.0,4.0,0.0,0.0,120.0,0.05,0.4333266983025148,0.2284190124684059,0,0.0,0,0.0,0,0.0,1.0,True,56.650000000000006,0.051152142016463405,8.297311935805471,11.023783783783784,8.079936202149838,0.06730475803540056,Three groups cross through a shared central gate before splitting toward three exits.,0,0,0,0.0,0.0,0,0.0,0,0,0.0,0.0,0,0.0,0,0.0,0.0,0.0,0.0,2400,0,0.0,0,0.0,0,0.0,0,0.0,0.0,0.0,0.0,0.0,300,0.0025,0.06951686080506425,0.1307005012532781,0.13141013156141196,0.13158098753159408,-0.13158098753159408
merge_split__proposed__N50__pl00__lat000__seed2,merge_split,proposed,50,2,0.0,0.0,4.0,12,4.0,4.0,0.0,0.0,4.0,0.0,0.0,120.0,0.05,0.4405998575357022,0.22908646208992745,0,0.0,0,0.0,0,0.0,1.0,True,56.75,0.05120179192416365,7.702408148995865,11.02906444906445,8.290826465003192,0.06906144493963509,Three groups cross through a shared central gate before splitting toward three exits.,0,0,0,0.0,0.0,0,0.0,0,0,0.0,0.0,0,0.0,0,0.0,0.0,0.0,0.0,2400,0,0.0,0,0.0,0,0.0,0,0.0,0.0,0.0,0.0,0.0,281,0.002341666666666667,0.06763000875365553,0.1301870397679381,0.13075038206249195,0.13091353791007254,-0.13091353791007254
merge_split__proposed__N50__pl00__lat000__seed3,merge_split,proposed,50,3,0.0,0.0,4.0,12,4.0,4.0,0.0,0.0,4.0,0.0,0.0,120.0,0.05,0.4371365355807129,0.22913813772303693,0,0.0,0,0.0,0,0.0,1.0,True,56.800000000000004,0.05117848782835306,8.005247662214629,11.044573804573805,8.1262830728665,0.06769082109842982,Three groups cross through a shared central gate before splitting toward three exits.,0,0,0,0.0,0.0,0,0.0,0,0,0.0,0.0,0,0.0,0,0.0,0.0,0.0,0.0,2400,0,0.0,0,0.0,0,0.0,0,0.0,0.0,0.0,0.0,0.0,323,0.002691666666666667,0.06419493984822543,0.12981618539340406,0.13068561292765177,0.13086186227696306,-0.13086186227696306
merge_split__proposed__N50__pl00__lat000__seed4,merge_split,proposed,50,4,0.0,0.0,4.0,12,4.0,4.0,0.0,0.0,4.0,0.0,0.0,120.0,0.05,0.43402349692306885,0.2291128676666826,0,0.0,0,0.0,0,0.0,1.0,True,56.650000000000006,0.05110021103258349,7.943405005111089,11.013513513513514,8.473830489907414,0.07058584331451406,Three groups cross through a shared central gate before splitting toward three exits.,0,0,0,0.0,0.0,0,0.0,0,0,0.0,0.0,0,0.0,0,0.0,0.0,0.0,0.0,2400,0,0.0,0,0.0,0,0.0,0,0.0,0.0,0.0,0.0,0.0,279,0.002325,0.06115141035005502,0.13011979022643372,0.13071827749692885,0.1308871323333174,-0.1308871323333174
merge_split__proposed__N100__pl00__lat000__seed0,merge_split,proposed,100,0,0.0,0.0,4.0,12,4.0,4.0,0.0,0.0,4.0,0.0,0.0,120.0,0.05,0.2962326901711966,0.26691790036783003,0,0.0,38,3.1973209815775414e-06,0,0.0,1.0,True,57.550000000000004,0.03999791750622922,9.850476594786784,11.98126819126819,18.674351177643985,0.07777738932796328,Three groups cross through a shared central gate before splitting toward three exits.,0,0,0,0.0,0.0,0,0.0,0,0,0.0,0.0,0,0.0,0,0.0,0.0,0.0,0.0,2400,0,0.0,0,0.0,0,0.0,0,0.0,0.0,0.0,0.0,0.0,405,0.0016875,0.040799570614518374,0.07768990392695066,0.09006571055631639,0.09308209963216996,-0.09308209963216996
merge_split__proposed__N100__pl00__lat000__seed1,merge_split,proposed,100,1,0.0,0.0,4.0,12,4.0,4.0,0.0,0.0,4.0,0.0,0.0,120.0,0.05,0.29251937061324984,0.27169598129068173,0,0.0,74,6.226361911493107e-06,0,0.0,1.0,True,57.650000000000006,0.03998056471465638,10.750373921513665,11.985592515592515,18.70806395402178,0.07791780072478877,Three groups cross through a shared central gate before splitting toward three exits.,0,0,0,0.0,0.0,0,0.0,0,0,0.0,0.0,0,0.0,0,0.0,0.0,0.0,0.0,2400,0,0.0,0,0.0,0,0.0,0,0.0,0.0,0.0,0.0,0.0,480,0.002,0.046188506413674196,0.08506063382822038,0.08804354643685333,0.08830401870931825,-0.08830401870931825
merge_split__proposed__N100__pl00__lat000__seed2,merge_split,proposed,100,2,0.0,0.0,4.0,12,4.0,4.0,0.0,0.0,4.0,0.0,0.0,120.0,0.05,0.3226387318445143,0.24954101082595537,0,0.0,49,4.122861265718409e-06,0,0.0,1.0,True,58.150000000000006,0.039997233069056226,11.052277638413662,11.943679833679834,18.736590246204287,0.07803661077136313,Three groups cross through a shared central gate before splitting toward three exits.,0,0,0,0.0,0.0,0,0.0,0,0,0.0,0.0,0,0.0,0,0.0,0.0,0.0,0.0,2400,0,0.0,0,0.0,0,0.0,0,0.0,0.0,0.0,0.0,0.0,475,0.001979166666666667,0.05013543904693781,0.10439147728732127,0.10903556765821176,0.11045898917404462,-0.11045898917404462
merge_split__proposed__N100__pl00__lat000__seed3,merge_split,proposed,100,3,0.0,0.0,4.0,12,4.0,4.0,0.0,0.0,4.0,0.0,0.0,120.0,0.05,0.35481620682206677,0.26654841317750677,0,0.0,44,3.702161136563469e-06,0,0.0,1.0,True,57.95,0.039958769783972364,10.63429416497852,11.981517671517672,18.118664236739278,0.07546299140666088,Three groups cross through a shared central gate before splitting toward three exits.,0,0,0,0.0,0.0,0,0.0,0,0,0.0,0.0,0,0.0,0,0.0,0.0,0.0,0.0,2400,0,0.0,0,0.0,0,0.0,0,0.0,0.0,0.0,0.0,0.0,562,0.002341666666666667,0.046166992128187444,0.08471804386990597,0.08852341663234105,0.09345158682249322,-0.09345158682249322
merge_split__proposed__N100__pl00__lat000__seed4,merge_split,proposed,100,4,0.0,0.0,4.0,12,4.0,4.0,0.0,0.0,4.0,0.0,0.0,120.0,0.05,0.33365431160613057,0.26535902079801243,0,0.0,38,3.1973209815775414e-06,0,0.0,1.0,True,58.050000000000004,0.0399902781662329,10.296404808589648,11.947089397089398,18.28982314001769,0.0761758564765418,Three groups cross through a shared central gate before splitting toward three exits.,0,0,0,0.0,0.0,0,0.0,0,0,0.0,0.0,0,0.0,0,0.0,0.0,0.0,0.0,2400,0,0.0,0,0.0,0,0.0,0,0.0,0.0,0.0,0.0,0.0,439,0.0018291666666666667,0.05600172067568913,0.09064031380861214,0.09419598330939585,0.09464097920198755,-0.09464097920198755
merge_split__proposed__N200__pl00__lat000__seed0,merge_split,proposed,200,0,0.0,0.0,4.0,12,4.0,4.0,0.0,0.0,4.0,0.0,0.0,120.0,0.05,0.24002406086072847,0.23571378652471286,0,0.0,171,3.578910797218077e-06,0,0.0,1.0,True,59.800000000000004,0.03737533434820256,14.739584739571438,11.977952182952183,41.824972433038056,0.08709906795718046,Three groups cross through a shared central gate before splitting toward three exits.,0,0,0,0.0,0.0,0,0.0,0,0,0.0,0.0,0,0.0,0,0.0,0.0,0.0,0.0,2400,0,0.0,0,0.0,0,0.0,0,0.0,0.0,0.0,0.0,0.0,481,0.0010020833333333333,0.05403549422447234,0.12261417935276042,0.12388116112556916,0.12428621347528712,-0.12428621347528712
merge_split__proposed__N200__pl00__lat000__seed1,merge_split,proposed,200,1,0.0,0.0,4.0,12,4.0,4.0,0.0,0.0,4.0,0.0,0.0,120.0,0.05,0.2949247226064006,0.22207060678589385,0,0.0,138,2.888243801263711e-06,0,0.0,1.0,True,58.2,0.03739117525151748,13.834735174824328,11.977629937629938,42.25839169090614,0.08800164866910899,Three groups cross through a shared central gate before splitting toward three exits.,0,0,0,0.0,0.0,0,0.0,0,0,0.0,0.0,0,0.0,0,0.0,0.0,0.0,0.0,2400,0,0.0,0,0.0,0,0.0,0,0.0,0.0,0.0,0.0,0.0,762,0.0015875,0.055420545644140624,0.10326222038555866,0.13666970109160748,0.13792939321410613,-0.13792939321410613
merge_split__proposed__N200__pl00__lat000__seed2,merge_split,proposed,200,2,0.0,0.0,4.0,12,4.0,4.0,0.0,0.0,4.0,0.0,0.0,120.0,0.05,0.29920422623554405,0.22572670687471608,0,0.0,140,2.9301024070791273e-06,0,0.0,1.0,True,58.25,0.03734599265632609,14.265870036241829,11.985530145530145,43.107849028892815,0.0897706143875319,Three groups cross through a shared central gate before splitting toward three exits.,0,0,0,0.0,0.0,0,0.0,0,0,0.0,0.0,0,0.0,0,0.0,0.0,0.0,0.0,2400,0,0.0,0,0.0,0,0.0,0,0.0,0.0,0.0,0.0,0.0,548,0.0011416666666666667,0.0791011950869167,0.13299558228234593,0.1342068876277282,0.1342732931252839,-0.1342732931252839
merge_split__proposed__N200__pl00__lat000__seed3,merge_split,proposed,200,3,0.0,0.0,4.0,12,4.0,4.0,0.0,0.0,4.0,0.0,0.0,120.0,0.05,0.2507175663189117,0.28701609284987273,0,0.0,218,4.5625880338803555e-06,0,0.0,1.0,True,60.300000000000004,0.037304939853039176,14.280103294406201,11.998991683991685,41.407845865003765,0.08623041621200284,Three groups cross through a shared central gate before splitting toward three exits.,0,0,0,0.0,0.0,0,0.0,0,0,0.0,0.0,0,0.0,0,0.0,0.0,0.0,0.0,2400,0,0.0,0,0.0,0,0.0,0,0.0,0.0,0.0,0.0,0.0,556,0.0011583333333333333,0.041904215401758774,0.06897328136613129,0.07097707337209323,0.07298390715012726,-0.07298390715012726
merge_split__proposed__N200__pl00__lat000__seed4,merge_split,proposed,200,4,0.0,0.0,4.0,12,4.0,4.0,0.0,0.0,4.0,0.0,0.0,120.0,0.05,0.30366798445077564,0.2562086790812447,0,0.0,59,1.234828871554775e-06,0,0.0,1.0,True,58.400000000000006,0.03740451054268023,13.323247528053706,11.993523908523908,42.3922742777504,0.08828045455591504,Three groups cross through a shared central gate before splitting toward three exits.,0,0,0,0.0,0.0,0,0.0,0,0,0.0,0.0,0,0.0,0,0.0,0.0,0.0,0.0,2400,0,0.0,0,0.0,0,0.0,0,0.0,0.0,0.0,0.0,0.0,584,0.0012166666666666667,0.05328712337073267,0.0975418501525234,0.10378911945745328,0.10379132091875531,-0.10379132091875531
merge_split__proposed__N500__pl00__lat000__seed0,merge_split,proposed,500,0,0.0,0.0,4.0,12,4.0,4.0,0.0,0.0,4.0,0.0,0.0,120.0,0.05,0.3439410883630471,0.35954959068015835,0,0.0,91,3.038146263372226e-07,0,0.0,1.0,True,68.5,0.120772424280981,45.376240629636655,11.985517671517671,153.74535796698183,0.12806777006828973,Three groups cross through a shared central gate before splitting toward three exits.,0,0,0,0.0,0.0,0,0.0,0,0,0.0,0.0,0,0.0,0,0.0,0.0,0.0,0.0,2400,0,0.0,0,0.0,0,0.0,0,0.0,0.0,0.0,0.0,0.0,4,3.3333333333333333e-06,0.00028307606606353675,0.00043284540797219325,0.00044689653746774914,0.0004504093198416381,-0.0004504093198416381
merge_split__proposed__N500__pl00__lat000__seed1,merge_split,proposed,500,1,0.0,0.0,4.0,12,4.0,4.0,0.0,0.0,4.0,0.0,0.0,120.0,0.05,0.3660393245923821,0.3639566710203158,0,0.0,45,1.5023800203489027e-07,0,0.0,1.0,True,67.4,0.12115959265360465,45.75029688877662,11.983733887733887,154.03544807387516,0.12830941114025418,Three groups cross through a shared central gate before splitting toward three exits.,0,0,0,0.0,0.0,0,0.0,0,0,0.0,0.0,0,0.0,0,0.0,0.0,0.0,0.0,2400,0,0.0,0,0.0,0,0.0,0,0.0,0.0,0.0,0.0,0.0,0,0.0,0.0,0.0,0.0,0.0,0.003956671020315827
merge_split__proposed__N500__pl00__lat000__seed2,merge_split,proposed,500,2,0.0,0.0,4.0,12,4.0,4.0,0.0,0.0,4.0,0.0,0.0,120.0,0.05,0.32738047648869706,0.36352544060425795,0,0.0,132,4.406981393023448e-07,0,0.0,1.0,True,67.4,0.1208928265423176,45.261847051777195,11.983617463617463,155.80338168004528,0.12978207553523138,Three groups cross through a shared central gate before splitting toward three exits.,0,0,0,0.0,0.0,0,0.0,0,0,0.0,0.0,0,0.0,0,0.0,0.0,0.0,0.0,2400,0,0.0,0,0.0,0,0.0,0,0.0,0.0,0.0,0.0,0.0,0,0.0,0.0,0.0,0.0,0.0,0.003525440604257968
merge_split__proposed__N500__pl00__lat000__seed3,merge_split,proposed,500,3,0.0,0.0,4.0,12,4.0,4.0,0.0,0.0,4.0,0.0,0.0,120.0,0.05,0.34677805229656106,0.35352109590460834,0,0.0,58,1.9364009151163635e-07,0,0.0,1.0,True,66.95,0.12056847764218703,44.4568216643272,11.97537214137214,154.53167041298002,0.12872275752851314,Three groups cross through a shared central gate before splitting toward three exits.,0,0,0,0.0,0.0,0,0.0,0,0,0.0,0.0,0,0.0,0,0.0,0.0,0.0,0.0,2400,0,0.0,0,0.0,0,0.0,0,0.0,0.0,0.0,0.0,0.0,60,5e-05,0.0044132661100028375,0.006329475066309887,0.006424862000292552,0.006478904095391647,-0.006478904095391647
merge_split__proposed__N500__pl00__lat000__seed4,merge_split,proposed,500,4,0.0,0.0,4.0,12,4.0,4.0,0.0,0.0,4.0,0.0,0.0,120.0,0.05,0.32331671838123655,0.3643850949379924,0,0.0,71,2.3704218098838242e-07,0,0.0,1.0,True,67.25,0.12155842037083309,44.76379160196465,11.992835758835758,156.0444831000641,0.12998290970434329,Three groups cross through a shared central gate before splitting toward three exits.,0,0,0,0.0,0.0,0,0.0,0,0,0.0,0.0,0,0.0,0,0.0,0.0,0.0,0.0,2400,0,0.0,0,0.0,0,0.0,0,0.0,0.0,0.0,0.0,0.0,0,0.0,0.0,0.0,0.0,0.0,0.00438509493799244
open_flock__proposed__N50__pl00__lat000__seed0,open_flock,proposed,50,0,0.0,0.0,4.0,12,4.0,4.0,0.0,0.0,4.0,0.0,0.0,120.0,0.05,0.37709181173823814,,0,0.0,7,2.3799607306479444e-06,0,0.0,1.0,True,50.5,0.04043991140242773,4.816271412352134,11.883991683991685,6.8137401677668095,0.0567575190984324,Open-space flocking from left to right.,0,0,0,0.0,0.0,0,0.0,0,0,0.0,0.0,0,0.0,0,0.0,0.0,0.0,0.0,2400,0,0.0,0,0.0,0,0.0,0,0.0,0.0,0.0,0.0,0.0,0,0.0,0.0,0.0,0.0,0.0,
open_flock__proposed__N50__pl00__lat000__seed1,open_flock,proposed,50,1,0.0,0.0,4.0,12,4.0,4.0,0.0,0.0,4.0,0.0,0.0,120.0,0.05,0.4122412581894633,,0,0.0,0,0.0,0,0.0,1.0,True,50.45,0.040375147033107336,4.468901117198469,11.888898128898129,6.774892939720303,0.056433927028074156,Open-space flocking from left to right.,0,0,0,0.0,0.0,0,0.0,0,0,0.0,0.0,0,0.0,0,0.0,0.0,0.0,0.0,2400,0,0.0,0,0.0,0,0.0,0,0.0,0.0,0.0,0.0,0.0,0,0.0,0.0,0.0,0.0,0.0,
open_flock__proposed__N50__pl00__lat000__seed2,open_flock,proposed,50,2,0.0,0.0,4.0,12,4.0,4.0,0.0,0.0,4.0,0.0,0.0,120.0,0.05,0.3702176652971245,,0,0.0,7,2.3799607306479444e-06,0,0.0,1.0,True,51.1,0.04025080059977217,4.947973739116791,11.87945945945946,7.068049329798669,0.058875879465211736,Open-space flocking from left to right.,0,0,0,0.0,0.0,0,0.0,0,0,0.0,0.0,0,0.0,0,0.0,0.0,0.0,0.0,2400,0,0.0,0,0.0,0,0.0,0,0.0,0.0,0.0,0.0,0.0,0,0.0,0.0,0.0,0.0,0.0,
open_flock__proposed__N50__pl00__lat000__seed3,open_flock,proposed,50,3,0.0,0.0,4.0,12,4.0,4.0,0.0,0.0,4.0,0.0,0.0,120.0,0.05,0.4332339332335116,,0,0.0,0,0.0,0,0.0,1.0,True,50.45,0.04037570672183403,4.548255509505364,11.866860706860708,12.384385287296027,0.10316022729942546,Open-space flocking from left to right.,0,0,0,0.0,0.0,0,0.0,0,0,0.0,0.0,0,0.0,0,0.0,0.0,0.0,0.0,2400,0,0.0,0,0.0,0,0.0,0,0.0,0.0,0.0,0.0,0.0,0,0.0,0.0,0.0,0.0,0.0,
open_flock__proposed__N50__pl00__lat000__seed4,open_flock,proposed,50,4,0.0,0.0,4.0,12,4.0,4.0,0.0,0.0,4.0,0.0,0.0,120.0,0.05,0.4325204919469016,,0,0.0,0,0.0,0,0.0,1.0,True,50.5,0.04035331597574745,4.669692758833009,11.871933471933472,6.763894044794142,0.05634230774505741,Open-space flocking from left to right.,0,0,0,0.0,0.0,0,0.0,0,0,0.0,0.0,0,0.0,0,0.0,0.0,0.0,0.0,2400,0,0.0,0,0.0,0,0.0,0,0.0,0.0,0.0,0.0,0.0,0,0.0,0.0,0.0,0.0,0.0,
open_flock__proposed__N100__pl00__lat000__seed0,open_flock,proposed,100,0,0.0,0.0,4.0,12,4.0,4.0,0.0,0.0,4.0,0.0,0.0,120.0,0.05,0.3677691353278211,,0,0.0,7,5.889801808169155e-07,0,0.0,1.0,True,50.75,0.11896386589204623,5.708221079791693,11.99943866943867,15.243286059703678,0.06348723889922397,Open-space flocking from left to right.,0,0,0,0.0,0.0,0,0.0,0,0,0.0,0.0,0,0.0,0,0.0,0.0,0.0,0.0,2400,0,0.0,0,0.0,0,0.0,0,0.0,0.0,0.0,0.0,0.0,0,0.0,0.0,0.0,0.0,0.0,
open_flock__proposed__N100__pl00__lat000__seed1,open_flock,proposed,100,1,0.0,0.0,4.0,12,4.0,4.0,0.0,0.0,4.0,0.0,0.0,120.0,0.05,0.37911866704985625,,0,0.0,6,5.048401549859276e-07,0,0.0,1.0,True,50.75,0.1186204402651658,5.688599811796744,11.99941787941788,15.484748343005776,0.06449291271555925,Open-space flocking from left to right.,0,0,0,0.0,0.0,0,0.0,0,0,0.0,0.0,0,0.0,0,0.0,0.0,0.0,0.0,2400,0,0.0,0,0.0,0,0.0,0,0.0,0.0,0.0,0.0,0.0,0,0.0,0.0,0.0,0.0,0.0,
open_flock__proposed__N100__pl00__lat000__seed2,open_flock,proposed,100,2,0.0,0.0,4.0,12,4.0,4.0,0.0,0.0,4.0,0.0,0.0,120.0,0.05,0.3690302541888897,,0,0.0,7,5.889801808169155e-07,0,0.0,1.0,True,50.75,0.11862419431445441,5.703451822800292,11.99941787941788,15.33026736881584,0.06384951007420174,Open-space flocking from left to right.,0,0,0,0.0,0.0,0,0.0,0,0,0.0,0.0,0,0.0,0,0.0,0.0,0.0,0.0,2400,0,0.0,0,0.0,0,0.0,0,0.0,0.0,0.0,0.0,0.0,0,0.0,0.0,0.0,0.0,0.0,
open_flock__proposed__N100__pl00__lat000__seed3,open_flock,proposed,100,3,0.0,0.0,4.0,12,4.0,4.0,0.0,0.0,4.0,0.0,0.0,120.0,0.05,0.37004842830557205,,0,0.0,7,5.889801808169155e-07,0,0.0,1.0,True,50.7,0.11873409167263596,5.694859055924156,11.99956340956341,15.025413463823497,0.06257981450988545,Open-space flocking from left to right.,0,0,0,0.0,0.0,0,0.0,0,0,0.0,0.0,0,0.0,0,0.0,0.0,0.0,0.0,2400,0,0.0,0,0.0,0,0.0,0,0.0,0.0,0.0,0.0,0.0,0,0.0,0.0,0.0,0.0,0.0,
open_flock__proposed__N100__pl00__lat000__seed4,open_flock,proposed,100,4,0.0,0.0,4.0,12,4.0,4.0,0.0,0.0,4.0,0.0,0.0,120.0,0.05,0.38095778987802015,,0,0.0,5,4.2070012915493963e-07,0,0.0,1.0,True,50.75,0.11857660310702388,5.691418294462064,11.999459459459459,15.305876531172544,0.06374792391158911,Open-space flocking from left to right.,0,0,0,0.0,0.0,0,0.0,0,0,0.0,0.0,0,0.0,0,0.0,0.0,0.0,0.0,2400,0,0.0,0,0.0,0,0.0,0,0.0,0.0,0.0,0.0,0.0,0,0.0,0.0,0.0,0.0,0.0,
open_flock__proposed__N200__pl00__lat000__seed0,open_flock,proposed,200,0,0.0,0.0,4.0,12,4.0,4.0,0.0,0.0,4.0,0.0,0.0,120.0,0.05,0.25365640238518233,,0,0.0,151,3.160324739063916e-06,0,0.0,1.0,True,52.050000000000004,0.15769728600211713,9.986405814489324,12.0,32.79338855994865,0.06829110487286266,Open-space flocking from left to right.,0,0,0,0.0,0.0,0,0.0,0,0,0.0,0.0,0,0.0,0,0.0,0.0,0.0,0.0,2400,0,0.0,0,0.0,0,0.0,0,0.0,0.0,0.0,0.0,0.0,0,0.0,0.0,0.0,0.0,0.0,
open_flock__proposed__N200__pl00__lat000__seed1,open_flock,proposed,200,1,0.0,0.0,4.0,12,4.0,4.0,0.0,0.0,4.0,0.0,0.0,120.0,0.05,0.32759613399030485,,0,0.0,112,2.344081925663302e-06,0,0.0,1.0,True,52.2,0.15152610321884658,10.251830126651548,12.0,33.36432219296694,0.06948005454595364,Open-space flocking from left to right.,0,0,0,0.0,0.0,0,0.0,0,0,0.0,0.0,0,0.0,0,0.0,0.0,0.0,0.0,2400,0,0.0,0,0.0,0,0.0,0,0.0,0.0,0.0,0.0,0.0,0,0.0,0.0,0.0,0.0,0.0,
open_flock__proposed__N200__pl00__lat000__seed2,open_flock,proposed,200,2,0.0,0.0,4.0,12,4.0,4.0,0.0,0.0,4.0,0.0,0.0,120.0,0.05,0.31025610278011745,,0,0.0,86,1.7999200500628926e-06,0,0.0,1.0,True,52.1,0.15384709560771134,10.139729457375724,12.0,32.856370128225535,0.06842226182470956,Open-space flocking from left to right.,0,0,0,0.0,0.0,0,0.0,0,0,0.0,0.0,0,0.0,0,0.0,0.0,0.0,0.0,2400,0,0.0,0,0.0,0,0.0,0,0.0,0.0,0.0,0.0,0.0,0,0.0,0.0,0.0,0.0,0.0,
open_flock__proposed__N200__pl00__lat000__seed3,open_flock,proposed,200,3,0.0,0.0,4.0,12,4.0,4.0,0.0,0.0,4.0,0.0,0.0,120.0,0.05,0.25352072527533304,,0,0.0,104,2.1766475024016374e-06,0,0.0,1.0,True,52.550000000000004,0.16007908341529706,10.281280643597043,12.0,32.866553789936006,0.06844346895030405,Open-space flocking from left to right.,0,0,0,0.0,0.0,0,0.0,0,0,0.0,0.0,0,0.0,0,0.0,0.0,0.0,0.0,2400,0,0.0,0,0.0,0,0.0,0,0.0,0.0,0.0,0.0,0.0,0,0.0,0.0,0.0,0.0,0.0,
open_flock__proposed__N200__pl00__lat000__seed4,open_flock,proposed,200,4,0.0,0.0,4.0,12,4.0,4.0,0.0,0.0,4.0,0.0,0.0,120.0,0.05,0.31995439773934364,,0,0.0,128,2.678950772186631e-06,0,0.0,1.0,True,52.45,0.15640309438470354,10.024126807399725,12.0,32.936500222887844,0.06858912999351904,Open-space flocking from left to right.,0,0,0,0.0,0.0,0,0.0,0,0,0.0,0.0,0,0.0,0,0.0,0.0,0.0,0.0,2400,0,0.0,0,0.0,0,0.0,0,0.0,0.0,0.0,0.0,0.0,0,0.0,0.0,0.0,0.0,0.0,
open_flock__proposed__N500__pl00__lat000__seed0,open_flock,proposed,500,0,0.0,0.0,4.0,12,4.0,4.0,0.0,0.0,4.0,0.0,0.0,120.0,0.05,0.3086687966722295,,0,0.0,385,1.2853695729651724e-06,0,0.0,1.0,True,59.85,0.24957833024925358,27.73056789708276,12.0,114.15680025191978,0.09509104560759665,Open-space flocking from left to right.,0,0,0,0.0,0.0,0,0.0,0,0,0.0,0.0,0,0.0,0,0.0,0.0,0.0,0.0,2400,0,0.0,0,0.0,0,0.0,0,0.0,0.0,0.0,0.0,0.0,0,0.0,0.0,0.0,0.0,0.0,
open_flock__proposed__N500__pl00__lat000__seed1,open_flock,proposed,500,1,0.0,0.0,4.0,12,4.0,4.0,0.0,0.0,4.0,0.0,0.0,120.0,0.05,0.31697340743606106,,0,0.0,278,9.281369903488777e-07,0,0.0,0.998,True,59.25,0.24933393859089967,26.0024005889389,12.0,113.53785830829293,0.09457547547546266,Open-space flocking from left to right.,0,0,0,0.0,0.0,0,0.0,0,0,0.0,0.0,0,0.0,0,0.0,0.0,0.0,0.0,2400,0,0.0,0,0.0,0,0.0,0,0.0,0.0,0.0,0.0,0.0,0,0.0,0.0,0.0,0.0,0.0,
open_flock__proposed__N500__pl00__lat000__seed2,open_flock,proposed,500,2,0.0,0.0,4.0,12,4.0,4.0,0.0,0.0,4.0,0.0,0.0,120.0,0.05,0.3187096765904648,,0,0.0,448,1.4957027758140187e-06,0,0.0,1.0,True,59.550000000000004,0.24564543686257787,27.445150031534773,12.0,110.69333710614592,0.09220602840995079,Open-space flocking from left to right.,0,0,0,0.0,0.0,0,0.0,0,0,0.0,0.0,0,0.0,0,0.0,0.0,0.0,0.0,2400,0,0.0,0,0.0,0,0.0,0,0.0,0.0,0.0,0.0,0.0,0,0.0,0.0,0.0,0.0,0.0,
open_flock__proposed__N500__pl00__lat000__seed3,open_flock,proposed,500,3,0.0,0.0,4.0,12,4.0,4.0,0.0,0.0,4.0,0.0,0.0,120.0,0.05,0.3095082006715489,,0,0.0,548,1.8295650025582194e-06,0,0.0,1.0,True,59.25,0.25012028403703124,27.167870930981156,12.0,112.44727544812486,0.09366703494221146,Open-space flocking from left to right.,0,0,0,0.0,0.0,0,0.0,0,0,0.0,0.0,0,0.0,0,0.0,0.0,0.0,0.0,2400,0,0.0,0,0.0,0,0.0,0,0.0,0.0,0.0,0.0,0.0,0,0.0,0.0,0.0,0.0,0.0,
open_flock__proposed__N500__pl00__lat000__seed4,open_flock,proposed,500,4,0.0,0.0,4.0,12,4.0,4.0,0.0,0.0,4.0,0.0,0.0,120.0,0.05,0.3109454436980789,,0,0.0,468,1.5624752211628589e-06,0,0.0,1.0,True,58.45,0.24601047244139845,27.15885965801801,12.0,112.23465206194669,0.09348992258387896,Open-space flocking from left to right.,0,0,0,0.0,0.0,0,0.0,0,0,0.0,0.0,0,0.0,0,0.0,0.0,0.0,0.0,2400,0,0.0,0,0.0,0,0.0,0,0.0,0.0,0.0,0.0,0.0,0,0.0,0.0,0.0,0.0,0.0,
