run_id,scenario,controller,n_agents,seed,packet_loss,latency_ms,comm_radius_m,k_neighbors,update_rate_hz,obstacle_update_rate_hz,local_safety_dropout,local_safety_latency_ms,local_safety_update_rate_hz,local_safety_position_noise_std_m,local_safety_velocity_noise_std_mps,horizon_s,dt_s,min_inter_agent_distance_m,min_obstacle_contact_boundary_margin_m,cumulative_collision_pairs,collision_rate_per_pair_step,cumulative_safety_violation_pairs,safety_violation_rate_per_pair_step,cumulative_obstacle_contacts,obstacle_contact_rate_per_agent_step,final_reached_fraction,mission_success,completion_time_s,final_mean_goal_distance_m,energy_proxy_accel2_s_per_agent,mean_messages_per_agent_per_update,runtime_s,runtime_ms_per_agent_step,scenario_description,pairwise_projection_calls,pairwise_projection_pair_adjustments,pairwise_projection_agent_adjustments,pairwise_projection_total_displacement_m,pairwise_projection_max_displacement_m,pairwise_projection_velocity_corrections,pairwise_projection_agent_adjustment_rate_per_agent_step,obstacle_projection_calls,obstacle_projection_agent_adjustments,obstacle_projection_total_displacement_m,obstacle_projection_max_displacement_m,obstacle_projection_velocity_corrections,obstacle_projection_agent_adjustment_rate_per_agent_step,projection_agent_adjustments,projection_agent_adjustment_rate_per_agent_step,projection_total_displacement_m,projection_mean_displacement_m_per_adjustment,projection_max_displacement_m,pre_projection_state_checks,pre_projection_collision_pairs,pre_projection_collision_rate_per_pair_step,pre_projection_obstacle_contacts,pre_projection_obstacle_contact_rate_per_agent_step,pre_projection_pairwise_violation_pairs,pre_projection_pairwise_violation_rate_per_pair_step,pre_projection_pairwise_violation_agent_steps,pre_projection_pairwise_violation_agent_rate_per_agent_step,pre_projection_pairwise_mean_penetration_m,pre_projection_pairwise_p95_penetration_m,pre_projection_pairwise_p99_penetration_m,pre_projection_pairwise_max_penetration_m,pre_projection_obstacle_violation_agent_steps,pre_projection_obstacle_violation_rate_per_agent_step,pre_projection_obstacle_mean_penetration_m,pre_projection_obstacle_p95_penetration_m,pre_projection_obstacle_p99_penetration_m,pre_projection_obstacle_max_penetration_m,pre_projection_obstacle_min_clearance_margin_m,T90_s,T95_s,T99_s,safety_success
corridor_obstacles__proposed__N50__pl00__lat000__seed0,corridor_obstacles,proposed,50,0,0.0,0.0,4.0,12,4.0,4.0,0.0,0.0,4.0,0.0,0.0,120.0,0.05,0.2354199103828352,0.2274165415456603,0,0.0,67,2.277962413620176e-05,0,0.0,1.0,True,57.650000000000006,0.0404399114024277,25.881416841933472,11.576548856548856,22.936810603830963,0.1910604798319947,Obstacle-rich corridor with three lateral rows of alternating cylindrical obstacles.,0,0,0,0.0,0.0,0,0.0,0,0,0.0,0.0,0,0.0,0,0.0,0.0,0.0,0.0,2400,0,0.0,0,0.0,0,0.0,0,0.0,0.0,0.0,0.0,0.0,2703,0.022525,0.0431010370673606,0.1031538800593829,0.1296398497239926,0.1325834584543397,-0.1325834584543397,57.75,58.25,58.75,True
corridor_obstacles__proposed__N50__pl00__lat000__seed1,corridor_obstacles,proposed,50,1,0.0,0.0,4.0,12,4.0,4.0,0.0,0.0,4.0,0.0,0.0,120.0,0.05,0.2551893986547173,0.2186626000524137,0,0.0,68,2.311961852629432e-05,0,0.0,1.0,True,57.45,0.0403751470331073,25.047293878171946,11.522827442827444,35.04545730818063,0.2919238426337412,Obstacle-rich corridor with three lateral rows of alternating cylindrical obstacles.,0,0,0,0.0,0.0,0,0.0,0,0,0.0,0.0,0,0.0,0,0.0,0.0,0.0,0.0,2400,0,0.0,0,0.0,0,0.0,0,0.0,0.0,0.0,0.0,0.0,2770,0.0230833333333333,0.0447845826471859,0.1084201712192751,0.1365663115503196,0.1413373999475862,-0.1413373999475862,57.5,58.25,59.75,True
corridor_obstacles__proposed__N50__pl00__lat000__seed2,corridor_obstacles,proposed,50,2,0.0,0.0,4.0,12,4.0,4.0,0.0,0.0,4.0,0.0,0.0,120.0,0.05,0.3161789210557386,0.2283086502852355,0,0.0,55,1.869969145509099e-05,0,0.0,1.0,True,58.35,0.0402508005997721,26.1402777650349,11.5587525987526,23.42559434613213,0.1951319812255904,Obstacle-rich corridor with three lateral rows of alternating cylindrical obstacles.,0,0,0,0.0,0.0,0,0.0,0,0,0.0,0.0,0,0.0,0,0.0,0.0,0.0,0.0,2400,0,0.0,0,0.0,0,0.0,0,0.0,0.0,0.0,0.0,0.0,2629,0.0219083333333333,0.0473675369145391,0.108639504272434,0.1234731333148581,0.1316913497147644,-0.1316913497147644,58.25,58.625,59.75,True
corridor_obstacles__proposed__N50__pl00__lat000__seed3,corridor_obstacles,proposed,50,3,0.0,0.0,4.0,12,4.0,4.0,0.0,0.0,4.0,0.0,0.0,120.0,0.05,0.2247227241864862,0.2299574552799275,0,0.0,42,1.4279764383887666e-05,0,0.0,1.0,True,58.25,0.040375706721834,25.94736225364896,11.466902286902286,23.04665317805484,0.191975453378216,Obstacle-rich corridor with three lateral rows of alternating cylindrical obstacles.,0,0,0,0.0,0.0,0,0.0,0,0,0.0,0.0,0,0.0,0,0.0,0.0,0.0,0.0,2400,0,0.0,0,0.0,0,0.0,0,0.0,0.0,0.0,0.0,0.0,2805,0.023375,0.0420716756931041,0.098962174058548,0.1199777322990071,0.1300425447200726,-0.1300425447200726,58.25,58.625,60.25,True
corridor_obstacles__proposed__N50__pl00__lat000__seed4,corridor_obstacles,proposed,50,4,0.0,0.0,4.0,12,4.0,4.0,0.0,0.0,4.0,0.0,0.0,120.0,0.05,0.2343566504716708,0.2334789275080038,0,0.0,35,1.189980365323972e-05,0,0.0,1.0,True,57.2,0.0403533159757473,25.47178981346453,11.497089397089397,23.188195480033755,0.1931544812997397,Obstacle-rich corridor with three lateral rows of alternating cylindrical obstacles.,0,0,0,0.0,0.0,0,0.0,0,0,0.0,0.0,0,0.0,0,0.0,0.0,0.0,0.0,2400,0,0.0,0,0.0,0,0.0,0,0.0,0.0,0.0,0.0,0.0,2697,0.022475,0.0426963508390695,0.0987483553148613,0.1109973502382181,0.1265210724919963,-0.1265210724919963,57.5,58.41666666666666,58.875,True
corridor_obstacles__proposed__N100__pl00__lat000__seed0,corridor_obstacles,proposed,100,0,0.0,0.0,4.0,12,4.0,4.0,0.0,0.0,4.0,0.0,0.0,120.0,0.05,0.2575758352826677,0.2196391892298518,0,0.0,192,1.6154884959549683e-05,0,0.0,1.0,True,58.7,0.1201453038974292,28.599436167814783,11.917359667359667,45.556258586701006,0.1897386863252853,Obstacle-rich corridor with three lateral rows of alternating cylindrical obstacles.,0,0,0,0.0,0.0,0,0.0,0,0,0.0,0.0,0,0.0,0,0.0,0.0,0.0,0.0,2400,0,0.0,0,0.0,0,0.0,0,0.0,0.0,0.0,0.0,0.0,3752,0.0156333333333333,0.0441254517072519,0.1092503084447125,0.1336552657628382,0.1403608107701481,-0.1403608107701481,58.833333333333336,60.0,62.5,True
corridor_obstacles__proposed__N100__pl00__lat000__seed1,corridor_obstacles,proposed,100,1,0.0,0.0,4.0,12,4.0,4.0,0.0,0.0,4.0,0.0,0.0,120.0,0.05,0.2332677595270165,0.2219222284995226,0,0.0,181,1.5229344675408816e-05,0,0.0,1.0,True,58.150000000000006,0.1200772962595417,28.507465731008374,11.885384615384616,46.11670322297141,0.1920728997208305,Obstacle-rich corridor with three lateral rows of alternating cylindrical obstacles.,0,0,0,0.0,0.0,0,0.0,0,0,0.0,0.0,0,0.0,0,0.0,0.0,0.0,0.0,2400,0,0.0,0,0.0,0,0.0,0,0.0,0.0,0.0,0.0,0.0,3988,0.0166166666666666,0.0413301189477223,0.1055567693928202,0.1213853328545715,0.1380777715004775,-0.1380777715004775,58.25,60.0,64.5,True
corridor_obstacles__proposed__N100__pl00__lat000__seed2,corridor_obstacles,proposed,100,2,0.0,0.0,4.0,12,4.0,4.0,0.0,0.0,4.0,0.0,0.0,120.0,0.05,0.2477614861455702,0.2175208027288558,0,0.0,248,2.086672640608501e-05,0,0.0,1.0,True,58.650000000000006,0.1184869742090439,28.7056888030006,11.91977130977131,46.86499587073922,0.1951894871750904,Obstacle-rich corridor with three lateral rows of alternating cylindrical obstacles.,0,0,0,0.0,0.0,0,0.0,0,0,0.0,0.0,0,0.0,0,0.0,0.0,0.0,0.0,2400,0,0.0,0,0.0,0,0.0,0,0.0,0.0,0.0,0.0,0.0,3974,0.0165583333333333,0.0446555182548037,0.1091193627617284,0.1284607411585227,0.1424791972711441,-0.1424791972711441,58.75,60.3,62.0,True
corridor_obstacles__proposed__N100__pl00__lat000__seed3,corridor_obstacles,proposed,100,3,0.0,0.0,4.0,12,4.0,4.0,0.0,0.0,4.0,0.0,0.0,120.0,0.05,0.245494172411966,0.2219953892394826,0,0.0,214,1.8005965527831418e-05,0,0.0,1.0,True,58.25,0.1188112531516143,28.15299330230257,11.895197505197505,52.0560100460425,0.216809704481643,Obstacle-rich corridor with three lateral rows of alternating cylindrical obstacles.,0,0,0,0.0,0.0,0,0.0,0,0,0.0,0.0,0,0.0,0,0.0,0.0,0.0,0.0,2400,0,0.0,0,0.0,0,0.0,0,0.0,0.0,0.0,0.0,0.0,4025,0.0167708333333333,0.0463975933728859,0.1129379080677772,0.1339334794231479,0.1380046107605175,-0.1380046107605175,58.2,60.0,62.75,True
corridor_obstacles__proposed__N100__pl00__lat000__seed4,corridor_obstacles,proposed,100,4,0.0,0.0,4.0,12,4.0,4.0,0.0,0.0,4.0,0.0,0.0,120.0,0.05,0.2454943565559393,0.2146282747073559,0,0.0,190,1.5986604907887705e-05,0,0.0,1.0,True,59.55,0.1199655004302311,28.41216307789541,11.904698544698544,46.085606046020985,0.1919433821158725,Obstacle-rich corridor with three lateral rows of alternating cylindrical obstacles.,0,0,0,0.0,0.0,0,0.0,0,0,0.0,0.0,0,0.0,0,0.0,0.0,0.0,0.0,2400,0,0.0,0,0.0,0,0.0,0,0.0,0.0,0.0,0.0,0.0,4049,0.0168708333333333,0.0483650763972933,0.1129709249794944,0.1407404773322678,0.145371725292644,-0.145371725292644,60.0,61.5,62.5,True
corridor_obstacles__proposed__N100__pl00__lat050__seed0,corridor_obstacles,proposed,100,0,0.0,50.0,4.0,12,4.0,4.0,0.0,0.0,4.0,0.0,0.0,120.0,0.05,0.3414500176774055,0.3557158017587122,0,0.0,58,4.8801214981973e-06,0,0.0,1.0,True,66.5,0.1250699127112633,31.071415118105733,11.708170478170478,70.8119311761111,0.2949268270558563,Obstacle-rich corridor with three lateral rows of alternating cylindrical obstacles.,0,0,0,0.0,0.0,0,0.0,0,0,0.0,0.0,0,0.0,0,0.0,0.0,0.0,0.0,2400,0,0.0,0,0.0,0,0.0,0,0.0,0.0,0.0,0.0,0.0,21,8.75e-05,0.0033097701507069,0.0041924825746668,0.0042658551079636,0.0042841982412877,-0.0042841982412877,66.5,69.0,70.75,True
corridor_obstacles__proposed__N100__pl00__lat050__seed1,corridor_obstacles,proposed,100,1,0.0,50.0,4.0,12,4.0,4.0,0.0,0.0,4.0,0.0,0.0,120.0,0.05,0.3341606768210745,0.3528620488406593,0,0.0,61,5.132541575690263e-06,0,0.0,1.0,True,67.5,0.1233675769614165,31.718080298410506,11.72883575883576,70.33397117909044,0.2929361565143292,Obstacle-rich corridor with three lateral rows of alternating cylindrical obstacles.,0,0,0,0.0,0.0,0,0.0,0,0,0.0,0.0,0,0.0,0,0.0,0.0,0.0,0.0,2400,0,0.0,0,0.0,0,0.0,0,0.0,0.0,0.0,0.0,0.0,47,0.0001958333333333,0.0043656614682859,0.0071070007184359,0.0071255848579971,0.0071379511593407,-0.0071379511593407,67.25,69.5,72.0,True
corridor_obstacles__proposed__N100__pl00__lat050__seed2,corridor_obstacles,proposed,100,2,0.0,50.0,4.0,12,4.0,4.0,0.0,0.0,4.0,0.0,0.0,120.0,0.05,0.3409792446446373,0.3530807203737065,0,0.0,52,4.375281343211372e-06,0,0.0,1.0,True,66.55,0.125158241516229,31.91962464873288,11.683160083160082,68.47279323078692,0.2851844782623361,Obstacle-rich corridor with three lateral rows of alternating cylindrical obstacles.,0,0,0,0.0,0.0,0,0.0,0,0,0.0,0.0,0,0.0,0,0.0,0.0,0.0,0.0,2400,0,0.0,0,0.0,0,0.0,0,0.0,0.0,0.0,0.0,0.0,127,0.0005291666666666,0.0049045140499451,0.0068555199039698,0.0069125040813113,0.0069192796262935,-0.0069192796262935,67.0,69.5,76.0,True
corridor_obstacles__proposed__N100__pl00__lat050__seed3,corridor_obstacles,proposed,100,3,0.0,50.0,4.0,12,4.0,4.0,0.0,0.0,4.0,0.0,0.0,120.0,0.05,0.3542939712160146,0.3452069349840461,0,0.0,44,3.702161136563469e-06,0,0.0,1.0,True,66.60000000000001,0.1250121563217815,31.529333869839125,11.706694386694387,69.91747224517167,0.2912014670769332,Obstacle-rich corridor with three lateral rows of alternating cylindrical obstacles.,0,0,0,0.0,0.0,0,0.0,0,0,0.0,0.0,0,0.0,0,0.0,0.0,0.0,0.0,2400,0,0.0,0,0.0,0,0.0,0,0.0,0.0,0.0,0.0,0.0,74,0.0003083333333333,0.0078069041663541,0.014756750397745,0.0147749587122022,0.014793065015954,-0.014793065015954,66.75,69.0,72.0,True
corridor_obstacles__proposed__N100__pl00__lat050__seed4,corridor_obstacles,proposed,100,4,0.0,50.0,4.0,12,4.0,4.0,0.0,0.0,4.0,0.0,0.0,120.0,0.05,0.3309544453399145,0.3483727973369193,0,0.0,57,4.795981472366312e-06,0,0.0,1.0,True,66.10000000000001,0.1250806312844904,31.643096407386626,11.713950103950104,69.35532076098025,0.2888601447770939,Obstacle-rich corridor with three lateral rows of alternating cylindrical obstacles.,0,0,0,0.0,0.0,0,0.0,0,0,0.0,0.0,0,0.0,0,0.0,0.0,0.0,0.0,2400,0,0.0,0,0.0,0,0.0,0,0.0,0.0,0.0,0.0,0.0,71,0.0002958333333333,0.0060949243496798,0.0115840225818462,0.0116069959386205,0.0116272026630808,-0.0116272026630808,66.25,68.75,73.5,True
corridor_obstacles__proposed__N100__pl10__lat000__seed0,corridor_obstacles,proposed,100,0,0.1,0.0,4.0,12,4.0,4.0,0.0,0.0,4.0,0.0,0.0,120.0,0.05,0.3300947959136289,0.3482200910534807,0,0.0,68,5.72152175650718e-06,0,0.0,1.0,True,66.9,0.1240007146139715,31.76763092725702,10.534199584199584,70.1312184818089,0.2920917054635939,Obstacle-rich corridor with three lateral rows of alternating cylindrical obstacles.,0,0,0,0.0,0.0,0,0.0,0,0,0.0,0.0,0,0.0,0,0.0,0.0,0.0,0.0,2400,0,0.0,0,0.0,0,0.0,0,0.0,0.0,0.0,0.0,0.0,125,0.0005208333333333,0.0066030370771598,0.0117082795681711,0.0117592915335544,0.0117799089465193,-0.0117799089465193,67.0,69.5,73.0,True
corridor_obstacles__proposed__N100__pl10__lat000__seed1,corridor_obstacles,proposed,100,1,0.1,0.0,4.0,12,4.0,4.0,0.0,0.0,4.0,0.0,0.0,120.0,0.05,0.329160736968098,0.3543817625857632,0,0.0,54,4.543561394873348e-06,0,0.0,1.0,True,66.25,0.1241552358233799,31.725369415104627,10.56137214137214,69.22497997106984,0.2883172843443142,Obstacle-rich corridor with three lateral rows of alternating cylindrical obstacles.,0,0,0,0.0,0.0,0,0.0,0,0,0.0,0.0,0,0.0,0,0.0,0.0,0.0,0.0,2400,0,0.0,0,0.0,0,0.0,0,0.0,0.0,0.0,0.0,0.0,41,0.0001708333333333,0.0022625340061714,0.0047658708519975,0.0054653308196119,0.0056182374142368,-0.0056182374142368,66.25,67.0,71.0,True
corridor_obstacles__proposed__N100__pl10__lat000__seed2,corridor_obstacles,proposed,100,2,0.1,0.0,4.0,12,4.0,4.0,0.0,0.0,4.0,0.0,0.0,120.0,0.05,0.3134703680830433,0.3530025539348487,0,0.0,83,6.983622143971998e-06,0,0.0,1.0,True,66.5,0.1251276249860946,31.42852769612465,10.48,69.44844902819023,0.2892480176101217,Obstacle-rich corridor with three lateral rows of alternating cylindrical obstacles.,0,0,0,0.0,0.0,0,0.0,0,0,0.0,0.0,0,0.0,0,0.0,0.0,0.0,0.0,2400,0,0.0,0,0.0,0,0.0,0,0.0,0.0,0.0,0.0,0.0,120,0.0005,0.0038142674066365,0.0069011014863136,0.0069726154509515,0.0069974460651514,-0.0069974460651514,66.5,68.5,72.5,True
corridor_obstacles__proposed__N100__pl10__lat000__seed3,corridor_obstacles,proposed,100,3,0.1,0.0,4.0,12,4.0,4.0,0.0,0.0,4.0,0.0,0.0,120.0,0.05,0.3081216719847965,0.3492962160559418,0,0.0,78,6.562922014817059e-06,0,0.0,1.0,True,67.25,0.125101364347068,31.51742370382069,10.53066528066528,68.7883779942058,0.2864988671145598,Obstacle-rich corridor with three lateral rows of alternating cylindrical obstacles.,0,0,0,0.0,0.0,0,0.0,0,0,0.0,0.0,0,0.0,0,0.0,0.0,0.0,0.0,2400,0,0.0,0,0.0,0,0.0,0,0.0,0.0,0.0,0.0,0.0,57,0.0002375,0.0068432405654891,0.0106651255165998,0.010688403629611,0.0107037839440582,-0.0107037839440582,67.33333333333333,68.75,73.0,True
corridor_obstacles__proposed__N100__pl10__lat000__seed4,corridor_obstacles,proposed,100,4,0.1,0.0,4.0,12,4.0,4.0,0.0,0.0,4.0,0.0,0.0,120.0,0.05,0.2697866892863861,0.3495838504311516,0,0.0,75,6.310501937324095e-06,0,0.0,1.0,True,66.5,0.1241012783077038,32.47515317815126,10.502702702702702,69.75099655101076,0.2905081072511901,Obstacle-rich corridor with three lateral rows of alternating cylindrical obstacles.,0,0,0,0.0,0.0,0,0.0,0,0,0.0,0.0,0,0.0,0,0.0,0.0,0.0,0.0,2400,0,0.0,0,0.0,0,0.0,0,0.0,0.0,0.0,0.0,0.0,80,0.0003333333333333,0.0049395887778972,0.0103528069158526,0.0103985775447337,0.0104161495688483,-0.0104161495688483,66.5,70.5,74.0,True
corridor_obstacles__proposed__N100__pl10__lat050__seed0,corridor_obstacles,proposed,100,0,0.1,50.0,4.0,12,4.0,4.0,0.0,0.0,4.0,0.0,0.0,120.0,0.05,0.3049154784241362,0.3497163566379573,0,0.0,64,5.3849616531832274e-06,0,0.0,1.0,True,67.0,0.1243390180757471,31.70782005028057,10.498149688149688,70.34191018668935,0.2929692219353992,Obstacle-rich corridor with three lateral rows of alternating cylindrical obstacles.,0,0,0,0.0,0.0,0,0.0,0,0,0.0,0.0,0,0.0,0,0.0,0.0,0.0,0.0,2400,0,0.0,0,0.0,0,0.0,0,0.0,0.0,0.0,0.0,0.0,126,0.000525,0.0061368257855247,0.0101908281101741,0.0102612090414009,0.0102836433620427,-0.0102836433620427,67.0,69.5,72.5,True
corridor_obstacles__proposed__N100__pl10__lat050__seed1,corridor_obstacles,proposed,100,1,0.1,50.0,4.0,12,4.0,4.0,0.0,0.0,4.0,0.0,0.0,120.0,0.05,0.3162596340758733,0.3522809309268239,0,0.0,89,7.488462298957925e-06,0,0.0,1.0,True,67.35000000000001,0.1241151197464433,31.8280046210603,10.554386694386697,71.56221483787522,0.2980517069465856,Obstacle-rich corridor with three lateral rows of alternating cylindrical obstacles.,0,0,0,0.0,0.0,0,0.0,0,0,0.0,0.0,0,0.0,0,0.0,0.0,0.0,0.0,2400,0,0.0,0,0.0,0,0.0,0,0.0,0.0,0.0,0.0,0.0,100,0.0004166666666666,0.0029618807017501,0.0075012159402296,0.007613918062551,0.007719069073176,-0.007719069073176,67.33333333333333,68.5,70.5,True
corridor_obstacles__proposed__N100__pl10__lat050__seed2,corridor_obstacles,proposed,100,2,0.1,50.0,4.0,12,4.0,4.0,0.0,0.0,4.0,0.0,0.0,120.0,0.05,0.3425619142135044,0.3389442898433608,0,0.0,92,7.74088237645089e-06,0,0.0,1.0,True,66.15,0.1233549029273884,31.402667078478387,10.542224532224532,68.52237595291808,0.2853909868926201,Obstacle-rich corridor with three lateral rows of alternating cylindrical obstacles.,0,0,0,0.0,0.0,0,0.0,0,0,0.0,0.0,0,0.0,0,0.0,0.0,0.0,0.0,2400,0,0.0,0,0.0,0,0.0,0,0.0,0.0,0.0,0.0,0.0,178,0.0007416666666666,0.0085775330168552,0.0200790127780165,0.020835169409957,0.0210557101566393,-0.0210557101566393,66.5,67.5,69.0,True
corridor_obstacles__proposed__N100__pl10__lat050__seed3,corridor_obstacles,proposed,100,3,0.1,50.0,4.0,12,4.0,4.0,0.0,0.0,4.0,0.0,0.0,120.0,0.05,0.3371608950293555,0.352546947759949,0,0.0,65,5.469101679014216e-06,0,0.0,1.0,True,67.2,0.1243954658303359,32.391126629927406,10.514532224532225,70.34196390630677,0.2929694456739141,Obstacle-rich corridor with three lateral rows of alternating cylindrical obstacles.,0,0,0,0.0,0.0,0,0.0,0,0,0.0,0.0,0,0.0,0,0.0,0.0,0.0,0.0,2400,0,0.0,0,0.0,0,0.0,0,0.0,0.0,0.0,0.0,0.0,91,0.0003791666666666,0.004010669305722,0.0071560867131345,0.007366092383531,0.0074530522400511,-0.0074530522400511,67.16666666666667,68.5,78.5,True
corridor_obstacles__proposed__N100__pl10__lat050__seed4,corridor_obstacles,proposed,100,4,0.1,50.0,4.0,12,4.0,4.0,0.0,0.0,4.0,0.0,0.0,120.0,0.05,0.3103589166947891,0.3489477884840418,0,0.0,73,6.142221885662119e-06,0,0.0,1.0,True,66.4,0.124832961014201,32.47726106771187,10.556237006237009,70.44475055672228,0.2933975450092556,Obstacle-rich corridor with three lateral rows of alternating cylindrical obstacles.,0,0,0,0.0,0.0,0,0.0,0,0,0.0,0.0,0,0.0,0,0.0,0.0,0.0,0.0,2400,0,0.0,0,0.0,0,0.0,0,0.0,0.0,0.0,0.0,0.0,123,0.0005125,0.0061464123337626,0.0110473200020242,0.0110496376908232,0.0110522115159581,-0.0110522115159581,66.5,68.5,78.0,True
corridor_obstacles__proposed__N100__pl10__lat100__seed0,corridor_obstacles,proposed,100,0,0.1,100.0,4.0,12,4.0,4.0,0.0,0.0,4.0,0.0,0.0,120.0,0.05,0.3011746646886106,0.3423725324660766,0,0.0,64,5.3849616531832274e-06,0,0.0,1.0,True,67.35000000000001,0.1231224305072658,32.03976957903312,10.596777546777547,69.88645455008373,0.2910722805084703,Obstacle-rich corridor with three lateral rows of alternating cylindrical obstacles.,0,0,0,0.0,0.0,0,0.0,0,0,0.0,0.0,0,0.0,0,0.0,0.0,0.0,0.0,2400,0,0.0,0,0.0,0,0.0,0,0.0,0.0,0.0,0.0,0.0,68,0.0002833333333333,0.0073200348183854,0.0176117308288201,0.0176232330215842,0.0176274675339234,-0.0176274675339234,67.25,69.5,72.0,True
corridor_obstacles__proposed__N100__pl10__lat100__seed1,corridor_obstacles,proposed,100,1,0.1,100.0,4.0,12,4.0,4.0,0.0,0.0,4.0,0.0,0.0,120.0,0.05,0.3260927354888057,0.3429748395219539,0,0.0,72,6.058081859831131e-06,0,0.0,1.0,True,67.15,0.1254699341035625,31.793917216884264,10.557671517671515,69.9056919356808,0.2911524028974627,Obstacle-rich corridor with three lateral rows of alternating cylindrical obstacles.,0,0,0,0.0,0.0,0,0.0,0,0,0.0,0.0,0,0.0,0,0.0,0.0,0.0,0.0,2400,0,0.0,0,0.0,0,0.0,0,0.0,0.0,0.0,0.0,0.0,57,0.0002375,0.0093465235347511,0.0169656929214075,0.0170011147363956,0.017025160478046,-0.017025160478046,67.25,68.5,69.5,True
corridor_obstacles__proposed__N100__pl10__lat100__seed2,corridor_obstacles,proposed,100,2,0.1,100.0,4.0,12,4.0,4.0,0.0,0.0,4.0,0.0,0.0,120.0,0.05,0.3023080667175107,0.349426000616482,0,0.0,72,6.058081859831131e-06,0,0.0,1.0,True,66.25,0.1235868173275374,31.73624277512132,10.571891891891893,69.77615546388552,0.2906128923943586,Obstacle-rich corridor with three lateral rows of alternating cylindrical obstacles.,0,0,0,0.0,0.0,0,0.0,0,0,0.0,0.0,0,0.0,0,0.0,0.0,0.0,0.0,2400,0,0.0,0,0.0,0,0.0,0,0.0,0.0,0.0,0.0,0.0,60,0.00025,0.0074197745144942,0.0105259684450381,0.010562298190796,0.0105739993835181,-0.0105739993835181,66.5,68.25,70.0,True
corridor_obstacles__proposed__N100__pl10__lat100__seed3,corridor_obstacles,proposed,100,3,0.1,100.0,4.0,12,4.0,4.0,0.0,0.0,4.0,0.0,0.0,120.0,0.05,0.3274846541040602,0.341956059833305,0,0.0,82,6.89948211814101e-06,0,0.0,1.0,True,66.75,0.1243779659280645,32.08827457675743,10.485675675675676,68.69793290924281,0.2861221695511987,Obstacle-rich corridor with three lateral rows of alternating cylindrical obstacles.,0,0,0,0.0,0.0,0,0.0,0,0,0.0,0.0,0,0.0,0,0.0,0.0,0.0,0.0,2400,0,0.0,0,0.0,0,0.0,0,0.0,0.0,0.0,0.0,0.0,55,0.0002291666666666,0.0098937262879392,0.0180408021232242,0.0180432022327019,0.0180439401666949,-0.0180439401666949,66.83333333333333,70.5,73.0,True
corridor_obstacles__proposed__N100__pl10__lat100__seed4,corridor_obstacles,proposed,100,4,0.1,100.0,4.0,12,4.0,4.0,0.0,0.0,4.0,0.0,0.0,120.0,0.05,0.3320458483704345,0.3535421557891033,0,0.0,68,5.72152175650718e-06,0,0.0,1.0,True,67.25,0.1243036974400912,31.982370773631324,10.513991683991684,70.26615722384304,0.2926537160509914,Obstacle-rich corridor with three lateral rows of alternating cylindrical obstacles.,0,0,0,0.0,0.0,0,0.0,0,0,0.0,0.0,0,0.0,0,0.0,0.0,0.0,0.0,2400,0,0.0,0,0.0,0,0.0,0,0.0,0.0,0.0,0.0,0.0,74,0.0003083333333333,0.0031676901841537,0.0064319820522343,0.0064505086970414,0.0064578442108966,-0.0064578442108966,67.25,69.5,72.0,True
corridor_obstacles__proposed__N100__pl10__lat200__seed0,corridor_obstacles,proposed,100,0,0.1,200.0,4.0,12,4.0,4.0,0.0,0.0,4.0,0.0,0.0,120.0,0.05,0.3435007749700527,0.3435117722537838,0,0.0,69,5.805661782338168e-06,0,0.0,1.0,True,66.5,0.1254644820905954,32.64866798134233,10.49931392931393,68.22727239085361,0.2841619008365414,Obstacle-rich corridor with three lateral rows of alternating cylindrical obstacles.,0,0,0,0.0,0.0,0,0.0,0,0,0.0,0.0,0,0.0,0,0.0,0.0,0.0,0.0,2400,0,0.0,0,0.0,0,0.0,0,0.0,0.0,0.0,0.0,0.0,88,0.0003666666666666,0.0076675487853023,0.0164650805735174,0.0164813713642563,0.0164882277462161,-0.0164882277462161,66.5,69.0,73.5,True
corridor_obstacles__proposed__N100__pl10__lat200__seed1,corridor_obstacles,proposed,100,1,0.1,200.0,4.0,12,4.0,4.0,0.0,0.0,4.0,0.0,0.0,120.0,0.05,0.312436961725035,0.354690810545574,0,0.0,73,6.142221885662119e-06,0,0.0,1.0,True,67.45,0.1242064497538902,31.9458870130607,10.553056133056131,70.26471227407455,0.2926476979345046,Obstacle-rich corridor with three lateral rows of alternating cylindrical obstacles.,0,0,0,0.0,0.0,0,0.0,0,0,0.0,0.0,0,0.0,0,0.0,0.0,0.0,0.0,2400,0,0.0,0,0.0,0,0.0,0,0.0,0.0,0.0,0.0,0.0,17,7.083333333333334e-05,0.0036627386512185,0.0051905890045398,0.0052854693644487,0.0053091894544259,-0.0053091894544259,67.33333333333333,68.25,71.5,True
corridor_obstacles__proposed__N100__pl10__lat200__seed2,corridor_obstacles,proposed,100,2,0.1,200.0,4.0,12,4.0,4.0,0.0,0.0,4.0,0.0,0.0,120.0,0.05,0.2924486827010384,0.3438403657525549,0,0.0,83,6.983622143971998e-06,0,0.0,1.0,True,67.15,0.1252047188578499,31.997958007397887,10.52941787941788,70.16414631716907,0.2922288476350232,Obstacle-rich corridor with three lateral rows of alternating cylindrical obstacles.,0,0,0,0.0,0.0,0,0.0,0,0,0.0,0.0,0,0.0,0,0.0,0.0,0.0,0.0,2400,0,0.0,0,0.0,0,0.0,0,0.0,0.0,0.0,0.0,0.0,139,0.0005791666666666,0.0062003328918726,0.0161311594488495,0.0161518300050309,0.016159634247445,-0.016159634247445,67.16666666666667,68.33333333333333,73.0,True
corridor_obstacles__proposed__N100__pl10__lat200__seed3,corridor_obstacles,proposed,100,3,0.1,200.0,4.0,12,4.0,4.0,0.0,0.0,4.0,0.0,0.0,120.0,0.05,0.3176797183413969,0.3530583824092301,0,0.0,81,6.815342092310022e-06,0,0.0,1.0,True,67.7,0.1236069771175869,32.0734010734637,10.53929313929314,70.28012164123356,0.2927118768897691,Obstacle-rich corridor with three lateral rows of alternating cylindrical obstacles.,0,0,0,0.0,0.0,0,0.0,0,0,0.0,0.0,0,0.0,0,0.0,0.0,0.0,0.0,2400,0,0.0,0,0.0,0,0.0,0,0.0,0.0,0.0,0.0,0.0,132,0.00055,0.003655645930607,0.0069286228796062,0.0069296666352064,0.0069416175907699,-0.0069416175907699,67.6,68.5,71.5,True
corridor_obstacles__proposed__N100__pl10__lat200__seed4,corridor_obstacles,proposed,100,4,0.1,200.0,4.0,12,4.0,4.0,0.0,0.0,4.0,0.0,0.0,120.0,0.05,0.3036105860834791,0.352635128223617,0,0.0,78,6.562922014817059e-06,0,0.0,1.0,True,66.9,0.1240656744422974,31.847330993134605,10.551247401247402,69.76522671012208,0.2905673748859728,Obstacle-rich corridor with three lateral rows of alternating cylindrical obstacles.,0,0,0,0.0,0.0,0,0.0,0,0,0.0,0.0,0,0.0,0,0.0,0.0,0.0,0.0,2400,0,0.0,0,0.0,0,0.0,0,0.0,0.0,0.0,0.0,0.0,120,0.0005,0.0046454832079218,0.0070927599973201,0.0072640601230787,0.007364871776383,-0.007364871776383,67.0,69.5,71.0,True
corridor_obstacles__proposed__N100__pl20__lat050__seed0,corridor_obstacles,proposed,100,0,0.2,50.0,4.0,12,4.0,4.0,0.0,0.0,4.0,0.0,0.0,120.0,0.05,0.2982415876440216,0.355490211603003,0,0.0,77,6.478781988986071e-06,0,0.0,1.0,True,66.25,0.1224448492359118,32.297253146586925,9.39835758835759,69.79700604779646,0.2906997336434671,Obstacle-rich corridor with three lateral rows of alternating cylindrical obstacles.,0,0,0,0.0,0.0,0,0.0,0,0,0.0,0.0,0,0.0,0,0.0,0.0,0.0,0.0,2400,0,0.0,0,0.0,0,0.0,0,0.0,0.0,0.0,0.0,0.0,49,0.0002041666666666,0.0013975448430612,0.0038475507283577,0.0043692453060004,0.0045097883969971,-0.0045097883969971,66.5,69.25,72.0,True
corridor_obstacles__proposed__N100__pl20__lat050__seed1,corridor_obstacles,proposed,100,1,0.2,50.0,4.0,12,4.0,4.0,0.0,0.0,4.0,0.0,0.0,120.0,0.05,0.2921686148967407,0.3553232196473339,0,0.0,77,6.478781988986071e-06,0,0.0,1.0,True,66.4,0.1223344634459711,32.121457792760175,9.401288981288982,71.52891309792176,0.2979130074882206,Obstacle-rich corridor with three lateral rows of alternating cylindrical obstacles.,0,0,0,0.0,0.0,0,0.0,0,0,0.0,0.0,0,0.0,0,0.0,0.0,0.0,0.0,2400,0,0.0,0,0.0,0,0.0,0,0.0,0.0,0.0,0.0,0.0,27,0.0001125,0.0023698644610651,0.0043564277012455,0.0046157677963276,0.0046767803526661,-0.0046767803526661,66.5,68.5,75.5,True
corridor_obstacles__proposed__N100__pl20__lat050__seed2,corridor_obstacles,proposed,100,2,0.2,50.0,4.0,12,4.0,4.0,0.0,0.0,4.0,0.0,0.0,120.0,0.05,0.2983328484470183,0.3609765529208146,0,0.0,81,6.815342092310022e-06,0,0.0,1.0,True,65.95,0.1233006163727286,32.03864530347252,9.38031185031185,68.35315416613594,0.2846861897798248,Obstacle-rich corridor with three lateral rows of alternating cylindrical obstacles.,0,0,0,0.0,0.0,0,0.0,0,0,0.0,0.0,0,0.0,0,0.0,0.0,0.0,0.0,2400,0,0.0,0,0.0,0,0.0,0,0.0,0.0,0.0,0.0,0.0,0,0.0,0.0,0.0,0.0,0.0,0.0009765529208145,66.0,68.0,70.5,True
corridor_obstacles__proposed__N100__pl20__lat050__seed3,corridor_obstacles,proposed,100,3,0.2,50.0,4.0,12,4.0,4.0,0.0,0.0,4.0,0.0,0.0,120.0,0.05,0.2939596911301179,0.3493182470430913,0,0.0,108,9.087122789746696e-06,0,0.0,1.0,True,66.8,0.1215933780082515,31.91911562750765,9.336548856548855,70.8234065710567,0.2949746212871998,Obstacle-rich corridor with three lateral rows of alternating cylindrical obstacles.,0,0,0,0.0,0.0,0,0.0,0,0,0.0,0.0,0,0.0,0,0.0,0.0,0.0,0.0,2400,0,0.0,0,0.0,0,0.0,0,0.0,0.0,0.0,0.0,0.0,163,0.0006791666666666,0.0052301149205402,0.0106292640673588,0.0106492830741996,0.0106817529569087,-0.0106817529569087,66.75,68.0,78.0,True
corridor_obstacles__proposed__N100__pl20__lat050__seed4,corridor_obstacles,proposed,100,4,0.2,50.0,4.0,12,4.0,4.0,0.0,0.0,4.0,0.0,0.0,120.0,0.05,0.3165190471258637,0.3502964195151348,0,0.0,63,5.300821627352239e-06,0,0.0,1.0,True,66.7,0.1228682211979392,32.15987863474947,9.425197505197506,70.27576379477978,0.2926937267587662,Obstacle-rich corridor with three lateral rows of alternating cylindrical obstacles.,0,0,0,0.0,0.0,0,0.0,0,0,0.0,0.0,0,0.0,0,0.0,0.0,0.0,0.0,2400,0,0.0,0,0.0,0,0.0,0,0.0,0.0,0.0,0.0,0.0,103,0.0004291666666666,0.0068149738885742,0.009631047543778,0.0096730588418051,0.0097035804848653,-0.0097035804848653,66.91666666666667,68.0,71.0,True
corridor_obstacles__proposed__N100__pl40__lat050__seed0,corridor_obstacles,proposed,100,0,0.4,50.0,4.0,12,4.0,4.0,0.0,0.0,4.0,0.0,0.0,120.0,0.05,0.2217718362004587,0.3533215005999223,0,0.0,143,1.2032023693831274e-05,0,0.0,1.0,True,66.60000000000001,0.120156085273735,31.7261329624012,7.011060291060291,68.22393610794097,0.2841480054474842,Obstacle-rich corridor with three lateral rows of alternating cylindrical obstacles.,0,0,0,0.0,0.0,0,0.0,0,0,0.0,0.0,0,0.0,0,0.0,0.0,0.0,0.0,2400,0,0.0,0,0.0,0,0.0,0,0.0,0.0,0.0,0.0,0.0,93,0.0003875,0.0039119558843443,0.0066681814873588,0.0066738962170759,0.0066784994000776,-0.0066784994000776,67.0,69.0,74.0,True
corridor_obstacles__proposed__N100__pl40__lat050__seed1,corridor_obstacles,proposed,100,1,0.4,50.0,4.0,12,4.0,4.0,0.0,0.0,4.0,0.0,0.0,120.0,0.05,0.2745896585110709,0.3539547128463648,0,0.0,111,9.33954286723966e-06,0,0.0,1.0,True,66.25,0.1195942832522779,31.969170931251245,7.046486486486487,70.28463714523241,0.2927306836536127,Obstacle-rich corridor with three lateral rows of alternating cylindrical obstacles.,0,0,0,0.0,0.0,0,0.0,0,0,0.0,0.0,0,0.0,0,0.0,0.0,0.0,0.0,2400,0,0.0,0,0.0,0,0.0,0,0.0,0.0,0.0,0.0,0.0,46,0.0001916666666666,0.0038667205777498,0.0060285732311506,0.0060388649723908,0.0060452871536351,-0.0060452871536351,66.33333333333333,69.66666666666667,71.5,True
corridor_obstacles__proposed__N100__pl40__lat050__seed2,corridor_obstacles,proposed,100,2,0.4,50.0,4.0,12,4.0,4.0,0.0,0.0,4.0,0.0,0.0,120.0,0.05,0.2913543667839629,0.3493220194350557,0,0.0,116,9.7602429963946e-06,0,0.0,1.0,True,66.85000000000001,0.1185734443176179,31.87837139970064,7.0527234927234925,69.49673110526055,0.2894491091431093,Obstacle-rich corridor with three lateral rows of alternating cylindrical obstacles.,0,0,0,0.0,0.0,0,0.0,0,0,0.0,0.0,0,0.0,0,0.0,0.0,0.0,0.0,2400,0,0.0,0,0.0,0,0.0,0,0.0,0.0,0.0,0.0,0.0,178,0.0007416666666666,0.0041381307935519,0.0105189133930012,0.0106335978882174,0.0106779805649444,-0.0106779805649444,66.875,68.0,72.0,True
corridor_obstacles__proposed__N100__pl40__lat050__seed3,corridor_obstacles,proposed,100,3,0.4,50.0,4.0,12,4.0,4.0,0.0,0.0,4.0,0.0,0.0,120.0,0.05,0.3218800549088428,0.352620578909221,0,0.0,99,8.329862557267805e-06,0,0.0,1.0,True,67.10000000000001,0.1197398357616013,32.160535413106174,7.045239085239086,69.01055236672983,0.2874242081079959,Obstacle-rich corridor with three lateral rows of alternating cylindrical obstacles.,0,0,0,0.0,0.0,0,0.0,0,0,0.0,0.0,0,0.0,0,0.0,0.0,0.0,0.0,2400,0,0.0,0,0.0,0,0.0,0,0.0,0.0,0.0,0.0,0.0,125,0.0005208333333333,0.0030578387787574,0.0067494464859392,0.0071825665555568,0.0073794210907789,-0.0073794210907789,67.25,69.0,72.5,True
corridor_obstacles__proposed__N100__pl40__lat050__seed4,corridor_obstacles,proposed,100,4,0.4,50.0,4.0,12,4.0,4.0,0.0,0.0,4.0,0.0,0.0,120.0,0.05,0.3136000368110135,0.3409701161761015,0,0.0,87,7.32018224729595e-06,0,0.0,1.0,True,67.15,0.1186154059277716,32.564992667016966,7.022411642411642,69.88170038023964,0.2910524797177827,Obstacle-rich corridor with three lateral rows of alternating cylindrical obstacles.,0,0,0,0.0,0.0,0,0.0,0,0,0.0,0.0,0,0.0,0,0.0,0.0,0.0,0.0,2400,0,0.0,0,0.0,0,0.0,0,0.0,0.0,0.0,0.0,0.0,194,0.0008083333333333,0.0073114478380242,0.0188779275559468,0.0190090313172735,0.0190298838238984,-0.0190298838238984,67.5,69.0,75.0,True
corridor_obstacles__proposed__N200__pl00__lat000__seed0,corridor_obstacles,proposed,200,0,0.0,0.0,4.0,12,4.0,4.0,0.0,0.0,4.0,0.0,0.0,120.0,0.05,0.1999629707130399,0.215367387631122,0,0.0,694,1.452493621794939e-05,0,0.0,1.0,True,61.35,0.154879848492964,33.31378858166718,11.942879417879418,91.81540375808254,0.1912024234862193,Obstacle-rich corridor with three lateral rows of alternating cylindrical obstacles.,0,0,0,0.0,0.0,0,0.0,0,0,0.0,0.0,0,0.0,0,0.0,0.0,0.0,0.0,2400,0,0.0,0,0.0,0,0.0,0,0.0,0.0,0.0,0.0,0.0,6861,0.01429375,0.045368847988051,0.112158163706947,0.1342578262423091,0.1446326123688779,-0.1446326123688779,61.41666666666666,64.125,66.5,True
corridor_obstacles__proposed__N200__pl00__lat000__seed1,corridor_obstacles,proposed,200,1,0.0,0.0,4.0,12,4.0,4.0,0.0,0.0,4.0,0.0,0.0,120.0,0.05,0.2063550038774456,0.2245907467607147,0,0.0,874,1.829221074133684e-05,0,0.0,1.0,True,61.05,0.1569170536316331,33.436907172921494,11.946018711018713,90.44745650002731,0.1883537203249215,Obstacle-rich corridor with three lateral rows of alternating cylindrical obstacles.,0,0,0,0.0,0.0,0,0.0,0,0,0.0,0.0,0,0.0,0,0.0,0.0,0.0,0.0,2400,0,0.0,0,0.0,0,0.0,0,0.0,0.0,0.0,0.0,0.0,7125,0.01484375,0.0473206108253869,0.1152041691062269,0.125204607415067,0.1354092532392852,-0.1354092532392852,61.16666666666666,62.66666666666666,66.0,True
corridor_obstacles__proposed__N200__pl00__lat000__seed2,corridor_obstacles,proposed,200,2,0.0,0.0,4.0,12,4.0,4.0,0.0,0.0,4.0,0.0,0.0,120.0,0.05,0.192261017529205,0.218622257922657,0,0.0,783,1.6387644176735406e-05,0,0.0,1.0,True,61.35,0.1553266663542433,33.429137878949554,11.955145530145533,91.31964639993384,0.1901700258224361,Obstacle-rich corridor with three lateral rows of alternating cylindrical obstacles.,0,0,0,0.0,0.0,0,0.0,0,0,0.0,0.0,0,0.0,0,0.0,0.0,0.0,0.0,2400,0,0.0,0,0.0,0,0.0,0,0.0,0.0,0.0,0.0,0.0,6858,0.0142875,0.0443631459969711,0.1120650382816974,0.1339720866467774,0.141377742077343,-0.141377742077343,61.4375,63.125,65.25,True
corridor_obstacles__proposed__N200__pl00__lat000__seed3,corridor_obstacles,proposed,200,3,0.0,0.0,4.0,12,4.0,4.0,0.0,0.0,4.0,0.0,0.0,120.0,0.05,0.2005378077107277,0.2182097123162595,0,0.0,818,1.7120169778505188e-05,0,0.0,1.0,True,61.45,0.156318564516591,33.16821755976339,11.943607068607069,91.41697820229456,0.1903727159564651,Obstacle-rich corridor with three lateral rows of alternating cylindrical obstacles.,0,0,0,0.0,0.0,0,0.0,0,0,0.0,0.0,0,0.0,0,0.0,0.0,0.0,0.0,2400,0,0.0,0,0.0,0,0.0,0,0.0,0.0,0.0,0.0,0.0,7113,0.01481875,0.0447258635637252,0.11353663665174,0.1320383099648826,0.1417902876837404,-0.1417902876837404,61.5,62.5,65.0,True
corridor_obstacles__proposed__N200__pl00__lat000__seed4,corridor_obstacles,proposed,200,4,0.0,0.0,4.0,12,4.0,4.0,0.0,0.0,4.0,0.0,0.0,120.0,0.05,0.1972418560991847,0.2165801983859884,0,0.0,824,1.7245745595951436e-05,0,0.0,1.0,True,61.0,0.1510041083699128,33.79607077319761,11.936340956340956,91.84963397309184,0.1912737067328026,Obstacle-rich corridor with three lateral rows of alternating cylindrical obstacles.,0,0,0,0.0,0.0,0,0.0,0,0,0.0,0.0,0,0.0,0,0.0,0.0,0.0,0.0,2400,0,0.0,0,0.0,0,0.0,0,0.0,0.0,0.0,0.0,0.0,6783,0.01413125,0.0459088419354211,0.1139609131497543,0.1347577761660014,0.1434198016140115,-0.1434198016140115,61.0,63.25,68.0,True
corridor_obstacles__proposed__N200__pl00__lat050__seed0,corridor_obstacles,proposed,200,0,0.0,50.0,4.0,12,4.0,4.0,0.0,0.0,4.0,0.0,0.0,120.0,0.05,0.2690045122280002,0.3520945864717562,0,0.0,138,2.888243801263711e-06,0,0.0,1.0,True,68.65,0.1580480764352884,36.98117780004831,11.912869022869025,136.99773991806433,0.2852930860434492,Obstacle-rich corridor with three lateral rows of alternating cylindrical obstacles.,0,0,0,0.0,0.0,0,0.0,0,0,0.0,0.0,0,0.0,0,0.0,0.0,0.0,0.0,2400,0,0.0,0,0.0,0,0.0,0,0.0,0.0,0.0,0.0,0.0,127,0.0002645833333333,0.0053104019509258,0.0078877917700393,0.0079004589161429,0.0079054135282439,-0.0079054135282439,68.875,72.5,79.5,True
corridor_obstacles__proposed__N200__pl00__lat050__seed1,corridor_obstacles,proposed,200,1,0.0,50.0,4.0,12,4.0,4.0,0.0,0.0,4.0,0.0,0.0,120.0,0.05,0.2538283892960695,0.340056942800446,0,0.0,181,3.7882038262951576e-06,0,0.0,1.0,True,68.85000000000001,0.1622195588636911,37.23706433615526,11.91153846153846,142.87214536592364,0.2975263335400325,Obstacle-rich corridor with three lateral rows of alternating cylindrical obstacles.,0,0,0,0.0,0.0,0,0.0,0,0,0.0,0.0,0,0.0,0,0.0,0.0,0.0,0.0,2400,0,0.0,0,0.0,0,0.0,0,0.0,0.0,0.0,0.0,0.0,283,0.0005895833333333,0.0137767549586458,0.0199415523084194,0.0199429850188675,0.019943057199554,-0.019943057199554,68.7,71.5,76.5,True
corridor_obstacles__proposed__N200__pl00__lat050__seed2,corridor_obstacles,proposed,200,2,0.0,50.0,4.0,12,4.0,4.0,0.0,0.0,4.0,0.0,0.0,120.0,0.05,0.2315884112122597,0.3504266381549192,0,0.0,181,3.7882038262951576e-06,0,0.0,1.0,True,68.95,0.1624434341886472,37.14416067642741,11.891434511434513,141.01075372705236,0.2936500494107713,Obstacle-rich corridor with three lateral rows of alternating cylindrical obstacles.,0,0,0,0.0,0.0,0,0.0,0,0,0.0,0.0,0,0.0,0,0.0,0.0,0.0,0.0,2400,0,0.0,0,0.0,0,0.0,0,0.0,0.0,0.0,0.0,0.0,129,0.00026875,0.0053027777156526,0.009556616354676,0.0095681721044243,0.0095733618450808,-0.0095733618450808,69.0,70.875,74.5,True
corridor_obstacles__proposed__N200__pl00__lat050__seed3,corridor_obstacles,proposed,200,3,0.0,50.0,4.0,12,4.0,4.0,0.0,0.0,4.0,0.0,0.0,120.0,0.05,0.29687063405753,0.354565548346992,0,0.0,107,2.239435411124761e-06,0,0.0,1.0,True,70.25,0.1657487960622367,36.49618822312193,11.88139293139293,139.88455831632018,0.2913047861647651,Obstacle-rich corridor with three lateral rows of alternating cylindrical obstacles.,0,0,0,0.0,0.0,0,0.0,0,0,0.0,0.0,0,0.0,0,0.0,0.0,0.0,0.0,2400,0,0.0,0,0.0,0,0.0,0,0.0,0.0,0.0,0.0,0.0,40,8.333333333333333e-05,0.0022929297402382,0.0053503585420798,0.0054044596054585,0.005434451653008,-0.005434451653008,70.2,71.9,75.5,True
corridor_obstacles__proposed__N200__pl00__lat050__seed4,corridor_obstacles,proposed,200,4,0.0,50.0,4.0,12,4.0,4.0,0.0,0.0,4.0,0.0,0.0,120.0,0.05,0.2389371678045494,0.3537620391421459,0,0.0,129,2.6998800750943387e-06,0,0.0,1.0,True,69.0,0.1610075852680784,36.65071187875005,11.888399168399168,140.7616149513051,0.2931312264708561,Obstacle-rich corridor with three lateral rows of alternating cylindrical obstacles.,0,0,0,0.0,0.0,0,0.0,0,0,0.0,0.0,0,0.0,0,0.0,0.0,0.0,0.0,2400,0,0.0,0,0.0,0,0.0,0,0.0,0.0,0.0,0.0,0.0,280,0.0005833333333333,0.0029657307241592,0.0055979613055765,0.0061200408211992,0.0062379608578542,-0.0062379608578542,69.0,73.16666666666667,79.5,True
corridor_obstacles__proposed__N200__pl10__lat000__seed0,corridor_obstacles,proposed,200,0,0.1,0.0,4.0,12,4.0,4.0,0.0,0.0,4.0,0.0,0.0,120.0,0.05,0.2859778321749801,0.3421159460501297,0,0.0,140,2.930102407079128e-06,0,0.0,1.0,True,68.45,0.1589352198207715,36.70175695450672,10.687577962577963,140.64897222304717,0.29289665185974,Obstacle-rich corridor with three lateral rows of alternating cylindrical obstacles.,0,0,0,0.0,0.0,0,0.0,0,0,0.0,0.0,0,0.0,0,0.0,0.0,0.0,0.0,2400,0,0.0,0,0.0,0,0.0,0,0.0,0.0,0.0,0.0,0.0,271,0.0005645833333333,0.0081189181954378,0.017443390280996,0.017804005195341,0.0178840539498703,-0.0178840539498703,68.5,72.0,81.0,True
corridor_obstacles__proposed__N200__pl10__lat000__seed1,corridor_obstacles,proposed,200,1,0.1,0.0,4.0,12,4.0,4.0,0.0,0.0,4.0,0.0,0.0,120.0,0.05,0.2867687361013412,0.3494198311088604,0,0.0,129,2.6998800750943387e-06,0,0.0,1.0,True,69.45,0.1608770852962175,37.03819909900911,10.678430353430354,141.43318421766162,0.2945297463924648,Obstacle-rich corridor with three lateral rows of alternating cylindrical obstacles.,0,0,0,0.0,0.0,0,0.0,0,0,0.0,0.0,0,0.0,0,0.0,0.0,0.0,0.0,2400,0,0.0,0,0.0,0,0.0,0,0.0,0.0,0.0,0.0,0.0,152,0.0003166666666666,0.0053138027220885,0.0105109871362951,0.0105610998377301,0.0105801688911395,-0.0105801688911395,69.5,73.5,78.0,True
corridor_obstacles__proposed__N200__pl10__lat000__seed2,corridor_obstacles,proposed,200,2,0.1,0.0,4.0,12,4.0,4.0,0.0,0.0,4.0,0.0,0.0,120.0,0.05,0.2767448524047583,0.3495115436759526,0,0.0,127,2.658021469278923e-06,0,0.0,1.0,True,68.25,0.1599236978965257,36.97025699005429,10.683471933471932,139.2156947767362,0.2899119008261895,Obstacle-rich corridor with three lateral rows of alternating cylindrical obstacles.,0,0,0,0.0,0.0,0,0.0,0,0,0.0,0.0,0,0.0,0,0.0,0.0,0.0,0.0,2400,0,0.0,0,0.0,0,0.0,0,0.0,0.0,0.0,0.0,0.0,349,0.0007270833333333,0.0036064813716796,0.0083100195254279,0.0103651151555312,0.0104884563240474,-0.0104884563240474,68.41666666666667,72.0,80.5,True
corridor_obstacles__proposed__N200__pl10__lat000__seed3,corridor_obstacles,proposed,200,3,0.1,0.0,4.0,12,4.0,4.0,0.0,0.0,4.0,0.0,0.0,120.0,0.05,0.2196032144705238,0.3432661747524966,0,0.0,117,2.4487284402018422e-06,0,0.0,1.0,True,68.55,0.1595241521413373,37.362608031474245,10.701320166320166,138.41899185394868,0.2882527943647411,Obstacle-rich corridor with three lateral rows of alternating cylindrical obstacles.,0,0,0,0.0,0.0,0,0.0,0,0,0.0,0.0,0,0.0,0,0.0,0.0,0.0,0.0,2400,0,0.0,0,0.0,0,0.0,0,0.0,0.0,0.0,0.0,0.0,396,0.000825,0.0043593339474256,0.0161975102956152,0.0166966840423192,0.0167338252475033,-0.0167338252475033,68.66666666666667,72.25,79.0,True
corridor_obstacles__proposed__N200__pl10__lat000__seed4,corridor_obstacles,proposed,200,4,0.1,0.0,4.0,12,4.0,4.0,0.0,0.0,4.0,0.0,0.0,120.0,0.05,0.3100346336038653,0.3493691933737728,0,0.0,113,2.36501122857101e-06,0,0.0,1.0,True,69.60000000000001,0.1606714535128918,37.30772483868344,10.692900207900207,139.52593456907198,0.2905579645336776,Obstacle-rich corridor with three lateral rows of alternating cylindrical obstacles.,0,0,0,0.0,0.0,0,0.0,0,0,0.0,0.0,0,0.0,0,0.0,0.0,0.0,0.0,2400,0,0.0,0,0.0,0,0.0,0,0.0,0.0,0.0,0.0,0.0,105,0.00021875,0.0077870966032355,0.0104569252698893,0.0105798444397008,0.0106308066262272,-0.0106308066262272,69.75,72.625,80.5,True
corridor_obstacles__proposed__N200__pl10__lat050__seed0,corridor_obstacles,proposed,200,0,0.1,50.0,4.0,12,4.0,4.0,0.0,0.0,4.0,0.0,0.0,120.0,0.05,0.1991861940834564,0.3496697473667433,0,0.0,198,4.144001975726194e-06,0,0.0,1.0,True,69.05,0.1598652205653897,37.605765556423655,10.670654885654884,137.05248322477564,0.2854070870986581,Obstacle-rich corridor with three lateral rows of alternating cylindrical obstacles.,0,0,0,0.0,0.0,0,0.0,0,0,0.0,0.0,0,0.0,0,0.0,0.0,0.0,0.0,2400,0,0.0,0,0.0,0,0.0,0,0.0,0.0,0.0,0.0,0.0,88,0.0001833333333333,0.0058039689445181,0.0103261259505022,0.0103278919502106,0.0103302526332567,-0.0103302526332567,69.125,71.25,81.75,True
corridor_obstacles__proposed__N200__pl10__lat050__seed1,corridor_obstacles,proposed,200,1,0.1,50.0,4.0,12,4.0,4.0,0.0,0.0,4.0,0.0,0.0,120.0,0.05,0.3102976732105101,0.3459697894970193,0,0.0,124,2.5952335605557984e-06,0,0.0,1.0,True,68.55,0.1604780643577975,36.94696054275239,10.677796257796258,137.785706570372,0.2869339995218075,Obstacle-rich corridor with three lateral rows of alternating cylindrical obstacles.,0,0,0,0.0,0.0,0,0.0,0,0,0.0,0.0,0,0.0,0,0.0,0.0,0.0,0.0,2400,0,0.0,0,0.0,0,0.0,0,0.0,0.0,0.0,0.0,0.0,309,0.00064375,0.0060254691752958,0.0130289389718724,0.0138816083051439,0.0140302105029808,-0.0140302105029808,69.0,73.0,77.0,True
corridor_obstacles__proposed__N200__pl10__lat050__seed2,corridor_obstacles,proposed,200,2,0.1,50.0,4.0,12,4.0,4.0,0.0,0.0,4.0,0.0,0.0,120.0,0.05,0.2133164274864837,0.3484506599313911,0,0.0,119,2.4905870460172584e-06,0,0.0,1.0,True,68.25,0.1642997206748446,37.20776936867801,10.724116424116424,140.47411686787382,0.292532521590741,Obstacle-rich corridor with three lateral rows of alternating cylindrical obstacles.,0,0,0,0.0,0.0,0,0.0,0,0,0.0,0.0,0,0.0,0,0.0,0.0,0.0,0.0,2400,0,0.0,0,0.0,0,0.0,0,0.0,0.0,0.0,0.0,0.0,79,0.0001645833333333,0.0067610812928423,0.011516487659954,0.0115398850231016,0.0115493400686088,-0.0115493400686088,68.5,71.8,77.0,True
corridor_obstacles__proposed__N200__pl10__lat050__seed3,corridor_obstacles,proposed,200,3,0.1,50.0,4.0,12,4.0,4.0,0.0,0.0,4.0,0.0,0.0,120.0,0.05,0.2318180243764167,0.3470658200367268,0,0.0,134,2.804526589632879e-06,0,0.0,1.0,True,69.95,0.1617617005860215,37.99244734037589,10.724844074844077,142.64538030000404,0.2970541030820575,Obstacle-rich corridor with three lateral rows of alternating cylindrical obstacles.,0,0,0,0.0,0.0,0,0.0,0,0,0.0,0.0,0,0.0,0,0.0,0.0,0.0,0.0,2400,0,0.0,0,0.0,0,0.0,0,0.0,0.0,0.0,0.0,0.0,107,0.0002229166666666,0.0055522382131361,0.01289595677432,0.0129226625184277,0.0129341799632731,-0.0129341799632731,70.0,71.33333333333333,75.0,True
corridor_obstacles__proposed__N200__pl10__lat050__seed4,corridor_obstacles,proposed,200,4,0.1,50.0,4.0,12,4.0,4.0,0.0,0.0,4.0,0.0,0.0,120.0,0.05,0.2693330230458135,0.3476402935587223,0,0.0,137,2.867314498356003e-06,0,0.0,1.0,True,68.60000000000001,0.1609103038463042,36.83730365999576,10.71066528066528,142.02855888241902,0.2957695936743419,Obstacle-rich corridor with three lateral rows of alternating cylindrical obstacles.,0,0,0,0.0,0.0,0,0.0,0,0,0.0,0.0,0,0.0,0,0.0,0.0,0.0,0.0,2400,0,0.0,0,0.0,0,0.0,0,0.0,0.0,0.0,0.0,0.0,136,0.0002833333333333,0.006309521939565,0.0123575337473777,0.0123585482791605,0.0123597064412777,-0.0123597064412777,69.0,70.0,81.0,True
corridor_obstacles__proposed__N200__pl10__lat100__seed0,corridor_obstacles,proposed,200,0,0.1,100.0,4.0,12,4.0,4.0,0.0,0.0,4.0,0.0,0.0,120.0,0.05,0.2869745501111551,0.3480695121169941,0,0.0,152,3.181254041971624e-06,0,0.0,1.0,True,69.10000000000001,0.1566354997273838,37.2145616464927,10.698492723492723,142.30212000990286,0.2963392753225799,Obstacle-rich corridor with three lateral rows of alternating cylindrical obstacles.,0,0,0,0.0,0.0,0,0.0,0,0,0.0,0.0,0,0.0,0,0.0,0.0,0.0,0.0,2400,0,0.0,0,0.0,0,0.0,0,0.0,0.0,0.0,0.0,0.0,144,0.0003,0.0085183752653931,0.0119150855219823,0.0119254106610946,0.0119304878830059,-0.0119304878830059,69.07142857142857,71.0,74.0,True
corridor_obstacles__proposed__N200__pl10__lat100__seed1,corridor_obstacles,proposed,200,1,0.1,100.0,4.0,12,4.0,4.0,0.0,0.0,4.0,0.0,0.0,120.0,0.05,0.2723431642604941,0.3353373642319257,0,0.0,118,2.46965774310955e-06,0,0.0,1.0,True,67.9,0.1629339289327977,37.61073960162762,10.708659043659043,140.7944088773802,0.2931995186950857,Obstacle-rich corridor with three lateral rows of alternating cylindrical obstacles.,0,0,0,0.0,0.0,0,0.0,0,0,0.0,0.0,0,0.0,0,0.0,0.0,0.0,0.0,2400,0,0.0,0,0.0,0,0.0,0,0.0,0.0,0.0,0.0,0.0,368,0.0007666666666666,0.0114522785963786,0.0245488798576985,0.0246387965652802,0.0246626357680743,-0.0246626357680743,67.9,72.5,78.0,True
corridor_obstacles__proposed__N200__pl10__lat100__seed2,corridor_obstacles,proposed,200,2,0.1,100.0,4.0,12,4.0,4.0,0.0,0.0,4.0,0.0,0.0,120.0,0.05,0.2504819002361263,0.3408326018576654,0,0.0,91,1.9045665646014328e-06,0,0.0,1.0,True,70.15,0.1649894171324354,37.475238649942014,10.712848232848232,139.5044328472577,0.2905131879368132,Obstacle-rich corridor with three lateral rows of alternating cylindrical obstacles.,0,0,0,0.0,0.0,0,0.0,0,0,0.0,0.0,0,0.0,0,0.0,0.0,0.0,0.0,2400,0,0.0,0,0.0,0,0.0,0,0.0,0.0,0.0,0.0,0.0,188,0.0003916666666666,0.0085251475088331,0.0191582221420751,0.0191653583334219,0.0191673981423345,-0.0191673981423345,70.16666666666667,74.0,79.5,True
corridor_obstacles__proposed__N200__pl10__lat100__seed3,corridor_obstacles,proposed,200,3,0.1,100.0,4.0,12,4.0,4.0,0.0,0.0,4.0,0.0,0.0,120.0,0.05,0.2521662736874452,0.3440865707751399,0,0.0,133,2.783597286725171e-06,0,0.0,1.0,True,68.5,0.1603141623809271,37.20071111796936,10.733596673596674,139.53153778100386,0.2905696330299955,Obstacle-rich corridor with three lateral rows of alternating cylindrical obstacles.,0,0,0,0.0,0.0,0,0.0,0,0,0.0,0.0,0,0.0,0,0.0,0.0,0.0,0.0,2400,0,0.0,0,0.0,0,0.0,0,0.0,0.0,0.0,0.0,0.0,197,0.0004104166666666,0.0071953716534037,0.0154453714527309,0.0157808563372001,0.0159134292248601,-0.0159134292248601,68.5,71.0,75.25,True
corridor_obstacles__proposed__N200__pl10__lat100__seed4,corridor_obstacles,proposed,200,4,0.1,100.0,4.0,12,4.0,4.0,0.0,0.0,4.0,0.0,0.0,120.0,0.05,0.2974100269118729,0.3491045720340953,0,0.0,123,2.5743042576480905e-06,0,0.0,1.0,True,68.35000000000001,0.1601602575191162,37.57499605138607,10.686704781704782,141.2847828278318,0.2942207055973174,Obstacle-rich corridor with three lateral rows of alternating cylindrical obstacles.,0,0,0,0.0,0.0,0,0.0,0,0,0.0,0.0,0,0.0,0,0.0,0.0,0.0,0.0,2400,0,0.0,0,0.0,0,0.0,0,0.0,0.0,0.0,0.0,0.0,95,0.0001979166666666,0.004306653130373,0.0103366829566443,0.0106799386345629,0.0108954279659048,-0.0108954279659048,68.5,72.0,78.0,True
corridor_obstacles__proposed__N200__pl10__lat200__seed0,corridor_obstacles,proposed,200,0,0.1,200.0,4.0,12,4.0,4.0,0.0,0.0,4.0,0.0,0.0,120.0,0.05,0.2727778387647794,0.3464961383877544,0,0.0,202,4.2277191873570265e-06,0,0.0,1.0,True,68.95,0.1644636035979108,38.05816732919557,10.70850311850312,140.1632669949904,0.2918851874114752,Obstacle-rich corridor with three lateral rows of alternating cylindrical obstacles.,0,0,0,0.0,0.0,0,0.0,0,0,0.0,0.0,0,0.0,0,0.0,0.0,0.0,0.0,2400,0,0.0,0,0.0,0,0.0,0,0.0,0.0,0.0,0.0,0.0,146,0.0003041666666666,0.0049935673703994,0.0122966537060125,0.0131519805365183,0.0135038616122455,-0.0135038616122455,69.0,71.5,77.0,True
corridor_obstacles__proposed__N200__pl10__lat200__seed1,corridor_obstacles,proposed,200,1,0.1,200.0,4.0,12,4.0,4.0,0.0,0.0,4.0,0.0,0.0,120.0,0.05,0.282577904329903,0.343977925271011,0,0.0,152,3.181254041971624e-06,0,0.0,1.0,True,69.3,0.1568568146242087,37.3707610953396,10.695135135135136,139.77835754910484,0.29108362671617,Obstacle-rich corridor with three lateral rows of alternating cylindrical obstacles.,0,0,0,0.0,0.0,0,0.0,0,0,0.0,0.0,0,0.0,0,0.0,0.0,0.0,0.0,2400,0,0.0,0,0.0,0,0.0,0,0.0,0.0,0.0,0.0,0.0,173,0.0003604166666666,0.0082260838337265,0.015931838896988,0.0159994881467435,0.0160220747289889,-0.0160220747289889,69.2,71.5,76.0,True
corridor_obstacles__proposed__N200__pl10__lat200__seed2,corridor_obstacles,proposed,200,2,0.1,200.0,4.0,12,4.0,4.0,0.0,0.0,4.0,0.0,0.0,120.0,0.05,0.254962465770402,0.3509585576993896,0,0.0,103,2.155718199493929e-06,0,0.0,1.0,True,67.45,0.1605469677684692,37.0806285003576,10.692806652806652,138.84342061402276,0.2891366526739333,Obstacle-rich corridor with three lateral rows of alternating cylindrical obstacles.,0,0,0,0.0,0.0,0,0.0,0,0,0.0,0.0,0,0.0,0,0.0,0.0,0.0,0.0,2400,0,0.0,0,0.0,0,0.0,0,0.0,0.0,0.0,0.0,0.0,52,0.0001083333333333,0.004428841114884,0.0089093642311287,0.0090115913084,0.0090414423006104,-0.0090414423006104,67.5,69.5,76.75,True
corridor_obstacles__proposed__N200__pl10__lat200__seed3,corridor_obstacles,proposed,200,3,0.1,200.0,4.0,12,4.0,4.0,0.0,0.0,4.0,0.0,0.0,120.0,0.05,0.2263917413318813,0.3397311904021747,0,0.0,130,2.720809378002047e-06,0,0.0,1.0,True,68.9,0.15811534182369,37.598031447024574,10.727505197505195,139.94317025272176,0.2914268435083751,Obstacle-rich corridor with three lateral rows of alternating cylindrical obstacles.,0,0,0,0.0,0.0,0,0.0,0,0,0.0,0.0,0,0.0,0,0.0,0.0,0.0,0.0,2400,0,0.0,0,0.0,0,0.0,0,0.0,0.0,0.0,0.0,0.0,271,0.0005645833333333,0.0079310721508665,0.0202533531837472,0.0202653930126451,0.0202688095978254,-0.0202688095978254,68.75,71.0,78.0,True
corridor_obstacles__proposed__N200__pl10__lat200__seed4,corridor_obstacles,proposed,200,4,0.1,200.0,4.0,12,4.0,4.0,0.0,0.0,4.0,0.0,0.0,120.0,0.05,0.2868930295982578,0.3462194936217109,0,0.0,116,2.4277991372941343e-06,0,0.0,1.0,True,70.0,0.1619107728444071,37.95679007411277,10.731340956340956,139.74348725611344,0.2910110105291825,Obstacle-rich corridor with three lateral rows of alternating cylindrical obstacles.,0,0,0,0.0,0.0,0,0.0,0,0,0.0,0.0,0,0.0,0,0.0,0.0,0.0,0.0,2400,0,0.0,0,0.0,0,0.0,0,0.0,0.0,0.0,0.0,0.0,145,0.0003020833333333,0.007345670486687,0.0135258732544379,0.0137091054890222,0.0137805063782892,-0.0137805063782892,70.0,71.0,75.5,True
corridor_obstacles__proposed__N200__pl20__lat050__seed0,corridor_obstacles,proposed,200,0,0.2,50.0,4.0,12,4.0,4.0,0.0,0.0,4.0,0.0,0.0,120.0,0.05,0.3042700542688291,0.35390514643694,0,0.0,167,3.495193585587245e-06,0,0.0,1.0,True,68.5,0.1613830186939417,37.25904365964577,9.517172557172556,139.99305031029508,0.2915307170143587,Obstacle-rich corridor with three lateral rows of alternating cylindrical obstacles.,0,0,0,0.0,0.0,0,0.0,0,0,0.0,0.0,0,0.0,0,0.0,0.0,0.0,0.0,2400,0,0.0,0,0.0,0,0.0,0,0.0,0.0,0.0,0.0,0.0,77,0.0001604166666666,0.0039971208078611,0.0060821042694116,0.0060889050011246,0.00609485356306,-0.00609485356306,68.5,72.0,75.0,True
corridor_obstacles__proposed__N200__pl20__lat050__seed1,corridor_obstacles,proposed,200,1,0.2,50.0,4.0,12,4.0,4.0,0.0,0.0,4.0,0.0,0.0,120.0,0.05,0.1975579266961626,0.3385638788456235,0,0.0,206,4.311436398987859e-06,0,0.0,1.0,True,69.0,0.1569931332889401,38.13426569532861,9.531600831600832,140.64399041282013,0.2928862774111206,Obstacle-rich corridor with three lateral rows of alternating cylindrical obstacles.,0,0,0,0.0,0.0,0,0.0,0,0,0.0,0.0,0,0.0,0,0.0,0.0,0.0,0.0,2400,0,0.0,0,0.0,0,0.0,0,0.0,0.0,0.0,0.0,0.0,309,0.00064375,0.0110977171767527,0.0213900487430914,0.0214323177727712,0.0214361211543765,-0.0214361211543765,69.0,72.2,74.5,True
corridor_obstacles__proposed__N200__pl20__lat050__seed2,corridor_obstacles,proposed,200,2,0.2,50.0,4.0,12,4.0,4.0,0.0,0.0,4.0,0.0,0.0,120.0,0.05,0.2434125097600354,0.342336957391804,0,0.0,168,3.516122888494953e-06,0,0.0,1.0,True,68.60000000000001,0.1586924835425586,38.03391376825628,9.494303534303535,139.12533162580803,0.2897237226693211,Obstacle-rich corridor with three lateral rows of alternating cylindrical obstacles.,0,0,0,0.0,0.0,0,0.0,0,0,0.0,0.0,0,0.0,0,0.0,0.0,0.0,0.0,2400,0,0.0,0,0.0,0,0.0,0,0.0,0.0,0.0,0.0,0.0,139,0.0002895833333333,0.0106912877499616,0.0173526449959908,0.0175653216644184,0.017663042608196,-0.017663042608196,69.0,73.0,83.5,True
corridor_obstacles__proposed__N200__pl20__lat050__seed3,corridor_obstacles,proposed,200,3,0.2,50.0,4.0,12,4.0,4.0,0.0,0.0,4.0,0.0,0.0,120.0,0.05,0.3140922501697202,0.3405285732942154,0,0.0,149,3.1184661332485e-06,0,0.0,1.0,True,68.60000000000001,0.1640226350121759,37.923953375448576,9.515031185031186,139.50856035668403,0.2905217833333695,Obstacle-rich corridor with three lateral rows of alternating cylindrical obstacles.,0,0,0,0.0,0.0,0,0.0,0,0,0.0,0.0,0,0.0,0,0.0,0.0,0.0,0.0,2400,0,0.0,0,0.0,0,0.0,0,0.0,0.0,0.0,0.0,0.0,184,0.0003833333333333,0.0093579056735352,0.0194203789289998,0.0194554785539707,0.0194714267057847,-0.0194714267057847,69.0,72.75,76.0,True
corridor_obstacles__proposed__N200__pl20__lat050__seed4,corridor_obstacles,proposed,200,4,0.2,50.0,4.0,12,4.0,4.0,0.0,0.0,4.0,0.0,0.0,120.0,0.05,0.2415343178432894,0.3423029069690853,0,0.0,116,2.4277991372941343e-06,0,0.0,1.0,True,68.8,0.1630164317447388,37.558557250678255,9.514147609147608,142.19584693107754,0.2961179652875417,Obstacle-rich corridor with three lateral rows of alternating cylindrical obstacles.,0,0,0,0.0,0.0,0,0.0,0,0,0.0,0.0,0,0.0,0,0.0,0.0,0.0,0.0,2400,0,0.0,0,0.0,0,0.0,0,0.0,0.0,0.0,0.0,0.0,86,0.0001791666666666,0.0102254592482546,0.0176848963634893,0.0176924992959632,0.0176970930309148,-0.0176970930309148,69.0,72.75,81.0,True
corridor_obstacles__proposed__N200__pl40__lat050__seed0,corridor_obstacles,proposed,200,0,0.4,50.0,4.0,12,4.0,4.0,0.0,0.0,4.0,0.0,0.0,120.0,0.05,0.2138837384992615,0.3527774469434619,0,0.0,219,4.583517336788064e-06,0,0.0,1.0,True,68.65,0.1600120072870841,37.41120282926807,7.140686070686071,139.87808631313965,0.291291308440524,Obstacle-rich corridor with three lateral rows of alternating cylindrical obstacles.,0,0,0,0.0,0.0,0,0.0,0,0,0.0,0.0,0,0.0,0,0.0,0.0,0.0,0.0,2400,0,0.0,0,0.0,0,0.0,0,0.0,0.0,0.0,0.0,0.0,204,0.000425,0.0040137325572715,0.0063614931421469,0.0069775119750172,0.0072225530565381,-0.0072225530565381,68.66666666666667,71.75,78.0,True
corridor_obstacles__proposed__N200__pl40__lat050__seed1,corridor_obstacles,proposed,200,1,0.4,50.0,4.0,12,4.0,4.0,0.0,0.0,4.0,0.0,0.0,120.0,0.05,0.2203700917496628,0.3460499639912109,0,0.0,241,5.043962000757641e-06,0,0.0,1.0,True,69.2,0.1617543311382107,37.74538436632554,7.137380457380457,139.5615793080069,0.290632193477732,Obstacle-rich corridor with three lateral rows of alternating cylindrical obstacles.,0,0,0,0.0,0.0,0,0.0,0,0,0.0,0.0,0,0.0,0,0.0,0.0,0.0,0.0,2400,0,0.0,0,0.0,0,0.0,0,0.0,0.0,0.0,0.0,0.0,104,0.0002166666666666,0.0086210904666037,0.0139321816212472,0.013945283531289,0.0139500360087891,-0.0139500360087891,69.25,71.25,76.0,True
corridor_obstacles__proposed__N200__pl40__lat050__seed2,corridor_obstacles,proposed,200,2,0.4,50.0,4.0,12,4.0,4.0,0.0,0.0,4.0,0.0,0.0,120.0,0.05,0.2649170741804428,0.3468814089129114,0,0.0,231,4.83466897168056e-06,0,0.0,1.0,True,68.45,0.1548745803931673,37.4036708274956,7.119043659043659,138.42602046299726,0.2882674312015769,Obstacle-rich corridor with three lateral rows of alternating cylindrical obstacles.,0,0,0,0.0,0.0,0,0.0,0,0,0.0,0.0,0,0.0,0,0.0,0.0,0.0,0.0,2400,0,0.0,0,0.0,0,0.0,0,0.0,0.0,0.0,0.0,0.0,142,0.0002958333333333,0.0051037678010919,0.0106271484624823,0.0124304916213631,0.0131185910870885,-0.0131185910870885,68.5,72.0,78.0,True
corridor_obstacles__proposed__N200__pl40__lat050__seed3,corridor_obstacles,proposed,200,3,0.4,50.0,4.0,12,4.0,4.0,0.0,0.0,4.0,0.0,0.0,120.0,0.05,0.2918274785636237,0.3474086866805124,0,0.0,207,4.332365701895567e-06,0,0.0,1.0,True,68.15,0.1552398119737452,37.12113509042622,7.132432432432433,139.76106913713738,0.2910476241922894,Obstacle-rich corridor with three lateral rows of alternating cylindrical obstacles.,0,0,0,0.0,0.0,0,0.0,0,0,0.0,0.0,0,0.0,0,0.0,0.0,0.0,0.0,2400,0,0.0,0,0.0,0,0.0,0,0.0,0.0,0.0,0.0,0.0,192,0.0004,0.0062746649949874,0.012541957903704,0.0125790949120967,0.0125913133194877,-0.0125913133194877,68.16666666666667,72.5,77.0,True
corridor_obstacles__proposed__N200__pl40__lat050__seed4,corridor_obstacles,proposed,200,4,0.4,50.0,4.0,12,4.0,4.0,0.0,0.0,4.0,0.0,0.0,120.0,0.05,0.2419725613100482,0.3518537641262219,0,0.0,291,6.090427146143044e-06,0,0.0,1.0,True,68.7,0.1617295244076737,37.72130626351868,7.137297297297297,138.62573751388118,0.2886833350976284,Obstacle-rich corridor with three lateral rows of alternating cylindrical obstacles.,0,0,0,0.0,0.0,0,0.0,0,0,0.0,0.0,0,0.0,0,0.0,0.0,0.0,0.0,2400,0,0.0,0,0.0,0,0.0,0,0.0,0.0,0.0,0.0,0.0,153,0.00031875,0.0040687836001916,0.0080854793145549,0.0081308457262802,0.008146235873778,-0.008146235873778,68.83333333333333,72.5,76.5,True
corridor_obstacles__proposed__N500__pl00__lat000__seed0,corridor_obstacles,proposed,500,0,0.0,0.0,4.0,12,4.0,4.0,0.0,0.0,4.0,0.0,0.0,120.0,0.05,0.2486835242371606,0.2929676592564599,0,0.0,1283,4.2834523691280935e-06,0,0.0,1.0,True,76.2,0.2484246617341332,59.023154127167416,11.968299376299376,348.4317038799636,0.2902388203914732,Obstacle-rich corridor with three lateral rows of alternating cylindrical obstacles.,0,0,0,0.0,0.0,0,0.0,0,0,0.0,0.0,0,0.0,0,0.0,0.0,0.0,0.0,2400,0,0.0,0,0.0,0,0.0,0,0.0,0.0,0.0,0.0,0.0,1019,0.0008491666666666,0.0223335924407015,0.0653693027734211,0.06689572480724,0.06703234074354,-0.06703234074354,76.375,79.3,85.5,True
corridor_obstacles__proposed__N500__pl00__lat000__seed1,corridor_obstacles,proposed,500,1,0.0,0.0,4.0,12,4.0,4.0,0.0,0.0,4.0,0.0,0.0,120.0,0.05,0.1956713672591843,0.2999690068873205,0,0.0,1436,4.794261576046721e-06,0,0.0,1.0,True,76.7,0.2477173231565402,58.72814574081377,11.97389604989605,355.33384184911847,0.2959882064549092,Obstacle-rich corridor with three lateral rows of alternating cylindrical obstacles.,0,0,0,0.0,0.0,0,0.0,0,0,0.0,0.0,0,0.0,0,0.0,0.0,0.0,0.0,2400,0,0.0,0,0.0,0,0.0,0,0.0,0.0,0.0,0.0,0.0,937,0.0007808333333333,0.02144966402503,0.0532282235630071,0.0589680214990415,0.0600309931126794,-0.0600309931126794,76.625,79.5,87.0,True
corridor_obstacles__proposed__N500__pl00__lat000__seed2,corridor_obstacles,proposed,500,2,0.0,0.0,4.0,12,4.0,4.0,0.0,0.0,4.0,0.0,0.0,120.0,0.05,0.2117655240315814,0.2998252895971923,0,0.0,1723,5.7524461668025766e-06,0,0.0,1.0,True,76.35000000000001,0.2468026907389891,59.631718911009166,11.973297297297297,356.76127699483186,0.2971772403122298,Obstacle-rich corridor with three lateral rows of alternating cylindrical obstacles.,0,0,0,0.0,0.0,0,0.0,0,0,0.0,0.0,0,0.0,0,0.0,0.0,0.0,0.0,2400,0,0.0,0,0.0,0,0.0,0,0.0,0.0,0.0,0.0,0.0,946,0.0007883333333333,0.0143947579515022,0.0523534805360575,0.0593183380614787,0.0601747104028076,-0.0601747104028076,76.57142857142857,79.5,85.0,True
corridor_obstacles__proposed__N500__pl00__lat000__seed3,corridor_obstacles,proposed,500,3,0.0,0.0,4.0,12,4.0,4.0,0.0,0.0,4.0,0.0,0.0,120.0,0.05,0.2357951359274507,0.2976200197029174,0,0.0,1509,5.037981001569987e-06,0,0.0,1.0,True,76.55,0.2430701311214465,59.39165619486389,11.973022869022868,351.4600624931045,0.2927614014936314,Obstacle-rich corridor with three lateral rows of alternating cylindrical obstacles.,0,0,0,0.0,0.0,0,0.0,0,0,0.0,0.0,0,0.0,0,0.0,0.0,0.0,0.0,2400,0,0.0,0,0.0,0,0.0,0,0.0,0.0,0.0,0.0,0.0,794,0.0006616666666666,0.0257399458438499,0.0608834707320802,0.0618747378212671,0.0623799802970825,-0.0623799802970825,76.625,82.1,87.75,True
corridor_obstacles__proposed__N500__pl00__lat000__seed4,corridor_obstacles,proposed,500,4,0.0,0.0,4.0,12,4.0,4.0,0.0,0.0,4.0,0.0,0.0,120.0,0.05,0.1943908887582729,0.3087533630173968,0,0.0,1691,5.6456102542444325e-06,0,0.0,0.998,True,77.05000000000001,0.2528973378633454,59.63002766795484,11.95229106029106,356.00635216897354,0.2965483983081828,Obstacle-rich corridor with three lateral rows of alternating cylindrical obstacles.,0,0,0,0.0,0.0,0,0.0,0,0,0.0,0.0,0,0.0,0,0.0,0.0,0.0,0.0,2400,0,0.0,0,0.0,0,0.0,0,0.0,0.0,0.0,0.0,0.0,816,0.00068,0.0182011399198,0.047514148173684,0.0509118385645196,0.0512466369826032,-0.0512466369826032,77.1,80.38888888888889,88.0,True
corridor_obstacles__proposed__N500__pl00__lat100__seed0,corridor_obstacles,proposed,500,0,0.0,100.0,4.0,12,4.0,4.0,0.0,0.0,4.0,0.0,0.0,120.0,0.05,0.269030920237191,0.2928015893767112,0,0.0,1323,4.416997259825774e-06,0,0.0,0.998,True,76.3,0.2464918190798767,60.26137370430561,11.970411642411642,351.48520504683256,0.2927823448953207,Obstacle-rich corridor with three lateral rows of alternating cylindrical obstacles.,0,0,0,0.0,0.0,0,0.0,0,0,0.0,0.0,0,0.0,0,0.0,0.0,0.0,0.0,2400,0,0.0,0,0.0,0,0.0,0,0.0,0.0,0.0,0.0,0.0,1036,0.0008633333333333,0.022145157519957,0.0653358153179766,0.0670646585795824,0.0671984106232888,-0.0671984106232888,76.45454545454545,80.125,87.0,True
corridor_obstacles__proposed__N500__pl00__lat100__seed1,corridor_obstacles,proposed,500,1,0.0,100.0,4.0,12,4.0,4.0,0.0,0.0,4.0,0.0,0.0,120.0,0.05,0.2546593093972567,0.2998100132061986,0,0.0,1547,5.164848647732784e-06,0,0.0,1.0,True,76.5,0.2510117733485523,60.168226096337406,11.976760914760916,347.84620827715844,0.289751110601548,Obstacle-rich corridor with three lateral rows of alternating cylindrical obstacles.,0,0,0,0.0,0.0,0,0.0,0,0,0.0,0.0,0,0.0,0,0.0,0.0,0.0,0.0,2400,0,0.0,0,0.0,0,0.0,0,0.0,0.0,0.0,0.0,0.0,836,0.0006966666666666,0.0225452857302797,0.0541381017631609,0.0593247319376559,0.0601899867938013,-0.0601899867938013,76.5,81.5,86.5,True
corridor_obstacles__proposed__N500__pl00__lat100__seed2,corridor_obstacles,proposed,500,2,0.0,100.0,4.0,12,4.0,4.0,0.0,0.0,4.0,0.0,0.0,120.0,0.05,0.2080747429412406,0.2997481722596943,0,0.0,1617,5.398552206453724e-06,0,0.0,1.0,True,77.15,0.2530529336109371,60.62245244109326,11.974149688149687,355.57903504697606,0.2961924490187222,Obstacle-rich corridor with three lateral rows of alternating cylindrical obstacles.,0,0,0,0.0,0.0,0,0.0,0,0,0.0,0.0,0,0.0,0,0.0,0.0,0.0,0.0,2400,0,0.0,0,0.0,0,0.0,0,0.0,0.0,0.0,0.0,0.0,939,0.0007825,0.0157230395585432,0.0522703159880019,0.0593525707166979,0.0602518277403056,-0.0602518277403056,77.125,79.5,84.5,True
corridor_obstacles__proposed__N500__pl00__lat100__seed3,corridor_obstacles,proposed,500,3,0.0,100.0,4.0,12,4.0,4.0,0.0,0.0,4.0,0.0,0.0,120.0,0.05,0.197493635923156,0.2974788592867819,0,0.0,1645,5.4920336299421e-06,0,0.0,0.998,True,76.10000000000001,0.2467225203350312,59.21295967767077,11.971758835758836,354.65530297812074,0.2954229929013917,Obstacle-rich corridor with three lateral rows of alternating cylindrical obstacles.,0,0,0,0.0,0.0,0,0.0,0,0,0.0,0.0,0,0.0,0,0.0,0.0,0.0,0.0,2400,0,0.0,0,0.0,0,0.0,0,0.0,0.0,0.0,0.0,0.0,771,0.0006425,0.0267076503037944,0.061029192790681,0.0620397372322874,0.062521140713218,-0.062521140713218,76.4,80.25,86.0,True
corridor_obstacles__proposed__N500__pl00__lat100__seed4,corridor_obstacles,proposed,500,4,0.0,100.0,4.0,12,4.0,4.0,0.0,0.0,4.0,0.0,0.0,120.0,0.05,0.196929693801426,0.3088004533341535,0,0.0,1524,5.088060335581617e-06,0,0.0,1.0,True,76.85000000000001,0.2510143547692464,60.11908075655556,11.960723492723492,352.8441685992293,0.2939143428565008,Obstacle-rich corridor with three lateral rows of alternating cylindrical obstacles.,0,0,0,0.0,0.0,0,0.0,0,0,0.0,0.0,0,0.0,0,0.0,0.0,0.0,0.0,2400,0,0.0,0,0.0,0,0.0,0,0.0,0.0,0.0,0.0,0.0,1145,0.0009541666666666,0.0146826925771168,0.0461260587601381,0.0505793508902418,0.0511995466658465,-0.0511995466658465,76.91666666666667,80.33333333333333,86.0,True
corridor_obstacles__proposed__N500__pl20__lat000__seed0,corridor_obstacles,proposed,500,0,0.2,0.0,4.0,12,4.0,4.0,0.0,0.0,4.0,0.0,0.0,120.0,0.05,0.2134432008485177,0.297758700126319,0,0.0,2098,7.004429517093329e-06,0,0.0,1.0,True,76.65,0.2425290485363273,62.64881647418121,9.563929313929314,347.7020630920306,0.2896310396435073,Obstacle-rich corridor with three lateral rows of alternating cylindrical obstacles.,0,0,0,0.0,0.0,0,0.0,0,0,0.0,0.0,0,0.0,0,0.0,0.0,0.0,0.0,2400,0,0.0,0,0.0,0,0.0,0,0.0,0.0,0.0,0.0,0.0,1235,0.0010291666666666,0.0218698733618706,0.0595521459784593,0.0619410314061339,0.0622412998736809,-0.0622412998736809,76.66666666666667,80.35714285714286,85.0,True
corridor_obstacles__proposed__N500__pl20__lat000__seed1,corridor_obstacles,proposed,500,1,0.2,0.0,4.0,12,4.0,4.0,0.0,0.0,4.0,0.0,0.0,120.0,0.05,0.2076499816919746,0.3038756962703265,0,0.0,1936,6.463572709767724e-06,0,0.0,1.0,True,76.10000000000001,0.2414421661712355,61.89691124440198,9.579950103950104,355.85707995900884,0.2964240566089203,Obstacle-rich corridor with three lateral rows of alternating cylindrical obstacles.,0,0,0,0.0,0.0,0,0.0,0,0,0.0,0.0,0,0.0,0,0.0,0.0,0.0,0.0,2400,0,0.0,0,0.0,0,0.0,0,0.0,0.0,0.0,0.0,0.0,791,0.0006591666666666,0.0203082331928741,0.0494933414327147,0.0550657180143668,0.0561243037296734,-0.0561243037296734,76.0625,79.2,87.0,True
corridor_obstacles__proposed__N500__pl20__lat000__seed2,corridor_obstacles,proposed,500,2,0.2,0.0,4.0,12,4.0,4.0,0.0,0.0,4.0,0.0,0.0,120.0,0.05,0.2183274501588391,0.3013176083370319,0,0.0,1701,5.6789964769188525e-06,0,0.0,1.0,True,76.65,0.2422987235578301,62.79644660364757,9.565783783783784,357.4941817461513,0.2977877398968357,Obstacle-rich corridor with three lateral rows of alternating cylindrical obstacles.,0,0,0,0.0,0.0,0,0.0,0,0,0.0,0.0,0,0.0,0,0.0,0.0,0.0,0.0,2400,0,0.0,0,0.0,0,0.0,0,0.0,0.0,0.0,0.0,0.0,927,0.0007725,0.0147143676102331,0.0541671030662854,0.057980560047454,0.0586823916629681,-0.0586823916629681,76.61111111111111,79.5,86.0,True
corridor_obstacles__proposed__N500__pl20__lat000__seed3,corridor_obstacles,proposed,500,3,0.2,0.0,4.0,12,4.0,4.0,0.0,0.0,4.0,0.0,0.0,120.0,0.05,0.2296494631199663,0.3046780607471092,0,0.0,2224,7.425095922791022e-06,0,0.0,0.998,True,75.7,0.2438212412407596,62.14460042683096,9.574079002079,348.6143012512475,0.2903909214920845,Obstacle-rich corridor with three lateral rows of alternating cylindrical obstacles.,0,0,0,0.0,0.0,0,0.0,0,0,0.0,0.0,0,0.0,0,0.0,0.0,0.0,0.0,2400,0,0.0,0,0.0,0,0.0,0,0.0,0.0,0.0,0.0,0.0,913,0.0007608333333333,0.0201320828761184,0.0531828394728389,0.0550808273353356,0.0553219392528907,-0.0553219392528907,75.92857142857143,79.0,91.75,True
corridor_obstacles__proposed__N500__pl20__lat000__seed4,corridor_obstacles,proposed,500,4,0.2,0.0,4.0,12,4.0,4.0,0.0,0.0,4.0,0.0,0.0,120.0,0.05,0.2016759423622036,0.3078208135877023,0,0.0,2197,7.334953121570088e-06,0,0.0,1.0,True,75.75,0.2388558866721436,63.077719742098616,9.57027027027027,353.75230564922094,0.2946708085374602,Obstacle-rich corridor with three lateral rows of alternating cylindrical obstacles.,0,0,0,0.0,0.0,0,0.0,0,0,0.0,0.0,0,0.0,0,0.0,0.0,0.0,0.0,2400,0,0.0,0,0.0,0,0.0,0,0.0,0.0,0.0,0.0,0.0,819,0.0006825,0.0221593386450474,0.0459202038244998,0.0520264374874731,0.0521791864122977,-0.0521791864122977,75.65,78.6,85.0,True
corridor_obstacles__proposed__N500__pl20__lat100__seed0,corridor_obstacles,proposed,500,0,0.2,100.0,4.0,12,4.0,4.0,0.0,0.0,4.0,0.0,0.0,120.0,0.05,0.2177614227543459,0.3000905974922782,0,0.0,1925,6.426847864825861e-06,0,0.0,1.0,True,76.05,0.2412294578380466,62.45808991420373,9.577155925155925,354.02699212078005,0.294899618592903,Obstacle-rich corridor with three lateral rows of alternating cylindrical obstacles.,0,0,0,0.0,0.0,0,0.0,0,0,0.0,0.0,0,0.0,0,0.0,0.0,0.0,0.0,2400,0,0.0,0,0.0,0,0.0,0,0.0,0.0,0.0,0.0,0.0,1206,0.001005,0.0230122347732368,0.0587643200462518,0.0594206794948851,0.0599094025077218,-0.0599094025077218,76.5,79.5,84.875,True
corridor_obstacles__proposed__N500__pl20__lat100__seed1,corridor_obstacles,proposed,500,1,0.2,100.0,4.0,12,4.0,4.0,0.0,0.0,4.0,0.0,0.0,120.0,0.05,0.2219736583754424,0.3035567362825392,0,0.0,1983,6.620487956337498e-06,0,0.0,0.998,True,75.55,0.2432820577337245,62.16752568028051,9.580981288981288,354.9730187049136,0.2956876457350383,Obstacle-rich corridor with three lateral rows of alternating cylindrical obstacles.,0,0,0,0.0,0.0,0,0.0,0,0,0.0,0.0,0,0.0,0,0.0,0.0,0.0,0.0,2400,0,0.0,0,0.0,0,0.0,0,0.0,0.0,0.0,0.0,0.0,789,0.0006575,0.020936299065497,0.0496635510959259,0.0553708659546668,0.0564432637174607,-0.0564432637174607,75.58333333333333,78.625,84.25,True
corridor_obstacles__proposed__N500__pl20__lat100__seed2,corridor_obstacles,proposed,500,2,0.2,100.0,4.0,12,4.0,4.0,0.0,0.0,4.0,0.0,0.0,120.0,0.05,0.2267266733218165,0.3014756912929627,0,0.0,2004,6.69059902395378e-06,0,0.0,1.0,True,76.05,0.2413522384115896,63.34778762733506,9.581825363825365,354.3545954488218,0.2951725076624921,Obstacle-rich corridor with three lateral rows of alternating cylindrical obstacles.,0,0,0,0.0,0.0,0,0.0,0,0,0.0,0.0,0,0.0,0,0.0,0.0,0.0,0.0,2400,0,0.0,0,0.0,0,0.0,0,0.0,0.0,0.0,0.0,0.0,767,0.0006391666666666,0.0164602160919347,0.0555369983806468,0.0581457829379343,0.0585243087070372,-0.0585243087070372,76.1,80.0,86.0,True
corridor_obstacles__proposed__N500__pl20__lat100__seed3,corridor_obstacles,proposed,500,3,0.2,100.0,4.0,12,4.0,4.0,0.0,0.0,4.0,0.0,0.0,120.0,0.05,0.2174814128934371,0.3049384724388392,0,0.0,2319,7.742265038198013e-06,0,0.0,1.0,True,75.9,0.2432714581379453,62.5224064847027,9.56662785862786,356.6088635236956,0.2970502819855857,Obstacle-rich corridor with three lateral rows of alternating cylindrical obstacles.,0,0,0,0.0,0.0,0,0.0,0,0,0.0,0.0,0,0.0,0,0.0,0.0,0.0,0.0,2400,0,0.0,0,0.0,0,0.0,0,0.0,0.0,0.0,0.0,0.0,897,0.0007475,0.0230138222213231,0.0517763790033097,0.0541011450756532,0.0550615275611607,-0.0550615275611607,76.0,79.58333333333333,87.0,True
corridor_obstacles__proposed__N500__pl20__lat100__seed4,corridor_obstacles,proposed,500,4,0.2,100.0,4.0,12,4.0,4.0,0.0,0.0,4.0,0.0,0.0,120.0,0.05,0.1763395540333816,0.2956134360746827,0,0.0,2140,7.144651652325893e-06,0,0.0,1.0,True,75.95,0.2383148000312923,62.39635499059467,9.577413721413722,354.287094831001,0.2951162805755943,Obstacle-rich corridor with three lateral rows of alternating cylindrical obstacles.,0,0,0,0.0,0.0,0,0.0,0,0,0.0,0.0,0,0.0,0,0.0,0.0,0.0,0.0,2400,0,0.0,0,0.0,0,0.0,0,0.0,0.0,0.0,0.0,0.0,1224,0.00102,0.018049665331358,0.0459504308089281,0.0641442874948041,0.0643865639253173,-0.0643865639253173,76.0,80.1,84.5,True
corridor_obstacles__proposed__N1000__pl00__lat000__seed0,corridor_obstacles,proposed,1000,0,0.0,0.0,4.0,12,4.0,4.0,0.0,0.0,4.0,0.0,0.0,120.0,0.05,0.2107205417120733,0.2712544654898835,0,0.0,8532,7.114152886747639e-06,0,0.0,0.995,True,88.95,0.3406177999397458,104.28762214673688,11.98579002079002,712.9298604517244,0.296930387526749,Obstacle-rich corridor with three lateral rows of alternating cylindrical obstacles.,0,0,0,0.0,0.0,0,0.0,0,0,0.0,0.0,0,0.0,0,0.0,0.0,0.0,0.0,2400,0,0.0,0,0.0,0,0.0,0,0.0,0.0,0.0,0.0,0.0,1824,0.00076,0.0416587992828195,0.0799311772245136,0.0825706313071654,0.0887455345101164,-0.0887455345101164,89.0,96.625,107.5,True
corridor_obstacles__proposed__N1000__pl00__lat000__seed1,corridor_obstacles,proposed,1000,1,0.0,0.0,4.0,12,4.0,4.0,0.0,0.0,4.0,0.0,0.0,120.0,0.05,0.164549380547122,0.2495613970804802,0,0.0,8154,6.798968898094262e-06,0,0.0,0.994,True,88.4,0.3455287945310568,105.4772424915861,11.984692307692308,706.6978268232197,0.2943347883478632,Obstacle-rich corridor with three lateral rows of alternating cylindrical obstacles.,0,0,0,0.0,0.0,0,0.0,0,0,0.0,0.0,0,0.0,0,0.0,0.0,0.0,0.0,2400,0,0.0,0,0.0,0,0.0,0,0.0,0.0,0.0,0.0,0.0,2031,0.00084625,0.0486420217749867,0.0972985416487252,0.1099634592914567,0.1104386029195199,-0.1104386029195199,88.3125,93.5,106.0,True
corridor_obstacles__proposed__N1000__pl00__lat000__seed2,corridor_obstacles,proposed,1000,2,0.0,0.0,4.0,12,4.0,4.0,0.0,0.0,4.0,0.0,0.0,120.0,0.05,0.201517301418552,0.2585139400989144,0,0.0,8495,7.083301543942943e-06,0,0.0,0.996,True,88.65,0.3427646978583756,105.49473510076334,11.990093555093557,715.5192673597485,0.298008857709183,Obstacle-rich corridor with three lateral rows of alternating cylindrical obstacles.,0,0,0,0.0,0.0,0,0.0,0,0,0.0,0.0,0,0.0,0,0.0,0.0,0.0,0.0,2400,0,0.0,0,0.0,0,0.0,0,0.0,0.0,0.0,0.0,0.0,1744,0.0007266666666666,0.0384347128974076,0.0922739402784688,0.1004831943811522,0.1014860599010856,-0.1014860599010856,88.75,94.41666666666669,105.0,True
corridor_obstacles__proposed__N1000__pl00__lat000__seed3,corridor_obstacles,proposed,1000,3,0.0,0.0,4.0,12,4.0,4.0,0.0,0.0,4.0,0.0,0.0,120.0,0.05,0.2091436437774805,0.2441525196044147,0,0.0,8826,7.359295989033598e-06,0,0.0,0.993,True,87.30000000000001,0.3461629062499913,104.9094455238626,11.991648648648647,706.3227206040174,0.2941785591853467,Obstacle-rich corridor with three lateral rows of alternating cylindrical obstacles.,0,0,0,0.0,0.0,0,0.0,0,0,0.0,0.0,0,0.0,0,0.0,0.0,0.0,0.0,2400,0,0.0,0,0.0,0,0.0,0,0.0,0.0,0.0,0.0,0.0,2107,0.0008779166666666,0.0469626246441824,0.1123373552463447,0.1152756166007254,0.1158474803955853,-0.1158474803955853,87.31818181818181,92.7,107.5,True
corridor_obstacles__proposed__N1000__pl00__lat000__seed4,corridor_obstacles,proposed,1000,4,0.0,0.0,4.0,12,4.0,4.0,0.0,0.0,4.0,0.0,0.0,120.0,0.05,0.1703737496668372,0.2349904041769129,0,0.0,7327,6.109399695405526e-06,0,0.0,0.995,True,87.35000000000001,0.3418206556239482,104.10239256297558,11.992494802494802,700.8653751607053,0.2919056123118306,Obstacle-rich corridor with three lateral rows of alternating cylindrical obstacles.,0,0,0,0.0,0.0,0,0.0,0,0,0.0,0.0,0,0.0,0,0.0,0.0,0.0,0.0,2400,0,0.0,0,0.0,0,0.0,0,0.0,0.0,0.0,0.0,0.0,1936,0.0008066666666666,0.0573228435681105,0.1092711227889689,0.1234590918400343,0.1250095958230871,-0.1250095958230871,87.21428571428571,93.14285714285714,103.0,True
corridor_obstacles__proposed__N1000__pl00__lat100__seed0,corridor_obstacles,proposed,1000,0,0.0,100.0,4.0,12,4.0,4.0,0.0,0.0,4.0,0.0,0.0,120.0,0.05,0.221979256753963,0.2666213932618196,0,0.0,7671,6.396233801481615e-06,0,0.0,0.995,True,87.25,0.3434603290795273,106.2194769605116,11.985738045738046,709.8592267376371,0.295651489686646,Obstacle-rich corridor with three lateral rows of alternating cylindrical obstacles.,0,0,0,0.0,0.0,0,0.0,0,0,0.0,0.0,0,0.0,0,0.0,0.0,0.0,0.0,2400,0,0.0,0,0.0,0,0.0,0,0.0,0.0,0.0,0.0,0.0,1732,0.0007216666666666,0.0420735549213194,0.0799385973224749,0.0924556827497468,0.0933786067381803,-0.0933786067381803,88.25,93.92857142857144,108.25,True
corridor_obstacles__proposed__N1000__pl00__lat100__seed1,corridor_obstacles,proposed,1000,1,0.0,100.0,4.0,12,4.0,4.0,0.0,0.0,4.0,0.0,0.0,120.0,0.05,0.2031480419221216,0.2454923235788508,0,0.0,7366,6.141918678361827e-06,0,0.0,0.993,True,87.7,0.3391035303953933,105.99907187963704,11.989929313929316,701.4345159153454,0.2921426555249252,Obstacle-rich corridor with three lateral rows of alternating cylindrical obstacles.,0,0,0,0.0,0.0,0,0.0,0,0,0.0,0.0,0,0.0,0,0.0,0.0,0.0,0.0,2400,0,0.0,0,0.0,0,0.0,0,0.0,0.0,0.0,0.0,0.0,1872,0.00078,0.0531804687719134,0.0974543993741705,0.1135342929717197,0.1145076764211492,-0.1145076764211492,87.8125,95.25,109.5,True
corridor_obstacles__proposed__N1000__pl00__lat100__seed2,corridor_obstacles,proposed,1000,2,0.0,100.0,4.0,12,4.0,4.0,0.0,0.0,4.0,0.0,0.0,120.0,0.05,0.2022407212987563,0.2576601604565519,0,0.0,9101,7.588596509879309e-06,0,0.0,0.996,True,87.35000000000001,0.3398996488360793,107.12121476891436,11.982197505197504,706.7857536431402,0.294371409264115,Obstacle-rich corridor with three lateral rows of alternating cylindrical obstacles.,0,0,0,0.0,0.0,0,0.0,0,0,0.0,0.0,0,0.0,0,0.0,0.0,0.0,0.0,2400,0,0.0,0,0.0,0,0.0,0,0.0,0.0,0.0,0.0,0.0,1905,0.00079375,0.033082363601144,0.093731766107196,0.1014775616849783,0.102339839543448,-0.102339839543448,87.2,93.75,107.0,True
corridor_obstacles__proposed__N1000__pl00__lat100__seed3,corridor_obstacles,proposed,1000,3,0.0,100.0,4.0,12,4.0,4.0,0.0,0.0,4.0,0.0,0.0,120.0,0.05,0.198706419246797,0.2631507974054594,0,0.0,9198,7.66947705723216e-06,0,0.0,0.992,True,88.10000000000001,0.3387605021741526,106.26445326049311,11.989738045738044,706.5874468991533,0.2942888158680355,Obstacle-rich corridor with three lateral rows of alternating cylindrical obstacles.,0,0,0,0.0,0.0,0,0.0,0,0,0.0,0.0,0,0.0,0,0.0,0.0,0.0,0.0,2400,0,0.0,0,0.0,0,0.0,0,0.0,0.0,0.0,0.0,0.0,2052,0.000855,0.0459424902790593,0.0943202099496306,0.0962667853059767,0.0968492025945406,-0.0968492025945406,88.5,95.0,103.5,True
corridor_obstacles__proposed__N1000__pl00__lat100__seed4,corridor_obstacles,proposed,1000,4,0.0,100.0,4.0,12,4.0,4.0,0.0,0.0,4.0,0.0,0.0,120.0,0.05,0.1633464349440038,0.2216961181450515,0,0.0,8647,7.210042195464936e-06,0,0.0,0.997,True,87.65,0.3430389137053501,107.60575765884474,11.989758835758836,684.5822670152411,0.2851238096689883,Obstacle-rich corridor with three lateral rows of alternating cylindrical obstacles.,0,0,0,0.0,0.0,0,0.0,0,0,0.0,0.0,0,0.0,0,0.0,0.0,0.0,0.0,2400,0,0.0,0,0.0,0,0.0,0,0.0,0.0,0.0,0.0,0.0,2017,0.0008404166666666,0.0558362294912469,0.1142108488153194,0.1367474758399948,0.1383038818549485,-0.1383038818549485,87.91666666666667,94.25,106.5,True
corridor_obstacles__proposed__N1000__pl20__lat000__seed0,corridor_obstacles,proposed,1000,0,0.2,0.0,4.0,12,4.0,4.0,0.0,0.0,4.0,0.0,0.0,120.0,0.05,0.183333527445633,0.287097649297045,0,0.0,10043,8.374055021285342e-06,0,0.0,0.995,True,87.2,0.3329883656487671,110.3418755874881,9.589677754677757,685.1897225929424,0.2853768107425832,Obstacle-rich corridor with three lateral rows of alternating cylindrical obstacles.,0,0,0,0.0,0.0,0,0.0,0,0,0.0,0.0,0,0.0,0,0.0,0.0,0.0,0.0,2400,0,0.0,0,0.0,0,0.0,0,0.0,0.0,0.0,0.0,0.0,1107,0.00046125,0.0254558474054791,0.0699803396685307,0.0728098785716571,0.0729023507029549,-0.0729023507029549,87.5,94.1,105.5,True
corridor_obstacles__proposed__N1000__pl20__lat000__seed1,corridor_obstacles,proposed,1000,1,0.2,0.0,4.0,12,4.0,4.0,0.0,0.0,4.0,0.0,0.0,120.0,0.05,0.1872376790070915,0.287871111266358,0,0.0,11250,9.38047585277906e-06,0,0.0,0.995,True,87.95,0.3331723030583414,108.78148872394242,9.583051975051974,683.9984381031245,0.2848806489392438,Obstacle-rich corridor with three lateral rows of alternating cylindrical obstacles.,0,0,0,0.0,0.0,0,0.0,0,0,0.0,0.0,0,0.0,0,0.0,0.0,0.0,0.0,2400,0,0.0,0,0.0,0,0.0,0,0.0,0.0,0.0,0.0,0.0,1108,0.0004616666666666,0.0270141909641454,0.0697951516921103,0.0720103472584754,0.0721288887336419,-0.0721288887336419,88.0,92.5,106.5,True
corridor_obstacles__proposed__N1000__pl20__lat000__seed2,corridor_obstacles,proposed,1000,2,0.2,0.0,4.0,12,4.0,4.0,0.0,0.0,4.0,0.0,0.0,120.0,0.05,0.108187657028216,0.2988159069936001,2,1.667640151605166e-09,11090,9.247064640650649e-06,0,0.0,0.997,False,87.35000000000001,0.3319308300468381,109.9329891200964,9.594794178794178,682.8908687136136,0.2844193538998807,Obstacle-rich corridor with three lateral rows of alternating cylindrical obstacles.,0,0,0,0.0,0.0,0,0.0,0,0,0.0,0.0,0,0.0,0,0.0,0.0,0.0,0.0,2400,2,1.6683350016683351e-09,0,0.0,4,3.3366700033366702e-09,8,3.3333333333333333e-06,0.0224730845971019,0.0316526961932332,0.0317804136160738,0.0318123429717839,1259,0.0005245833333333,0.0191408309645153,0.0483754220757373,0.0603736232622988,0.0611840930063998,-0.0611840930063998,87.27777777777777,92.5,102.0,False
corridor_obstacles__proposed__N1000__pl20__lat000__seed3,corridor_obstacles,proposed,1000,3,0.2,0.0,4.0,12,4.0,4.0,0.0,0.0,4.0,0.0,0.0,120.0,0.05,0.1952380531506082,0.2794085946796142,0,0.0,10886,9.07696534518692e-06,0,0.0,0.996,True,87.75,0.3340658644030049,109.18857825200392,9.590972972972972,684.5260740378872,0.2851004056800862,Obstacle-rich corridor with three lateral rows of alternating cylindrical obstacles.,0,0,0,0.0,0.0,0,0.0,0,0,0.0,0.0,0,0.0,0,0.0,0.0,0.0,0.0,2400,0,0.0,0,0.0,0,0.0,0,0.0,0.0,0.0,0.0,0.0,1017,0.00042375,0.0280356159428885,0.0706575744204344,0.0797258254889805,0.0805914053203857,-0.0805914053203857,87.65,92.4375,105.5,True
corridor_obstacles__proposed__N1000__pl20__lat000__seed4,corridor_obstacles,proposed,1000,4,0.2,0.0,4.0,12,4.0,4.0,0.0,0.0,4.0,0.0,0.0,120.0,0.05,0.2066005435826458,0.3039772767445453,0,0.0,10474,8.733431473956256e-06,0,0.0,0.995,True,88.2,0.3316262767718409,109.30087483736784,9.582686070686073,686.9663534192368,0.2861167652724851,Obstacle-rich corridor with three lateral rows of alternating cylindrical obstacles.,0,0,0,0.0,0.0,0,0.0,0,0,0.0,0.0,0,0.0,0,0.0,0.0,0.0,0.0,2400,0,0.0,0,0.0,0,0.0,0,0.0,0.0,0.0,0.0,0.0,957,0.00039875,0.0180563236176988,0.0540862149935002,0.0555717103971638,0.0560227232554546,-0.0560227232554546,88.125,92.83333333333331,105.75,True
corridor_obstacles__proposed__N1000__pl20__lat100__seed0,corridor_obstacles,proposed,1000,0,0.2,100.0,4.0,12,4.0,4.0,0.0,0.0,4.0,0.0,0.0,120.0,0.05,0.128096061539547,0.2911095307652028,0,0.0,10766,8.97690693609061e-06,0,0.0,0.997,True,87.55000000000001,0.3357363237565134,109.735599703209,9.588444906444906,687.5319149177521,0.2863523177500009,Obstacle-rich corridor with three lateral rows of alternating cylindrical obstacles.,0,0,0,0.0,0.0,0,0.0,0,0,0.0,0.0,0,0.0,0,0.0,0.0,0.0,0.0,2400,0,0.0,0,0.0,5,4.1708375041708375e-09,10,4.166666666666667e-06,0.0070671035790479,0.0112039556239209,0.0117639418931465,0.0119039384604529,1107,0.00046125,0.0221720412283612,0.0651123110574963,0.06713421890593,0.0688904692347971,-0.0688904692347971,87.54166666666667,92.375,102.75,True
corridor_obstacles__proposed__N1000__pl20__lat100__seed1,corridor_obstacles,proposed,1000,1,0.2,100.0,4.0,12,4.0,4.0,0.0,0.0,4.0,0.0,0.0,120.0,0.05,0.1700057278467047,0.2878977042085507,0,0.0,10765,8.976073116014808e-06,0,0.0,0.993,True,87.05000000000001,0.3351380894899289,109.613971889748,9.587049896049896,681.8563727810979,0.2839884934531853,Obstacle-rich corridor with three lateral rows of alternating cylindrical obstacles.,0,0,0,0.0,0.0,0,0.0,0,0,0.0,0.0,0,0.0,0,0.0,0.0,0.0,0.0,2400,0,0.0,0,0.0,0,0.0,0,0.0,0.0,0.0,0.0,0.0,1589,0.0006620833333333,0.0222115305830938,0.0655226871902887,0.0718009741975834,0.0721022957914492,-0.0721022957914492,87.0625,92.83333333333331,101.0,True
corridor_obstacles__proposed__N1000__pl20__lat100__seed2,corridor_obstacles,proposed,1000,2,0.2,100.0,4.0,12,4.0,4.0,0.0,0.0,4.0,0.0,0.0,120.0,0.05,0.1765034681222225,0.2651331687802747,0,0.0,11007,9.177857574359031e-06,0,0.0,0.995,True,86.85000000000001,0.3305078046941005,109.8340640116513,9.589588357588358,685.8424406149425,0.2856486633131788,Obstacle-rich corridor with three lateral rows of alternating cylindrical obstacles.,0,0,0,0.0,0.0,0,0.0,0,0,0.0,0.0,0,0.0,0,0.0,0.0,0.0,0.0,2400,0,0.0,0,0.0,0,0.0,0,0.0,0.0,0.0,0.0,0.0,784,0.0003266666666666,0.0316964130046145,0.0887536807780868,0.0945988759321459,0.0948668312197253,-0.0948668312197253,87.0,92.0,103.0,True
corridor_obstacles__proposed__N1000__pl20__lat100__seed3,corridor_obstacles,proposed,1000,3,0.2,100.0,4.0,12,4.0,4.0,0.0,0.0,4.0,0.0,0.0,120.0,0.05,0.1622489491219135,0.2674673974189737,0,0.0,10658,8.886854367903931e-06,0,0.0,0.996,True,87.65,0.3347339806572974,110.71873933336356,9.58652182952183,688.9437097748742,0.2869403206059451,Obstacle-rich corridor with three lateral rows of alternating cylindrical obstacles.,0,0,0,0.0,0.0,0,0.0,0,0,0.0,0.0,0,0.0,0,0.0,0.0,0.0,0.0,2400,0,0.0,0,0.0,0,0.0,0,0.0,0.0,0.0,0.0,0.0,1374,0.0005725,0.0333861213510333,0.0826890392978042,0.0919971779910792,0.0925326025810262,-0.0925326025810262,87.54545454545455,92.5,106.16666666666669,True
corridor_obstacles__proposed__N1000__pl20__lat100__seed4,corridor_obstacles,proposed,1000,4,0.2,100.0,4.0,12,4.0,4.0,0.0,0.0,4.0,0.0,0.0,120.0,0.05,0.1749607898450094,0.3143382167210899,0,0.0,12300,1.0255986932371772e-05,0,0.0,0.997,True,88.45,0.3312726220921846,110.93752558684336,9.58512681912682,685.478842641227,0.2854972272558213,Obstacle-rich corridor with three lateral rows of alternating cylindrical obstacles.,0,0,0,0.0,0.0,0,0.0,0,0,0.0,0.0,0,0.0,0,0.0,0.0,0.0,0.0,2400,0,0.0,0,0.0,0,0.0,0,0.0,0.0,0.0,0.0,0.0,1324,0.0005516666666666,0.0181502944893606,0.0407932688449046,0.044382292106709,0.0456617832789101,-0.0456617832789101,88.5,93.83333333333331,104.0,True
crossing_traffic__proposed__N50__pl00__lat000__seed0,crossing_traffic,proposed,50,0,0.0,0.0,4.0,12,4.0,4.0,0.0,0.0,4.0,0.0,0.0,120.0,0.05,0.4334565209348118,0.2662012898516328,0,0.0,0,0.0,0,0.0,1.0,True,52.45,0.0434146181096339,11.199400671391606,11.063991683991684,6.257172692101449,0.0521213885222944,Two sub-swarms crossing at a congested intersection.,0,0,0,0.0,0.0,0,0.0,0,0,0.0,0.0,0,0.0,0,0.0,0.0,0.0,0.0,2400,0,0.0,0,0.0,0,0.0,0,0.0,0.0,0.0,0.0,0.0,183,0.001525,0.0456650519794804,0.093757041117258,0.093793968237803,0.0937987101483671,-0.0937987101483671,52.5,53.125,53.75,True
crossing_traffic__proposed__N50__pl00__lat000__seed1,crossing_traffic,proposed,50,1,0.0,0.0,4.0,12,4.0,4.0,0.0,0.0,4.0,0.0,0.0,120.0,0.05,0.4429621863884958,0.2673769946580031,0,0.0,0,0.0,0,0.0,1.0,True,52.0,0.0433176712493566,10.869558546823146,11.0818711018711,6.12922112736851,0.0510555695740817,Two sub-swarms crossing at a congested intersection.,0,0,0,0.0,0.0,0,0.0,0,0,0.0,0.0,0,0.0,0,0.0,0.0,0.0,0.0,2400,0,0.0,0,0.0,0,0.0,0,0.0,0.0,0.0,0.0,0.0,124,0.0010333333333333,0.0723158602934521,0.0926199491972853,0.0926226071523554,0.0926230053419968,-0.0926230053419968,52.0,53.25,54.75,True
crossing_traffic__proposed__N50__pl00__lat000__seed2,crossing_traffic,proposed,50,2,0.0,0.0,4.0,12,4.0,4.0,0.0,0.0,4.0,0.0,0.0,120.0,0.05,0.3869623624761322,0.2457608507596376,0,0.0,5,1.6999719504628177e-06,0,0.0,1.0,True,52.7,0.0433376664696395,11.188439401051442,11.084282744282744,6.428105377126485,0.0535452342950977,Two sub-swarms crossing at a congested intersection.,0,0,0,0.0,0.0,0,0.0,0,0,0.0,0.0,0,0.0,0,0.0,0.0,0.0,0.0,2400,0,0.0,0,0.0,0,0.0,0,0.0,0.0,0.0,0.0,0.0,144,0.0012,0.0698369178660247,0.1135974660016916,0.1140306771398101,0.1142391492403623,-0.1142391492403623,53.0,53.25,53.45,True
crossing_traffic__proposed__N50__pl00__lat000__seed3,crossing_traffic,proposed,50,3,0.0,0.0,4.0,12,4.0,4.0,0.0,0.0,4.0,0.0,0.0,120.0,0.05,0.3161780372198133,0.2439547755866709,0,0.0,10,3.399943900925635e-06,0,0.0,1.0,True,52.2,0.0433974630044605,10.493993047393442,11.115634095634096,6.133576035033912,0.0510918453563841,Two sub-swarms crossing at a congested intersection.,0,0,0,0.0,0.0,0,0.0,0,0,0.0,0.0,0,0.0,0,0.0,0.0,0.0,0.0,2400,0,0.0,0,0.0,0,0.0,0,0.0,0.0,0.0,0.0,0.0,172,0.0014333333333333,0.0690876690504693,0.1116797507962959,0.1155815012289111,0.1160452244133291,-0.1160452244133291,52.5,53.583333333333336,53.91666666666666,True
crossing_traffic__proposed__N50__pl00__lat000__seed4,crossing_traffic,proposed,50,4,0.0,0.0,4.0,12,4.0,4.0,0.0,0.0,4.0,0.0,0.0,120.0,0.05,0.4477363464503653,0.2451976903468392,0,0.0,0,0.0,0,0.0,1.0,True,52.150000000000006,0.0433425661112767,10.36151562515434,11.156507276507275,6.147429626900703,0.0512072438725589,Two sub-swarms crossing at a congested intersection.,0,0,0,0.0,0.0,0,0.0,0,0,0.0,0.0,0,0.0,0,0.0,0.0,0.0,0.0,2400,0,0.0,0,0.0,0,0.0,0,0.0,0.0,0.0,0.0,0.0,146,0.0012166666666666,0.0542699389216933,0.1125392632750055,0.1146737659795357,0.1148023096531607,-0.1148023096531607,52.25,53.125,54.75,True
crossing_traffic__proposed__N100__pl00__lat000__seed0,crossing_traffic,proposed,100,0,0.0,0.0,4.0,12,4.0,4.0,0.0,0.0,4.0,0.0,0.0,120.0,0.05,0.3301023580752509,0.2234252265104654,0,0.0,21,1.7669405424507463e-06,0,0.0,1.0,True,53.150000000000006,0.0347373773363964,12.461840822349863,11.973866943866945,16.382722433190793,0.0682329130911736,Two sub-swarms crossing at a congested intersection.,0,0,0,0.0,0.0,0,0.0,0,0,0.0,0.0,0,0.0,0,0.0,0.0,0.0,0.0,2400,0,0.0,0,0.0,0,0.0,0,0.0,0.0,0.0,0.0,0.0,161,0.0006708333333333,0.0799588048704044,0.1365723615615711,0.136574403332799,0.1365747734895345,-0.1365747734895345,53.333333333333336,54.0,56.0,True
crossing_traffic__proposed__N100__pl00__lat000__seed1,crossing_traffic,proposed,100,1,0.0,0.0,4.0,12,4.0,4.0,0.0,0.0,4.0,0.0,0.0,120.0,0.05,0.2803025471381767,0.2580487161900258,0,0.0,35,2.9449009040845774e-06,0,0.0,1.0,True,53.05,0.0347558045556797,12.46344297697957,11.954740124740123,16.406796229071915,0.0683331787966343,Two sub-swarms crossing at a congested intersection.,0,0,0,0.0,0.0,0,0.0,0,0,0.0,0.0,0,0.0,0,0.0,0.0,0.0,0.0,2400,0,0.0,0,0.0,0,0.0,0,0.0,0.0,0.0,0.0,0.0,123,0.0005125,0.0668938965864376,0.0997417394358299,0.1014081915237042,0.1019512838099742,-0.1019512838099742,53.5,53.91666666666666,56.0,True
crossing_traffic__proposed__N100__pl00__lat000__seed2,crossing_traffic,proposed,100,2,0.0,0.0,4.0,12,4.0,4.0,0.0,0.0,4.0,0.0,0.0,120.0,0.05,0.3587700553262922,0.2474285264274424,0,0.0,14,1.177960361633831e-06,0,0.0,1.0,True,53.7,0.0346873155584863,12.730949706897745,11.95031185031185,16.298304724972695,0.0678813191377455,Two sub-swarms crossing at a congested intersection.,0,0,0,0.0,0.0,0,0.0,0,0,0.0,0.0,0,0.0,0,0.0,0.0,0.0,0.0,2400,0,0.0,0,0.0,0,0.0,0,0.0,0.0,0.0,0.0,0.0,314,0.0013083333333333,0.0611460440200749,0.1123879264051734,0.11257142332003,0.1125714735725575,-0.1125714735725575,53.66666666666666,54.75,55.875,True
crossing_traffic__proposed__N100__pl00__lat000__seed3,crossing_traffic,proposed,100,3,0.0,0.0,4.0,12,4.0,4.0,0.0,0.0,4.0,0.0,0.0,120.0,0.05,0.3818306780877115,0.2392618196208634,0,0.0,6,5.048401549859276e-07,0,0.0,1.0,True,53.150000000000006,0.0347115910446834,12.66411782231027,11.97024948024948,16.27694187220186,0.0677923443240394,Two sub-swarms crossing at a congested intersection.,0,0,0,0.0,0.0,0,0.0,0,0,0.0,0.0,0,0.0,0,0.0,0.0,0.0,0.0,2400,0,0.0,0,0.0,0,0.0,0,0.0,0.0,0.0,0.0,0.0,189,0.0007875,0.0595922731042715,0.1194879986980851,0.1205977404314416,0.1207381803791365,-0.1207381803791365,53.5,54.333333333333336,55.0,True
crossing_traffic__proposed__N100__pl00__lat000__seed4,crossing_traffic,proposed,100,4,0.0,0.0,4.0,12,4.0,4.0,0.0,0.0,4.0,0.0,0.0,120.0,0.05,0.3328341301547298,0.251980070984757,0,0.0,25,2.1035006457746984e-06,0,0.0,1.0,True,53.1,0.0346505590221423,12.561573032091369,11.96962577962578,15.783582035917789,0.0657375345102781,Two sub-swarms crossing at a congested intersection.,0,0,0,0.0,0.0,0,0.0,0,0,0.0,0.0,0,0.0,0,0.0,0.0,0.0,0.0,2400,0,0.0,0,0.0,0,0.0,0,0.0,0.0,0.0,0.0,0.0,241,0.0010041666666666,0.0763218324272076,0.1079739301059666,0.1080198180280683,0.1080199290152429,-0.1080199290152429,53.1,53.75,55.5,True
crossing_traffic__proposed__N100__pl00__lat050__seed0,crossing_traffic,proposed,100,0,0.0,50.0,4.0,12,4.0,4.0,0.0,0.0,4.0,0.0,0.0,120.0,0.05,0.4102712115217609,0.3768974041669294,0,0.0,0,0.0,0,0.0,1.0,True,53.45,0.0349976026639581,13.875432594498704,11.954573804573805,21.609246110077947,0.0900010250315616,Two sub-swarms crossing at a congested intersection.,0,0,0,0.0,0.0,0,0.0,0,0,0.0,0.0,0,0.0,0,0.0,0.0,0.0,0.0,2400,0,0.0,0,0.0,0,0.0,0,0.0,0.0,0.0,0.0,0.0,0,0.0,0.0,0.0,0.0,0.0,0.0168974041669294,53.4,54.5,56.5,True
crossing_traffic__proposed__N100__pl00__lat050__seed1,crossing_traffic,proposed,100,1,0.0,50.0,4.0,12,4.0,4.0,0.0,0.0,4.0,0.0,0.0,120.0,0.05,0.4028959786775615,0.3775456228183079,0,0.0,0,0.0,0,0.0,1.0,True,53.95,0.0350100700014232,14.088475189907074,11.914449064449064,20.88630261225626,0.086990015044799,Two sub-swarms crossing at a congested intersection.,0,0,0,0.0,0.0,0,0.0,0,0,0.0,0.0,0,0.0,0,0.0,0.0,0.0,0.0,2400,0,0.0,0,0.0,0,0.0,0,0.0,0.0,0.0,0.0,0.0,0,0.0,0.0,0.0,0.0,0.0,0.0175456228183079,54.0,55.0,58.0,True
crossing_traffic__proposed__N100__pl00__lat050__seed2,crossing_traffic,proposed,100,2,0.0,50.0,4.0,12,4.0,4.0,0.0,0.0,4.0,0.0,0.0,120.0,0.05,0.4427438504402133,0.3874838860517385,0,0.0,0,0.0,0,0.0,1.0,True,53.3,0.0349392558645627,13.769749279206827,11.933305613305611,20.67685109982267,0.0861176638893072,Two sub-swarms crossing at a congested intersection.,0,0,0,0.0,0.0,0,0.0,0,0,0.0,0.0,0,0.0,0,0.0,0.0,0.0,0.0,2400,0,0.0,0,0.0,0,0.0,0,0.0,0.0,0.0,0.0,0.0,0,0.0,0.0,0.0,0.0,0.0,0.0274838860517385,53.5,55.16666666666666,56.0,True
crossing_traffic__proposed__N100__pl00__lat050__seed3,crossing_traffic,proposed,100,3,0.0,50.0,4.0,12,4.0,4.0,0.0,0.0,4.0,0.0,0.0,120.0,0.05,0.4160492069740308,0.3831268642417146,0,0.0,0,0.0,0,0.0,1.0,True,54.150000000000006,0.0349682392219356,13.822535167463224,11.926091476091475,20.91547851311043,0.0871115306668489,Two sub-swarms crossing at a congested intersection.,0,0,0,0.0,0.0,0,0.0,0,0,0.0,0.0,0,0.0,0,0.0,0.0,0.0,0.0,2400,0,0.0,0,0.0,0,0.0,0,0.0,0.0,0.0,0.0,0.0,0,0.0,0.0,0.0,0.0,0.0,0.0231268642417146,54.5,55.5,57.0,True
crossing_traffic__proposed__N100__pl00__lat050__seed4,crossing_traffic,proposed,100,4,0.0,50.0,4.0,12,4.0,4.0,0.0,0.0,4.0,0.0,0.0,120.0,0.05,0.4500366417277071,0.3829161264338104,0,0.0,0,0.0,0,0.0,1.0,True,53.3,0.0349046207157705,13.714331818751116,11.948565488565489,20.60433208104223,0.0858156271596927,Two sub-swarms crossing at a congested intersection.,0,0,0,0.0,0.0,0,0.0,0,0,0.0,0.0,0,0.0,0,0.0,0.0,0.0,0.0,2400,0,0.0,0,0.0,0,0.0,0,0.0,0.0,0.0,0.0,0.0,0,0.0,0.0,0.0,0.0,0.0,0.0229161264338104,53.41666666666666,55.16666666666666,56.0,True
crossing_traffic__proposed__N100__pl10__lat000__seed0,crossing_traffic,proposed,100,0,0.1,0.0,4.0,12,4.0,4.0,0.0,0.0,4.0,0.0,0.0,120.0,0.05,0.4162832022146807,0.3881513883098174,0,0.0,0,0.0,0,0.0,1.0,True,53.6,0.0349108444493491,13.96640690361048,10.70966735966736,20.367033421061933,0.0848272945483629,Two sub-swarms crossing at a congested intersection.,0,0,0,0.0,0.0,0,0.0,0,0,0.0,0.0,0,0.0,0,0.0,0.0,0.0,0.0,2400,0,0.0,0,0.0,0,0.0,0,0.0,0.0,0.0,0.0,0.0,0,0.0,0.0,0.0,0.0,0.0,0.0281513883098174,53.66666666666666,55.0,59.5,True
crossing_traffic__proposed__N100__pl10__lat000__seed1,crossing_traffic,proposed,100,1,0.1,0.0,4.0,12,4.0,4.0,0.0,0.0,4.0,0.0,0.0,120.0,0.05,0.3864126416442717,0.3768032853841104,0,0.0,3,2.524200774929638e-07,0,0.0,1.0,True,54.35,0.034949693910544,14.306640277280517,10.742619542619543,20.696834487840533,0.0862008933271159,Two sub-swarms crossing at a congested intersection.,0,0,0,0.0,0.0,0,0.0,0,0,0.0,0.0,0,0.0,0,0.0,0.0,0.0,0.0,2400,0,0.0,0,0.0,0,0.0,0,0.0,0.0,0.0,0.0,0.0,0,0.0,0.0,0.0,0.0,0.0,0.0168032853841104,54.2,55.0,58.0,True
crossing_traffic__proposed__N100__pl10__lat000__seed2,crossing_traffic,proposed,100,2,0.1,0.0,4.0,12,4.0,4.0,0.0,0.0,4.0,0.0,0.0,120.0,0.05,0.4197642630003256,0.3842305149574735,0,0.0,0,0.0,0,0.0,1.0,True,53.75,0.0348796916113905,14.29689054741546,10.735259875259874,20.638770140707493,0.085959059311568,Two sub-swarms crossing at a congested intersection.,0,0,0,0.0,0.0,0,0.0,0,0,0.0,0.0,0,0.0,0,0.0,0.0,0.0,0.0,2400,0,0.0,0,0.0,0,0.0,0,0.0,0.0,0.0,0.0,0.0,0,0.0,0.0,0.0,0.0,0.0,0.0242305149574735,53.833333333333336,55.5,57.25,True
crossing_traffic__proposed__N100__pl10__lat000__seed3,crossing_traffic,proposed,100,3,0.1,0.0,4.0,12,4.0,4.0,0.0,0.0,4.0,0.0,0.0,120.0,0.05,0.4158288881785247,0.387975026352796,0,0.0,0,0.0,0,0.0,1.0,True,53.95,0.0347501743251053,14.005714149966089,10.756569646569648,20.57137684384361,0.0856783708614894,Two sub-swarms crossing at a congested intersection.,0,0,0,0.0,0.0,0,0.0,0,0,0.0,0.0,0,0.0,0,0.0,0.0,0.0,0.0,2400,0,0.0,0,0.0,0,0.0,0,0.0,0.0,0.0,0.0,0.0,0,0.0,0.0,0.0,0.0,0.0,0.027975026352796,54.0,55.5,56.5,True
crossing_traffic__proposed__N100__pl10__lat000__seed4,crossing_traffic,proposed,100,4,0.1,0.0,4.0,12,4.0,4.0,0.0,0.0,4.0,0.0,0.0,120.0,0.05,0.443362097064374,0.3836113899108123,0,0.0,0,0.0,0,0.0,1.0,True,53.55,0.0348775213099977,13.991961128718817,10.755675675675676,20.80839725164697,0.0866655445716241,Two sub-swarms crossing at a congested intersection.,0,0,0,0.0,0.0,0,0.0,0,0,0.0,0.0,0,0.0,0,0.0,0.0,0.0,0.0,2400,0,0.0,0,0.0,0,0.0,0,0.0,0.0,0.0,0.0,0.0,0,0.0,0.0,0.0,0.0,0.0,0.0236113899108123,53.66666666666666,54.375,56.5,True
crossing_traffic__proposed__N100__pl10__lat050__seed0,crossing_traffic,proposed,100,0,0.1,50.0,4.0,12,4.0,4.0,0.0,0.0,4.0,0.0,0.0,120.0,0.05,0.4074654765100537,0.3895155936290914,0,0.0,0,0.0,0,0.0,1.0,True,53.55,0.0348753122413855,14.159893387776163,10.745405405405403,21.5526827769354,0.0897654426361324,Two sub-swarms crossing at a congested intersection.,0,0,0,0.0,0.0,0,0.0,0,0,0.0,0.0,0,0.0,0,0.0,0.0,0.0,0.0,2400,0,0.0,0,0.0,0,0.0,0,0.0,0.0,0.0,0.0,0.0,0,0.0,0.0,0.0,0.0,0.0,0.0295155936290913,53.75,54.66666666666666,56.5,True
crossing_traffic__proposed__N100__pl10__lat050__seed1,crossing_traffic,proposed,100,1,0.1,50.0,4.0,12,4.0,4.0,0.0,0.0,4.0,0.0,0.0,120.0,0.05,0.3987682616484463,0.3782361550762562,0,0.0,0,0.0,0,0.0,1.0,True,54.6,0.0349582469302692,14.320689778897538,10.713451143451143,20.69320034701377,0.0861857573803155,Two sub-swarms crossing at a congested intersection.,0,0,0,0.0,0.0,0,0.0,0,0,0.0,0.0,0,0.0,0,0.0,0.0,0.0,0.0,2400,0,0.0,0,0.0,0,0.0,0,0.0,0.0,0.0,0.0,0.0,0,0.0,0.0,0.0,0.0,0.0,0.0182361550762562,54.625,55.75,59.5,True
crossing_traffic__proposed__N100__pl10__lat050__seed2,crossing_traffic,proposed,100,2,0.1,50.0,4.0,12,4.0,4.0,0.0,0.0,4.0,0.0,0.0,120.0,0.05,0.4253241362360435,0.38490843052799,0,0.0,0,0.0,0,0.0,1.0,True,53.85,0.0348318672541383,14.003718429442234,10.735779625779626,20.93447607709095,0.0871906542152892,Two sub-swarms crossing at a congested intersection.,0,0,0,0.0,0.0,0,0.0,0,0,0.0,0.0,0,0.0,0,0.0,0.0,0.0,0.0,2400,0,0.0,0,0.0,0,0.0,0,0.0,0.0,0.0,0.0,0.0,0,0.0,0.0,0.0,0.0,0.0,0.02490843052799,53.833333333333336,55.0,57.5,True
crossing_traffic__proposed__N100__pl10__lat050__seed3,crossing_traffic,proposed,100,3,0.1,50.0,4.0,12,4.0,4.0,0.0,0.0,4.0,0.0,0.0,120.0,0.05,0.4138142345156638,0.3813043146303138,0,0.0,0,0.0,0,0.0,1.0,True,54.1,0.0349563527393408,13.835270368497657,10.752577962577964,20.8067887891084,0.0866588454356867,Two sub-swarms crossing at a congested intersection.,0,0,0,0.0,0.0,0,0.0,0,0,0.0,0.0,0,0.0,0,0.0,0.0,0.0,0.0,2400,0,0.0,0,0.0,0,0.0,0,0.0,0.0,0.0,0.0,0.0,0,0.0,0.0,0.0,0.0,0.0,0.0213043146303137,54.125,54.7,56.5,True
crossing_traffic__proposed__N100__pl10__lat050__seed4,crossing_traffic,proposed,100,4,0.1,50.0,4.0,12,4.0,4.0,0.0,0.0,4.0,0.0,0.0,120.0,0.05,0.4236587412491844,0.3818474275297882,0,0.0,0,0.0,0,0.0,1.0,True,53.5,0.0348775765524849,13.584052651938784,10.755343035343037,20.46191302640364,0.085222461584355,Two sub-swarms crossing at a congested intersection.,0,0,0,0.0,0.0,0,0.0,0,0,0.0,0.0,0,0.0,0,0.0,0.0,0.0,0.0,2400,0,0.0,0,0.0,0,0.0,0,0.0,0.0,0.0,0.0,0.0,0,0.0,0.0,0.0,0.0,0.0,0.0218474275297881,53.5,54.4,55.5,True
crossing_traffic__proposed__N100__pl10__lat100__seed0,crossing_traffic,proposed,100,0,0.1,100.0,4.0,12,4.0,4.0,0.0,0.0,4.0,0.0,0.0,120.0,0.05,0.4141936425525948,0.3916667372400358,0,0.0,0,0.0,0,0.0,1.0,True,53.6,0.034832377543966,14.19664016034652,10.732681912681914,20.91320744203404,0.0871020718118868,Two sub-swarms crossing at a congested intersection.,0,0,0,0.0,0.0,0,0.0,0,0,0.0,0.0,0,0.0,0,0.0,0.0,0.0,0.0,2400,0,0.0,0,0.0,0,0.0,0,0.0,0.0,0.0,0.0,0.0,0,0.0,0.0,0.0,0.0,0.0,0.0316667372400358,53.833333333333336,54.875,56.5,True
crossing_traffic__proposed__N100__pl10__lat100__seed1,crossing_traffic,proposed,100,1,0.1,100.0,4.0,12,4.0,4.0,0.0,0.0,4.0,0.0,0.0,120.0,0.05,0.3935523441947213,0.3777157811932373,0,0.0,0,0.0,0,0.0,1.0,True,53.95,0.0349362182843429,14.176458773167065,10.712765072765071,21.668753671925515,0.0902488699372158,Two sub-swarms crossing at a congested intersection.,0,0,0,0.0,0.0,0,0.0,0,0,0.0,0.0,0,0.0,0,0.0,0.0,0.0,0.0,2400,0,0.0,0,0.0,0,0.0,0,0.0,0.0,0.0,0.0,0.0,0,0.0,0.0,0.0,0.0,0.0,0.0177157811932373,53.91666666666666,55.0,58.0,True
crossing_traffic__proposed__N100__pl10__lat100__seed2,crossing_traffic,proposed,100,2,0.1,100.0,4.0,12,4.0,4.0,0.0,0.0,4.0,0.0,0.0,120.0,0.05,0.4239867047370692,0.382956427722441,0,0.0,0,0.0,0,0.0,1.0,True,53.900000000000006,0.0349029968611787,14.027462597148585,10.728565488565488,21.339791966136545,0.0888787670393025,Two sub-swarms crossing at a congested intersection.,0,0,0,0.0,0.0,0,0.0,0,0,0.0,0.0,0,0.0,0,0.0,0.0,0.0,0.0,2400,0,0.0,0,0.0,0,0.0,0,0.0,0.0,0.0,0.0,0.0,0,0.0,0.0,0.0,0.0,0.0,0.0229564277224409,54.0,55.5,57.0,True
crossing_traffic__proposed__N100__pl10__lat100__seed3,crossing_traffic,proposed,100,3,0.1,100.0,4.0,12,4.0,4.0,0.0,0.0,4.0,0.0,0.0,120.0,0.05,0.4120765419378202,0.381703505305888,0,0.0,0,0.0,0,0.0,1.0,True,54.400000000000006,0.0348983867570482,14.0520089567239,10.753035343035345,20.87903281208128,0.0869597368266608,Two sub-swarms crossing at a congested intersection.,0,0,0,0.0,0.0,0,0.0,0,0,0.0,0.0,0,0.0,0,0.0,0.0,0.0,0.0,2400,0,0.0,0,0.0,0,0.0,0,0.0,0.0,0.0,0.0,0.0,0,0.0,0.0,0.0,0.0,0.0,0.021703505305888,54.25,55.333333333333336,56.833333333333336,True
crossing_traffic__proposed__N100__pl10__lat100__seed4,crossing_traffic,proposed,100,4,0.1,100.0,4.0,12,4.0,4.0,0.0,0.0,4.0,0.0,0.0,120.0,0.05,0.4405975987173378,0.3820681040367847,0,0.0,0,0.0,0,0.0,1.0,True,53.75,0.0349164908828648,13.995996290621015,10.728482328482327,20.33992118621245,0.0847143739534046,Two sub-swarms crossing at a congested intersection.,0,0,0,0.0,0.0,0,0.0,0,0,0.0,0.0,0,0.0,0,0.0,0.0,0.0,0.0,2400,0,0.0,0,0.0,0,0.0,0,0.0,0.0,0.0,0.0,0.0,0,0.0,0.0,0.0,0.0,0.0,0.0220681040367847,53.85714285714285,55.5,56.5,True
crossing_traffic__proposed__N100__pl10__lat200__seed0,crossing_traffic,proposed,100,0,0.1,200.0,4.0,12,4.0,4.0,0.0,0.0,4.0,0.0,0.0,120.0,0.05,0.4027913283571732,0.3907030789823066,0,0.0,0,0.0,0,0.0,1.0,True,53.55,0.034981896417326,13.984032306958465,10.726237006237008,20.85455534607172,0.0868577898628559,Two sub-swarms crossing at a congested intersection.,0,0,0,0.0,0.0,0,0.0,0,0,0.0,0.0,0,0.0,0,0.0,0.0,0.0,0.0,2400,0,0.0,0,0.0,0,0.0,0,0.0,0.0,0.0,0.0,0.0,0,0.0,0.0,0.0,0.0,0.0,0.0307030789823066,53.625,54.833333333333336,56.5,True
crossing_traffic__proposed__N100__pl10__lat200__seed1,crossing_traffic,proposed,100,1,0.1,200.0,4.0,12,4.0,4.0,0.0,0.0,4.0,0.0,0.0,120.0,0.05,0.3812510831075058,0.3820034139336782,0,0.0,4,3.365601033239517e-07,0,0.0,1.0,True,54.2,0.0348809157872359,14.276614558579922,10.714677754677757,20.67551450058818,0.0861120970453485,Two sub-swarms crossing at a congested intersection.,0,0,0,0.0,0.0,0,0.0,0,0,0.0,0.0,0,0.0,0,0.0,0.0,0.0,0.0,2400,0,0.0,0,0.0,0,0.0,0,0.0,0.0,0.0,0.0,0.0,0,0.0,0.0,0.0,0.0,0.0,0.0220034139336782,54.25,54.75,58.0,True
crossing_traffic__proposed__N100__pl10__lat200__seed2,crossing_traffic,proposed,100,2,0.1,200.0,4.0,12,4.0,4.0,0.0,0.0,4.0,0.0,0.0,120.0,0.05,0.4227988594637399,0.3747587482409665,0,0.0,0,0.0,0,0.0,1.0,True,53.55,0.0347674265537525,14.05013968049187,10.736112266112269,20.46567163616419,0.0852381159357109,Two sub-swarms crossing at a congested intersection.,0,0,0,0.0,0.0,0,0.0,0,0,0.0,0.0,0,0.0,0,0.0,0.0,0.0,0.0,2400,0,0.0,0,0.0,0,0.0,0,0.0,0.0,0.0,0.0,0.0,0,0.0,0.0,0.0,0.0,0.0,0.0147587482409665,53.66666666666666,55.5,57.0,True
crossing_traffic__proposed__N100__pl10__lat200__seed3,crossing_traffic,proposed,100,3,0.1,200.0,4.0,12,4.0,4.0,0.0,0.0,4.0,0.0,0.0,120.0,0.05,0.3926964176663897,0.3842072440715472,0,0.0,0,0.0,0,0.0,1.0,True,53.95,0.0348758911137654,14.143231089552208,10.729189189189189,20.5875842506066,0.0857458735968621,Two sub-swarms crossing at a congested intersection.,0,0,0,0.0,0.0,0,0.0,0,0,0.0,0.0,0,0.0,0,0.0,0.0,0.0,0.0,2400,0,0.0,0,0.0,0,0.0,0,0.0,0.0,0.0,0.0,0.0,0,0.0,0.0,0.0,0.0,0.0,0.0242072440715472,54.0,56.0,57.5,True
crossing_traffic__proposed__N100__pl10__lat200__seed4,crossing_traffic,proposed,100,4,0.1,200.0,4.0,12,4.0,4.0,0.0,0.0,4.0,0.0,0.0,120.0,0.05,0.4313748336347573,0.3896908087092751,0,0.0,0,0.0,0,0.0,1.0,True,53.45,0.0348314341055971,13.754136636453335,10.763430353430351,20.683964658994228,0.0861472913744032,Two sub-swarms crossing at a congested intersection.,0,0,0,0.0,0.0,0,0.0,0,0,0.0,0.0,0,0.0,0,0.0,0.0,0.0,0.0,2400,0,0.0,0,0.0,0,0.0,0,0.0,0.0,0.0,0.0,0.0,0,0.0,0.0,0.0,0.0,0.0,0.029690808709275,53.5,54.75,57.0,True
crossing_traffic__proposed__N100__pl20__lat050__seed0,crossing_traffic,proposed,100,0,0.2,50.0,4.0,12,4.0,4.0,0.0,0.0,4.0,0.0,0.0,120.0,0.05,0.3576287992672773,0.3878670243695582,0,0.0,15,1.262100387464819e-06,0,0.0,1.0,True,53.85,0.0348483175134449,14.160725910983611,9.53893970893971,20.822463981807232,0.0867241315360567,Two sub-swarms crossing at a congested intersection.,0,0,0,0.0,0.0,0,0.0,0,0,0.0,0.0,0,0.0,0,0.0,0.0,0.0,0.0,2400,0,0.0,0,0.0,0,0.0,0,0.0,0.0,0.0,0.0,0.0,0,0.0,0.0,0.0,0.0,0.0,0.0278670243695582,53.875,54.5,55.5,True
crossing_traffic__proposed__N100__pl20__lat050__seed1,crossing_traffic,proposed,100,1,0.2,50.0,4.0,12,4.0,4.0,0.0,0.0,4.0,0.0,0.0,120.0,0.05,0.4103221585698685,0.3704817694227774,0,0.0,0,0.0,0,0.0,1.0,True,54.2,0.0348043576622651,14.304208868229862,9.557359667359668,21.208954399917275,0.0883338375673356,Two sub-swarms crossing at a congested intersection.,0,0,0,0.0,0.0,0,0.0,0,0,0.0,0.0,0,0.0,0,0.0,0.0,0.0,0.0,2400,0,0.0,0,0.0,0,0.0,0,0.0,0.0,0.0,0.0,0.0,0,0.0,0.0,0.0,0.0,0.0,0.0104817694227774,54.5,55.0,56.5,True
crossing_traffic__proposed__N100__pl20__lat050__seed2,crossing_traffic,proposed,100,2,0.2,50.0,4.0,12,4.0,4.0,0.0,0.0,4.0,0.0,0.0,120.0,0.05,0.4233063127658142,0.3873560567783877,0,0.0,0,0.0,0,0.0,1.0,True,53.650000000000006,0.0347098411375751,14.099699730486474,9.545717255717255,20.79656285000965,0.086616255102081,Two sub-swarms crossing at a congested intersection.,0,0,0,0.0,0.0,0,0.0,0,0,0.0,0.0,0,0.0,0,0.0,0.0,0.0,0.0,2400,0,0.0,0,0.0,0,0.0,0,0.0,0.0,0.0,0.0,0.0,0,0.0,0.0,0.0,0.0,0.0,0.0273560567783877,53.66666666666666,55.0,57.0,True
crossing_traffic__proposed__N100__pl20__lat050__seed3,crossing_traffic,proposed,100,3,0.2,50.0,4.0,12,4.0,4.0,0.0,0.0,4.0,0.0,0.0,120.0,0.05,0.4002752604435425,0.3817752073648072,0,0.0,0,0.0,0,0.0,1.0,True,53.8,0.0347183545979613,13.899158213050276,9.555738045738046,20.951220997143537,0.0872603956565745,Two sub-swarms crossing at a congested intersection.,0,0,0,0.0,0.0,0,0.0,0,0,0.0,0.0,0,0.0,0,0.0,0.0,0.0,0.0,2400,0,0.0,0,0.0,0,0.0,0,0.0,0.0,0.0,0.0,0.0,0,0.0,0.0,0.0,0.0,0.0,0.0217752073648072,53.75,54.75,57.0,True
crossing_traffic__proposed__N100__pl20__lat050__seed4,crossing_traffic,proposed,100,4,0.2,50.0,4.0,12,4.0,4.0,0.0,0.0,4.0,0.0,0.0,120.0,0.05,0.4179587929925957,0.3838060564880584,0,0.0,0,0.0,0,0.0,1.0,True,53.5,0.0347874229990189,13.93410090828721,9.546611226611226,20.819360581692308,0.086711206087848,Two sub-swarms crossing at a congested intersection.,0,0,0,0.0,0.0,0,0.0,0,0,0.0,0.0,0,0.0,0,0.0,0.0,0.0,0.0,2400,0,0.0,0,0.0,0,0.0,0,0.0,0.0,0.0,0.0,0.0,0,0.0,0.0,0.0,0.0,0.0,0.0238060564880584,53.5,55.7,56.75,True
crossing_traffic__proposed__N100__pl40__lat050__seed0,crossing_traffic,proposed,100,0,0.4,50.0,4.0,12,4.0,4.0,0.0,0.0,4.0,0.0,0.0,120.0,0.05,0.41314291672593,0.3872459741887576,0,0.0,0,0.0,0,0.0,1.0,True,53.8,0.0345365499178358,13.767920288261482,7.172993762993763,20.53504890110344,0.0855270674764824,Two sub-swarms crossing at a congested intersection.,0,0,0,0.0,0.0,0,0.0,0,0,0.0,0.0,0,0.0,0,0.0,0.0,0.0,0.0,2400,0,0.0,0,0.0,0,0.0,0,0.0,0.0,0.0,0.0,0.0,0,0.0,0.0,0.0,0.0,0.0,0.0272459741887576,53.875,54.5,56.0,True
crossing_traffic__proposed__N100__pl40__lat050__seed1,crossing_traffic,proposed,100,1,0.4,50.0,4.0,12,4.0,4.0,0.0,0.0,4.0,0.0,0.0,120.0,0.05,0.3445877505927355,0.3785220629436391,0,0.0,15,1.262100387464819e-06,0,0.0,1.0,True,54.35,0.0348733575844142,14.1213900915198,7.143638253638254,20.84366514161229,0.0868124329096721,Two sub-swarms crossing at a congested intersection.,0,0,0,0.0,0.0,0,0.0,0,0,0.0,0.0,0,0.0,0,0.0,0.0,0.0,0.0,2400,0,0.0,0,0.0,0,0.0,0,0.0,0.0,0.0,0.0,0.0,0,0.0,0.0,0.0,0.0,0.0,0.0185220629436391,54.3,55.5,59.5,True
crossing_traffic__proposed__N100__pl40__lat050__seed2,crossing_traffic,proposed,100,2,0.4,50.0,4.0,12,4.0,4.0,0.0,0.0,4.0,0.0,0.0,120.0,0.05,0.4160529250229597,0.3747304737451006,0,0.0,0,0.0,0,0.0,1.0,True,53.6,0.0346825065946034,13.761070807594312,7.148981288981289,20.86470995703712,0.0869000831196881,Two sub-swarms crossing at a congested intersection.,0,0,0,0.0,0.0,0,0.0,0,0,0.0,0.0,0,0.0,0,0.0,0.0,0.0,0.0,2400,0,0.0,0,0.0,0,0.0,0,0.0,0.0,0.0,0.0,0.0,0,0.0,0.0,0.0,0.0,0.0,0.0147304737451006,53.75,55.5,58.0,True
crossing_traffic__proposed__N100__pl40__lat050__seed3,crossing_traffic,proposed,100,3,0.4,50.0,4.0,12,4.0,4.0,0.0,0.0,4.0,0.0,0.0,120.0,0.05,0.4029916181366488,0.3826159212103787,0,0.0,0,0.0,0,0.0,1.0,True,54.1,0.0348065063878444,13.85066027931004,7.163076923076923,20.16894766269252,0.0840022809774782,Two sub-swarms crossing at a congested intersection.,0,0,0,0.0,0.0,0,0.0,0,0,0.0,0.0,0,0.0,0,0.0,0.0,0.0,0.0,2400,0,0.0,0,0.0,0,0.0,0,0.0,0.0,0.0,0.0,0.0,0,0.0,0.0,0.0,0.0,0.0,0.0226159212103786,54.2,54.75,56.5,True
crossing_traffic__proposed__N100__pl40__lat050__seed4,crossing_traffic,proposed,100,4,0.4,50.0,4.0,12,4.0,4.0,0.0,0.0,4.0,0.0,0.0,120.0,0.05,0.3647655221513242,0.3809597043029081,0,0.0,7,5.889801808169155e-07,0,0.0,1.0,True,54.25,0.0347655449754385,13.85242254979077,7.151434511434512,20.68864701455459,0.0861667930635343,Two sub-swarms crossing at a congested intersection.,0,0,0,0.0,0.0,0,0.0,0,0,0.0,0.0,0,0.0,0,0.0,0.0,0.0,0.0,2400,0,0.0,0,0.0,0,0.0,0,0.0,0.0,0.0,0.0,0.0,0,0.0,0.0,0.0,0.0,0.0,0.0209597043029081,54.16666666666666,54.44444444444444,57.0,True
crossing_traffic__proposed__N200__pl00__lat000__seed0,crossing_traffic,proposed,200,0,0.0,0.0,4.0,12,4.0,4.0,0.0,0.0,4.0,0.0,0.0,120.0,0.05,0.2153363595394878,0.2878449810496908,0,0.0,161,3.3696177681409967e-06,0,0.0,1.0,True,54.650000000000006,0.1158610615651765,15.588893281497892,11.981611226611228,36.15975819481537,0.0753014539667125,Two sub-swarms crossing at a congested intersection.,0,0,0,0.0,0.0,0,0.0,0,0,0.0,0.0,0,0.0,0,0.0,0.0,0.0,0.0,2400,0,0.0,0,0.0,0,0.0,0,0.0,0.0,0.0,0.0,0.0,304,0.0006333333333333,0.0267247685584243,0.0539273641193561,0.0695652160616037,0.0721550189503091,-0.0721550189503091,54.75,55.875,58.5,True
crossing_traffic__proposed__N200__pl00__lat000__seed1,crossing_traffic,proposed,200,1,0.0,0.0,4.0,12,4.0,4.0,0.0,0.0,4.0,0.0,0.0,120.0,0.05,0.2502664556565285,0.3098971142060919,0,0.0,213,4.457941519341816e-06,0,0.0,1.0,True,54.7,0.1159249246195203,15.802990135433708,11.98143451143451,36.48621083935723,0.0759812803818351,Two sub-swarms crossing at a congested intersection.,0,0,0,0.0,0.0,0,0.0,0,0,0.0,0.0,0,0.0,0,0.0,0.0,0.0,0.0,2400,0,0.0,0,0.0,0,0.0,0,0.0,0.0,0.0,0.0,0.0,222,0.0004625,0.0287209142421391,0.0472063182326119,0.0500235859764675,0.050102885793908,-0.050102885793908,54.875,55.5,58.0,True
crossing_traffic__proposed__N200__pl00__lat000__seed2,crossing_traffic,proposed,200,2,0.0,0.0,4.0,12,4.0,4.0,0.0,0.0,4.0,0.0,0.0,120.0,0.05,0.3214321759766749,0.3117682015499738,0,0.0,160,3.3486884652332883e-06,0,0.0,1.0,True,54.650000000000006,0.1159994001420453,15.494384439569158,11.993523908523908,35.801515528932214,0.0745554259244735,Two sub-swarms crossing at a congested intersection.,0,0,0,0.0,0.0,0,0.0,0,0,0.0,0.0,0,0.0,0,0.0,0.0,0.0,0.0,2400,0,0.0,0,0.0,0,0.0,0,0.0,0.0,0.0,0.0,0.0,139,0.0002895833333333,0.0212178272436143,0.0471913635701957,0.0481361754475107,0.0482317984500261,-0.0482317984500261,54.72727272727273,55.5,57.5,True
crossing_traffic__proposed__N200__pl00__lat000__seed3,crossing_traffic,proposed,200,3,0.0,0.0,4.0,12,4.0,4.0,0.0,0.0,4.0,0.0,0.0,120.0,0.05,0.2746760434089141,0.3119895644821663,0,0.0,160,3.3486884652332883e-06,0,0.0,1.0,True,54.85,0.1157892690335322,15.539452661308806,11.98379417879418,36.21238139318302,0.0754110399691441,Two sub-swarms crossing at a congested intersection.,0,0,0,0.0,0.0,0,0.0,0,0,0.0,0.0,0,0.0,0,0.0,0.0,0.0,0.0,2400,0,0.0,0,0.0,0,0.0,0,0.0,0.0,0.0,0.0,0.0,103,0.0002145833333333,0.0267849104835883,0.0460766544058506,0.047888840733025,0.0480104355178336,-0.0480104355178336,54.833333333333336,55.875,58.5,True
crossing_traffic__proposed__N200__pl00__lat000__seed4,crossing_traffic,proposed,200,4,0.0,0.0,4.0,12,4.0,4.0,0.0,0.0,4.0,0.0,0.0,120.0,0.05,0.2846927776112485,0.2998679535939248,0,0.0,153,3.202183344879332e-06,0,0.0,1.0,True,54.95,0.1156902755920431,15.80417075042748,11.997411642411642,35.611634119879454,0.0741600044145761,Two sub-swarms crossing at a congested intersection.,0,0,0,0.0,0.0,0,0.0,0,0,0.0,0.0,0,0.0,0,0.0,0.0,0.0,0.0,2400,0,0.0,0,0.0,0,0.0,0,0.0,0.0,0.0,0.0,0.0,158,0.0003291666666666,0.0238920638267824,0.0583920269003618,0.0600592853860825,0.0601320464060751,-0.0601320464060751,54.91666666666666,55.6,57.5,True
crossing_traffic__proposed__N200__pl00__lat050__seed0,crossing_traffic,proposed,200,0,0.0,50.0,4.0,12,4.0,4.0,0.0,0.0,4.0,0.0,0.0,120.0,0.05,0.3973154059941494,0.3669262299518431,0,0.0,0,0.0,0,0.0,1.0,True,55.35,0.1216256596512579,18.37942916349293,11.987681912681913,45.418642445933074,0.094582762278078,Two sub-swarms crossing at a congested intersection.,0,0,0,0.0,0.0,0,0.0,0,0,0.0,0.0,0,0.0,0,0.0,0.0,0.0,0.0,2400,0,0.0,0,0.0,0,0.0,0,0.0,0.0,0.0,0.0,0.0,0,0.0,0.0,0.0,0.0,0.0,0.0069262299518431,55.25,56.833333333333336,59.0,True
crossing_traffic__proposed__N200__pl00__lat050__seed1,crossing_traffic,proposed,200,1,0.0,50.0,4.0,12,4.0,4.0,0.0,0.0,4.0,0.0,0.0,120.0,0.05,0.3672524289984259,0.367852448661628,0,0.0,29,6.069497843235336e-07,0,0.0,1.0,True,55.900000000000006,0.1224433683510357,18.593044688828726,11.973711018711018,45.488026707898825,0.094727252619531,Two sub-swarms crossing at a congested intersection.,0,0,0,0.0,0.0,0,0.0,0,0,0.0,0.0,0,0.0,0,0.0,0.0,0.0,0.0,2400,0,0.0,0,0.0,0,0.0,0,0.0,0.0,0.0,0.0,0.0,0,0.0,0.0,0.0,0.0,0.0,0.007852448661628,55.875,57.375,60.5,True
crossing_traffic__proposed__N200__pl00__lat050__seed2,crossing_traffic,proposed,200,2,0.0,50.0,4.0,12,4.0,4.0,0.0,0.0,4.0,0.0,0.0,120.0,0.05,0.3777715347733109,0.3714906502560137,0,0.0,18,3.76727452338745e-07,0,0.0,1.0,True,55.75,0.1228681472949489,18.81850297459572,11.98549896049896,45.72489641280845,0.0952205256410005,Two sub-swarms crossing at a congested intersection.,0,0,0,0.0,0.0,0,0.0,0,0,0.0,0.0,0,0.0,0,0.0,0.0,0.0,0.0,2400,0,0.0,0,0.0,0,0.0,0,0.0,0.0,0.0,0.0,0.0,0,0.0,0.0,0.0,0.0,0.0,0.0114906502560137,55.85714285714285,56.875,58.5,True
crossing_traffic__proposed__N200__pl00__lat050__seed3,crossing_traffic,proposed,200,3,0.0,50.0,4.0,12,4.0,4.0,0.0,0.0,4.0,0.0,0.0,120.0,0.05,0.3803392109787264,0.3362279037183907,0,0.0,7,1.4650512035395637e-07,0,0.0,1.0,True,56.05,0.1214282476050124,18.33478454261919,11.967629937629937,45.54984186589718,0.0948559805620516,Two sub-swarms crossing at a congested intersection.,0,0,0,0.0,0.0,0,0.0,0,0,0.0,0.0,0,0.0,0,0.0,0.0,0.0,0.0,2400,0,0.0,0,0.0,0,0.0,0,0.0,0.0,0.0,0.0,0.0,31,6.458333333333334e-05,0.0167930578315715,0.0236302412834921,0.0237554063732449,0.0237720962816092,-0.0237720962816092,56.07142857142857,57.5,62.0,True
crossing_traffic__proposed__N200__pl00__lat050__seed4,crossing_traffic,proposed,200,4,0.0,50.0,4.0,12,4.0,4.0,0.0,0.0,4.0,0.0,0.0,120.0,0.05,0.3848147119976497,0.3722831085872108,0,0.0,5,1.0464651453854029e-07,0,0.0,1.0,True,55.7,0.122534074992958,18.74012199972613,11.97881496881497,46.44084501080215,0.0967114639958395,Two sub-swarms crossing at a congested intersection.,0,0,0,0.0,0.0,0,0.0,0,0,0.0,0.0,0,0.0,0,0.0,0.0,0.0,0.0,2400,0,0.0,0,0.0,0,0.0,0,0.0,0.0,0.0,0.0,0.0,0,0.0,0.0,0.0,0.0,0.0,0.0122831085872108,55.92857142857143,57.0,59.0,True
crossing_traffic__proposed__N200__pl10__lat000__seed0,crossing_traffic,proposed,200,0,0.1,0.0,4.0,12,4.0,4.0,0.0,0.0,4.0,0.0,0.0,120.0,0.05,0.3735178010809055,0.3672498030510817,0,0.0,5,1.0464651453854029e-07,0,0.0,1.0,True,55.650000000000006,0.121158400591825,19.23588536389857,10.777151767151768,45.74533770931885,0.0952630939386065,Two sub-swarms crossing at a congested intersection.,0,0,0,0.0,0.0,0,0.0,0,0,0.0,0.0,0,0.0,0,0.0,0.0,0.0,0.0,2400,0,0.0,0,0.0,0,0.0,0,0.0,0.0,0.0,0.0,0.0,0,0.0,0.0,0.0,0.0,0.0,0.0072498030510816,55.66666666666666,58.0,61.0,True
crossing_traffic__proposed__N200__pl10__lat000__seed1,crossing_traffic,proposed,200,1,0.1,0.0,4.0,12,4.0,4.0,0.0,0.0,4.0,0.0,0.0,120.0,0.05,0.391088640879437,0.3671797256403292,0,0.0,0,0.0,0,0.0,1.0,True,56.650000000000006,0.1197163501017178,18.975235717620425,10.75908523908524,46.3267015167512,0.0964737640915268,Two sub-swarms crossing at a congested intersection.,0,0,0,0.0,0.0,0,0.0,0,0,0.0,0.0,0,0.0,0,0.0,0.0,0.0,0.0,2400,0,0.0,0,0.0,0,0.0,0,0.0,0.0,0.0,0.0,0.0,0,0.0,0.0,0.0,0.0,0.0,0.0071797256403292,56.55555555555556,57.75,61.0,True
crossing_traffic__proposed__N200__pl10__lat000__seed2,crossing_traffic,proposed,200,2,0.1,0.0,4.0,12,4.0,4.0,0.0,0.0,4.0,0.0,0.0,120.0,0.05,0.3411240537659901,0.3701693727968232,0,0.0,28,5.860204814158255e-07,0,0.0,1.0,True,56.2,0.1205181675235058,19.13226726470072,10.77522869022869,45.76821491681039,0.0953107349371311,Two sub-swarms crossing at a congested intersection.,0,0,0,0.0,0.0,0,0.0,0,0,0.0,0.0,0,0.0,0,0.0,0.0,0.0,0.0,2400,0,0.0,0,0.0,0,0.0,0,0.0,0.0,0.0,0.0,0.0,0,0.0,0.0,0.0,0.0,0.0,0.0101693727968232,56.375,57.5,62.5,True
crossing_traffic__proposed__N200__pl10__lat000__seed3,crossing_traffic,proposed,200,3,0.1,0.0,4.0,12,4.0,4.0,0.0,0.0,4.0,0.0,0.0,120.0,0.05,0.3787097148067098,0.3715192931157763,0,0.0,11,2.3022233198478858e-07,0,0.0,1.0,True,55.900000000000006,0.1195565597916437,19.07820004078164,10.793638253638251,45.30728953098878,0.0943508736588687,Two sub-swarms crossing at a congested intersection.,0,0,0,0.0,0.0,0,0.0,0,0,0.0,0.0,0,0.0,0,0.0,0.0,0.0,0.0,2400,0,0.0,0,0.0,0,0.0,0,0.0,0.0,0.0,0.0,0.0,0,0.0,0.0,0.0,0.0,0.0,0.0115192931157763,56.0,56.91666666666666,61.0,True
crossing_traffic__proposed__N200__pl10__lat000__seed4,crossing_traffic,proposed,200,4,0.1,0.0,4.0,12,4.0,4.0,0.0,0.0,4.0,0.0,0.0,120.0,0.05,0.3666617783762892,0.3664744735449964,0,0.0,10,2.092930290770805e-07,0,0.0,1.0,True,55.55,0.1204201932822897,18.414361519387285,10.80076923076923,46.05731943715364,0.0959127851669172,Two sub-swarms crossing at a congested intersection.,0,0,0,0.0,0.0,0,0.0,0,0,0.0,0.0,0,0.0,0,0.0,0.0,0.0,0.0,2400,0,0.0,0,0.0,0,0.0,0,0.0,0.0,0.0,0.0,0.0,0,0.0,0.0,0.0,0.0,0.0,0.0064744735449964,55.71428571428572,57.16666666666666,59.5,True
crossing_traffic__proposed__N200__pl10__lat050__seed0,crossing_traffic,proposed,200,0,0.1,50.0,4.0,12,4.0,4.0,0.0,0.0,4.0,0.0,0.0,120.0,0.05,0.3538800912957464,0.3670783230221842,0,0.0,14,2.930102407079128e-07,0,0.0,1.0,True,55.6,0.1197670190989691,19.13387574283039,10.768045738045736,45.54834012826905,0.0948528532450417,Two sub-swarms crossing at a congested intersection.,0,0,0,0.0,0.0,0,0.0,0,0,0.0,0.0,0,0.0,0,0.0,0.0,0.0,0.0,2400,0,0.0,0,0.0,0,0.0,0,0.0,0.0,0.0,0.0,0.0,0,0.0,0.0,0.0,0.0,0.0,0.0070783230221842,55.75,57.25,60.0,True
crossing_traffic__proposed__N200__pl10__lat050__seed1,crossing_traffic,proposed,200,1,0.1,50.0,4.0,12,4.0,4.0,0.0,0.0,4.0,0.0,0.0,120.0,0.05,0.3822100240011244,0.3740839615889358,0,0.0,13,2.720809378002047e-07,0,0.0,1.0,True,55.95,0.1212008690079589,19.12426287929631,10.753471933471934,46.3823496568948,0.0965896494312678,Two sub-swarms crossing at a congested intersection.,0,0,0,0.0,0.0,0,0.0,0,0,0.0,0.0,0,0.0,0,0.0,0.0,0.0,0.0,2400,0,0.0,0,0.0,0,0.0,0,0.0,0.0,0.0,0.0,0.0,0,0.0,0.0,0.0,0.0,0.0,0.0140839615889358,56.0,57.41666666666666,64.0,True
crossing_traffic__proposed__N200__pl10__lat050__seed2,crossing_traffic,proposed,200,2,0.1,50.0,4.0,12,4.0,4.0,0.0,0.0,4.0,0.0,0.0,120.0,0.05,0.3252266637149934,0.3614389920164443,0,0.0,35,7.325256017697818e-07,0,0.0,1.0,True,56.05,0.1213405488342281,19.257256376426906,10.779864864864864,46.26111618988216,0.0963371849018787,Two sub-swarms crossing at a congested intersection.,0,0,0,0.0,0.0,0,0.0,0,0,0.0,0.0,0,0.0,0,0.0,0.0,0.0,0.0,2400,0,0.0,0,0.0,0,0.0,0,0.0,0.0,0.0,0.0,0.0,0,0.0,0.0,0.0,0.0,0.0,0.0014389920164443,56.1,57.25,60.5,True
crossing_traffic__proposed__N200__pl10__lat050__seed3,crossing_traffic,proposed,200,3,0.1,50.0,4.0,12,4.0,4.0,0.0,0.0,4.0,0.0,0.0,120.0,0.05,0.3304316883944923,0.3745338097686949,0,0.0,23,4.813739668772852e-07,0,0.0,1.0,True,55.85,0.1195683409722054,18.93313050977337,10.787297297297297,45.399025556165725,0.0945419107791872,Two sub-swarms crossing at a congested intersection.,0,0,0,0.0,0.0,0,0.0,0,0,0.0,0.0,0,0.0,0,0.0,0.0,0.0,0.0,2400,0,0.0,0,0.0,0,0.0,0,0.0,0.0,0.0,0.0,0.0,0,0.0,0.0,0.0,0.0,0.0,0.0145338097686948,55.875,57.0,60.5,True
crossing_traffic__proposed__N200__pl10__lat050__seed4,crossing_traffic,proposed,200,4,0.1,50.0,4.0,12,4.0,4.0,0.0,0.0,4.0,0.0,0.0,120.0,0.05,0.3656266108907123,0.3704482238077152,0,0.0,16,3.3486884652332885e-07,0,0.0,1.0,True,55.6,0.1213140883031087,18.62130789049744,10.782401247401248,46.22292135795578,0.0962576454767925,Two sub-swarms crossing at a congested intersection.,0,0,0,0.0,0.0,0,0.0,0,0,0.0,0.0,0,0.0,0,0.0,0.0,0.0,0.0,2400,0,0.0,0,0.0,0,0.0,0,0.0,0.0,0.0,0.0,0.0,0,0.0,0.0,0.0,0.0,0.0,0.0104482238077152,55.642857142857146,57.16666666666666,59.0,True
crossing_traffic__proposed__N200__pl10__lat100__seed0,crossing_traffic,proposed,200,0,0.1,100.0,4.0,12,4.0,4.0,0.0,0.0,4.0,0.0,0.0,120.0,0.05,0.3552111133422459,0.3672203163875244,0,0.0,21,4.395153610618691e-07,0,0.0,1.0,True,55.650000000000006,0.1216601715179306,18.99883603871352,10.76891891891892,45.48407339816913,0.0947190199878574,Two sub-swarms crossing at a congested intersection.,0,0,0,0.0,0.0,0,0.0,0,0,0.0,0.0,0,0.0,0,0.0,0.0,0.0,0.0,2400,0,0.0,0,0.0,0,0.0,0,0.0,0.0,0.0,0.0,0.0,0,0.0,0.0,0.0,0.0,0.0,0.0072203163875244,55.833333333333336,57.25,61.0,True
crossing_traffic__proposed__N200__pl10__lat100__seed1,crossing_traffic,proposed,200,1,0.1,100.0,4.0,12,4.0,4.0,0.0,0.0,4.0,0.0,0.0,120.0,0.05,0.3859410421528322,0.3674106090705372,0,0.0,6,1.255758174462483e-07,0,0.0,1.0,True,56.3,0.1216852017294201,18.940434361925927,10.775280665280665,45.308226097840816,0.094352824027157,Two sub-swarms crossing at a congested intersection.,0,0,0,0.0,0.0,0,0.0,0,0,0.0,0.0,0,0.0,0,0.0,0.0,0.0,0.0,2400,0,0.0,0,0.0,0,0.0,0,0.0,0.0,0.0,0.0,0.0,0,0.0,0.0,0.0,0.0,0.0,0.0074106090705372,56.5,57.75,61.5,True
crossing_traffic__proposed__N200__pl10__lat100__seed2,crossing_traffic,proposed,200,2,0.1,100.0,4.0,12,4.0,4.0,0.0,0.0,4.0,0.0,0.0,120.0,0.05,0.338872854032054,0.3712053415255482,0,0.0,37,7.74384207585198e-07,0,0.0,1.0,True,56.05,0.1198261186640752,18.830758657248463,10.770810810810811,45.29598409868777,0.0943273304845642,Two sub-swarms crossing at a congested intersection.,0,0,0,0.0,0.0,0,0.0,0,0,0.0,0.0,0,0.0,0,0.0,0.0,0.0,0.0,2400,0,0.0,0,0.0,0,0.0,0,0.0,0.0,0.0,0.0,0.0,0,0.0,0.0,0.0,0.0,0.0,0.0112053415255481,56.07142857142857,56.9,60.0,True
crossing_traffic__proposed__N200__pl10__lat100__seed3,crossing_traffic,proposed,200,3,0.1,100.0,4.0,12,4.0,4.0,0.0,0.0,4.0,0.0,0.0,120.0,0.05,0.3510666589364411,0.3761201637847872,0,0.0,25,5.232325726927013e-07,0,0.0,1.0,True,55.650000000000006,0.1203004405942861,18.92274428453956,10.788284823284824,45.658494617789984,0.0950822461844856,Two sub-swarms crossing at a congested intersection.,0,0,0,0.0,0.0,0,0.0,0,0,0.0,0.0,0,0.0,0,0.0,0.0,0.0,0.0,2400,0,0.0,0,0.0,0,0.0,0,0.0,0.0,0.0,0.0,0.0,0,0.0,0.0,0.0,0.0,0.0,0.0161201637847872,55.6875,56.5,60.5,True
crossing_traffic__proposed__N200__pl10__lat100__seed4,crossing_traffic,proposed,200,4,0.1,100.0,4.0,12,4.0,4.0,0.0,0.0,4.0,0.0,0.0,120.0,0.05,0.3645015452544808,0.3664575949327898,0,0.0,20,4.18586058154161e-07,0,0.0,1.0,True,55.900000000000006,0.1199684363111301,18.49930292887767,10.800883575883576,46.08106409804896,0.0959622326073489,Two sub-swarms crossing at a congested intersection.,0,0,0,0.0,0.0,0,0.0,0,0,0.0,0.0,0,0.0,0,0.0,0.0,0.0,0.0,2400,0,0.0,0,0.0,0,0.0,0,0.0,0.0,0.0,0.0,0.0,0,0.0,0.0,0.0,0.0,0.0,0.0064575949327898,55.888888888888886,57.25,59.0,True
crossing_traffic__proposed__N200__pl10__lat200__seed0,crossing_traffic,proposed,200,0,0.1,200.0,4.0,12,4.0,4.0,0.0,0.0,4.0,0.0,0.0,120.0,0.05,0.3789241162103631,0.3700436545076405,0,0.0,10,2.092930290770805e-07,0,0.0,1.0,True,55.650000000000006,0.1197321115229946,19.06781985668143,10.79387733887734,45.87408811505884,0.0955312122346081,Two sub-swarms crossing at a congested intersection.,0,0,0,0.0,0.0,0,0.0,0,0,0.0,0.0,0,0.0,0,0.0,0.0,0.0,0.0,2400,0,0.0,0,0.0,0,0.0,0,0.0,0.0,0.0,0.0,0.0,0,0.0,0.0,0.0,0.0,0.0,0.0100436545076405,55.66666666666666,57.16666666666666,59.75,True
crossing_traffic__proposed__N200__pl10__lat200__seed1,crossing_traffic,proposed,200,1,0.1,200.0,4.0,12,4.0,4.0,0.0,0.0,4.0,0.0,0.0,120.0,0.05,0.3894795904144045,0.3748329294374931,0,0.0,2,4.1858605815416113e-08,0,0.0,1.0,True,55.95,0.1207711162710674,18.865713822397023,10.787723492723492,46.39031590567902,0.0966062388706351,Two sub-swarms crossing at a congested intersection.,0,0,0,0.0,0.0,0,0.0,0,0,0.0,0.0,0,0.0,0,0.0,0.0,0.0,0.0,2400,0,0.0,0,0.0,0,0.0,0,0.0,0.0,0.0,0.0,0.0,0,0.0,0.0,0.0,0.0,0.0,0.0148329294374931,55.875,57.16666666666666,59.75,True
crossing_traffic__proposed__N200__pl10__lat200__seed2,crossing_traffic,proposed,200,2,0.1,200.0,4.0,12,4.0,4.0,0.0,0.0,4.0,0.0,0.0,120.0,0.05,0.3457005324708113,0.3637766814907025,0,0.0,30,6.278790872312416e-07,0,0.0,1.0,True,56.0,0.1218181918055396,19.055607443356138,10.77821205821206,46.228644266258925,0.0962695632366908,Two sub-swarms crossing at a congested intersection.,0,0,0,0.0,0.0,0,0.0,0,0,0.0,0.0,0,0.0,0,0.0,0.0,0.0,0.0,2400,0,0.0,0,0.0,0,0.0,0,0.0,0.0,0.0,0.0,0.0,0,0.0,0.0,0.0,0.0,0.0,0.0037766814907025,56.0,57.6,60.66666666666666,True
crossing_traffic__proposed__N200__pl10__lat200__seed3,crossing_traffic,proposed,200,3,0.1,200.0,4.0,12,4.0,4.0,0.0,0.0,4.0,0.0,0.0,120.0,0.05,0.3887546065056949,0.3731565256569021,0,0.0,5,1.0464651453854029e-07,0,0.0,1.0,True,56.05,0.1202784564539582,19.011638590407603,10.781413721413722,45.13523147394881,0.0939925686671153,Two sub-swarms crossing at a congested intersection.,0,0,0,0.0,0.0,0,0.0,0,0,0.0,0.0,0,0.0,0,0.0,0.0,0.0,0.0,2400,0,0.0,0,0.0,0,0.0,0,0.0,0.0,0.0,0.0,0.0,0,0.0,0.0,0.0,0.0,0.0,0.0131565256569021,56.1,57.0,61.75,True
crossing_traffic__proposed__N200__pl10__lat200__seed4,crossing_traffic,proposed,200,4,0.1,200.0,4.0,12,4.0,4.0,0.0,0.0,4.0,0.0,0.0,120.0,0.05,0.3833107433623592,0.37274508951367,0,0.0,8,1.6743442326166445e-07,0,0.0,1.0,True,56.35,0.1210188083426911,19.14096723708769,10.77952182952183,46.35842289868742,0.0965398227794406,Two sub-swarms crossing at a congested intersection.,0,0,0,0.0,0.0,0,0.0,0,0,0.0,0.0,0,0.0,0,0.0,0.0,0.0,0.0,2400,0,0.0,0,0.0,0,0.0,0,0.0,0.0,0.0,0.0,0.0,0,0.0,0.0,0.0,0.0,0.0,0.01274508951367,56.5,58.0,60.5,True
crossing_traffic__proposed__N200__pl20__lat050__seed0,crossing_traffic,proposed,200,0,0.2,50.0,4.0,12,4.0,4.0,0.0,0.0,4.0,0.0,0.0,120.0,0.05,0.3858190048184263,0.3667982751199296,0,0.0,2,4.1858605815416113e-08,0,0.0,1.0,True,55.55,0.1187190595567762,19.19248608650068,9.60049896049896,45.95770666189492,0.0957053449852039,Two sub-swarms crossing at a congested intersection.,0,0,0,0.0,0.0,0,0.0,0,0,0.0,0.0,0,0.0,0,0.0,0.0,0.0,0.0,2400,0,0.0,0,0.0,0,0.0,0,0.0,0.0,0.0,0.0,0.0,0,0.0,0.0,0.0,0.0,0.0,0.0067982751199295,55.625,56.5,59.25,True
crossing_traffic__proposed__N200__pl20__lat050__seed1,crossing_traffic,proposed,200,1,0.2,50.0,4.0,12,4.0,4.0,0.0,0.0,4.0,0.0,0.0,120.0,0.05,0.3419434609626022,0.3732590363729205,0,0.0,21,4.395153610618691e-07,0,0.0,1.0,True,55.85,0.118634402662325,18.945680284231248,9.567900207900207,54.8685257062316,0.1142618194632061,Two sub-swarms crossing at a congested intersection.,0,0,0,0.0,0.0,0,0.0,0,0,0.0,0.0,0,0.0,0,0.0,0.0,0.0,0.0,2400,0,0.0,0,0.0,0,0.0,0,0.0,0.0,0.0,0.0,0.0,0,0.0,0.0,0.0,0.0,0.0,0.0132590363729205,55.7,57.333333333333336,61.5,True
crossing_traffic__proposed__N200__pl20__lat050__seed2,crossing_traffic,proposed,200,2,0.2,50.0,4.0,12,4.0,4.0,0.0,0.0,4.0,0.0,0.0,120.0,0.05,0.3060543639886216,0.3739624483561449,0,0.0,43,8.999600250314463e-07,0,0.0,1.0,True,56.3,0.1190011608314458,19.36757152697581,9.586642411642412,45.43906385125592,0.0946252891529694,Two sub-swarms crossing at a congested intersection.,0,0,0,0.0,0.0,0,0.0,0,0,0.0,0.0,0,0.0,0,0.0,0.0,0.0,0.0,2400,0,0.0,0,0.0,0,0.0,0,0.0,0.0,0.0,0.0,0.0,0,0.0,0.0,0.0,0.0,0.0,0.0139624483561449,56.41666666666666,57.333333333333336,60.5,True
crossing_traffic__proposed__N200__pl20__lat050__seed3,crossing_traffic,proposed,200,3,0.2,50.0,4.0,12,4.0,4.0,0.0,0.0,4.0,0.0,0.0,120.0,0.05,0.3373957739951136,0.3666142819665164,0,0.0,47,9.836772366622786e-07,0,0.0,1.0,True,55.650000000000006,0.1191982153384073,19.019547690798145,9.577629937629938,46.02343466319144,0.0958422212894448,Two sub-swarms crossing at a congested intersection.,0,0,0,0.0,0.0,0,0.0,0,0,0.0,0.0,0,0.0,0,0.0,0.0,0.0,0.0,2400,0,0.0,0,0.0,0,0.0,0,0.0,0.0,0.0,0.0,0.0,0,0.0,0.0,0.0,0.0,0.0,0.0066142819665164,55.71428571428572,57.16666666666666,62.5,True
crossing_traffic__proposed__N200__pl20__lat050__seed4,crossing_traffic,proposed,200,4,0.2,50.0,4.0,12,4.0,4.0,0.0,0.0,4.0,0.0,0.0,120.0,0.05,0.3407003414876727,0.370064555235173,0,0.0,22,4.604446639695772e-07,0,0.0,1.0,True,55.55,0.1191287701640546,18.72917313301333,9.585155925155926,46.07834661798552,0.0959565735484912,Two sub-swarms crossing at a congested intersection.,0,0,0,0.0,0.0,0,0.0,0,0,0.0,0.0,0,0.0,0,0.0,0.0,0.0,0.0,2400,0,0.0,0,0.0,0,0.0,0,0.0,0.0,0.0,0.0,0.0,0,0.0,0.0,0.0,0.0,0.0,0.010064555235173,55.642857142857146,56.66666666666666,59.5,True
crossing_traffic__proposed__N200__pl40__lat050__seed0,crossing_traffic,proposed,200,0,0.4,50.0,4.0,12,4.0,4.0,0.0,0.0,4.0,0.0,0.0,120.0,0.05,0.3131169649959278,0.3679740537406853,0,0.0,60,1.2557581744624832e-06,0,0.0,1.0,True,55.6,0.1150512765022044,18.99116509940495,7.206621621621622,54.649285196792334,0.1138052586355525,Two sub-swarms crossing at a congested intersection.,0,0,0,0.0,0.0,0,0.0,0,0,0.0,0.0,0,0.0,0,0.0,0.0,0.0,0.0,2400,0,0.0,0,0.0,0,0.0,0,0.0,0.0,0.0,0.0,0.0,0,0.0,0.0,0.0,0.0,0.0,0.0079740537406853,55.57142857142857,56.5,60.0,True
crossing_traffic__proposed__N200__pl40__lat050__seed1,crossing_traffic,proposed,200,1,0.4,50.0,4.0,12,4.0,4.0,0.0,0.0,4.0,0.0,0.0,120.0,0.05,0.3659445717694279,0.3670924116542088,0,0.0,29,6.069497843235336e-07,0,0.0,1.0,True,55.45,0.1170174514770094,19.166821127165708,7.186600831600831,44.86198490392417,0.0934235420739778,Two sub-swarms crossing at a congested intersection.,0,0,0,0.0,0.0,0,0.0,0,0,0.0,0.0,0,0.0,0,0.0,0.0,0.0,0.0,2400,0,0.0,0,0.0,0,0.0,0,0.0,0.0,0.0,0.0,0.0,0,0.0,0.0,0.0,0.0,0.0,0.0070924116542088,55.5,57.0,61.5,True
crossing_traffic__proposed__N200__pl40__lat050__seed2,crossing_traffic,proposed,200,2,0.4,50.0,4.0,12,4.0,4.0,0.0,0.0,4.0,0.0,0.0,120.0,0.05,0.3089029877438334,0.3726236304162201,0,0.0,56,1.172040962831651e-06,0,0.0,1.0,True,55.55,0.1171238387177431,18.83233435109053,7.188773388773389,46.52262335084379,0.0968817645790166,Two sub-swarms crossing at a congested intersection.,0,0,0,0.0,0.0,0,0.0,0,0,0.0,0.0,0,0.0,0,0.0,0.0,0.0,0.0,2400,0,0.0,0,0.0,0,0.0,0,0.0,0.0,0.0,0.0,0.0,0,0.0,0.0,0.0,0.0,0.0,0.0126236304162201,55.625,56.7,58.5,True
crossing_traffic__proposed__N200__pl40__lat050__seed3,crossing_traffic,proposed,200,3,0.4,50.0,4.0,12,4.0,4.0,0.0,0.0,4.0,0.0,0.0,120.0,0.05,0.354263394779749,0.3648076875169482,0,0.0,44,9.208893279391544e-07,0,0.0,1.0,True,55.8,0.1174201392118113,19.40859281857549,7.197629937629937,45.03414180595428,0.0937820529070268,Two sub-swarms crossing at a congested intersection.,0,0,0,0.0,0.0,0,0.0,0,0,0.0,0.0,0,0.0,0,0.0,0.0,0.0,0.0,2400,0,0.0,0,0.0,0,0.0,0,0.0,0.0,0.0,0.0,0.0,0,0.0,0.0,0.0,0.0,0.0,0.0048076875169482,55.66666666666666,57.16666666666666,61.0,True
crossing_traffic__proposed__N200__pl40__lat050__seed4,crossing_traffic,proposed,200,4,0.4,50.0,4.0,12,4.0,4.0,0.0,0.0,4.0,0.0,0.0,120.0,0.05,0.2824156825111234,0.3684791558636221,0,0.0,50,1.0464651453854029e-06,0,0.0,1.0,True,56.400000000000006,0.1170663659733901,19.08438026652296,7.183274428274428,44.83341390499845,0.093364043950434,Two sub-swarms crossing at a congested intersection.,0,0,0,0.0,0.0,0,0.0,0,0,0.0,0.0,0,0.0,0,0.0,0.0,0.0,0.0,2400,0,0.0,0,0.0,0,0.0,0,0.0,0.0,0.0,0.0,0.0,0,0.0,0.0,0.0,0.0,0.0,0.0084791558636221,56.5,57.75,60.0,True
crossing_traffic__proposed__N500__pl00__lat000__seed0,crossing_traffic,proposed,500,0,0.0,0.0,4.0,12,4.0,4.0,0.0,0.0,4.0,0.0,0.0,120.0,0.05,0.2874026424786245,0.3436873700908501,0,0.0,948,3.1650139095350217e-06,0,0.0,1.0,True,63.35,0.1531520307460215,35.19376804004838,11.994274428274428,124.6692089526914,0.103847737569922,Two sub-swarms crossing at a congested intersection.,0,0,0,0.0,0.0,0,0.0,0,0,0.0,0.0,0,0.0,0,0.0,0.0,0.0,0.0,2400,0,0.0,0,0.0,0,0.0,0,0.0,0.0,0.0,0.0,0.0,122,0.0001016666666666,0.0107207652627066,0.0163092876165676,0.0163123572803387,0.0163126299091498,-0.0163126299091498,63.5,66.25,70.5,True
crossing_traffic__proposed__N500__pl00__lat000__seed1,crossing_traffic,proposed,500,1,0.0,0.0,4.0,12,4.0,4.0,0.0,0.0,4.0,0.0,0.0,120.0,0.05,0.2921589322316362,0.3467383793531781,0,0.0,966,3.2251091103489776e-06,0,0.0,1.0,True,63.900000000000006,0.1536950269317125,35.07052799963794,11.997010395010395,124.55956002511084,0.1037564015202922,Two sub-swarms crossing at a congested intersection.,0,0,0,0.0,0.0,0,0.0,0,0,0.0,0.0,0,0.0,0,0.0,0.0,0.0,0.0,2400,0,0.0,0,0.0,0,0.0,0,0.0,0.0,0.0,0.0,0.0,93,7.75e-05,0.0072429893056183,0.0131678130464886,0.0132572358111867,0.0132616206468219,-0.0132616206468219,63.9,66.92857142857143,73.5,True
crossing_traffic__proposed__N500__pl00__lat000__seed2,crossing_traffic,proposed,500,2,0.0,0.0,4.0,12,4.0,4.0,0.0,0.0,4.0,0.0,0.0,120.0,0.05,0.2987938879519574,0.3402940284323795,0,0.0,845,2.821135815988495e-06,0,0.0,1.0,True,63.400000000000006,0.1540733639653669,35.371721571246866,11.993546777546776,124.92031654715538,0.1040569067448191,Two sub-swarms crossing at a congested intersection.,0,0,0,0.0,0.0,0,0.0,0,0,0.0,0.0,0,0.0,0,0.0,0.0,0.0,0.0,2400,0,0.0,0,0.0,0,0.0,0,0.0,0.0,0.0,0.0,0.0,54,4.5e-05,0.0108407908876517,0.019559908385394,0.019674867087851,0.0197059715676204,-0.0197059715676204,63.333333333333336,65.5,71.0,True
crossing_traffic__proposed__N500__pl00__lat000__seed3,crossing_traffic,proposed,500,3,0.0,0.0,4.0,12,4.0,4.0,0.0,0.0,4.0,0.0,0.0,120.0,0.05,0.2954449021977994,0.3462542689222959,0,0.0,908,3.0314690188373414e-06,0,0.0,1.0,True,64.25,0.1530500652796592,35.208437464421095,11.988482328482329,121.64467033697292,0.1013283384731136,Two sub-swarms crossing at a congested intersection.,0,0,0,0.0,0.0,0,0.0,0,0,0.0,0.0,0,0.0,0,0.0,0.0,0.0,0.0,2400,0,0.0,0,0.0,0,0.0,0,0.0,0.0,0.0,0.0,0.0,152,0.0001266666666666,0.0065821075036822,0.0137048617033114,0.0137427567970484,0.013745731077704,-0.013745731077704,64.25,66.9,73.75,True
crossing_traffic__proposed__N500__pl00__lat000__seed4,crossing_traffic,proposed,500,4,0.0,0.0,4.0,12,4.0,4.0,0.0,0.0,4.0,0.0,0.0,120.0,0.05,0.2954570161371716,0.3364170331851722,0,0.0,1008,3.3653312455815423e-06,0,0.0,1.0,True,64.25,0.1526416535260812,35.72798878051904,11.996108108108109,125.7765065212734,0.1047701012255505,Two sub-swarms crossing at a congested intersection.,0,0,0,0.0,0.0,0,0.0,0,0,0.0,0.0,0,0.0,0,0.0,0.0,0.0,0.0,2400,0,0.0,0,0.0,0,0.0,0,0.0,0.0,0.0,0.0,0.0,49,4.083333333333333e-05,0.0158613399769349,0.0235707172671848,0.023580330444173,0.0235829668148277,-0.0235829668148277,64.22222222222223,67.28571428571429,74.0,True
merge_split__proposed__N50__pl00__lat000__seed0,merge_split,proposed,50,0,0.0,0.0,4.0,12,4.0,4.0,0.0,0.0,4.0,0.0,0.0,120.0,0.05,0.442338494178002,0.2253178136826082,0,0.0,0,0.0,0,0.0,1.0,True,56.95,0.0511691631239425,7.909616274001959,11.0810395010395,8.50179375289008,0.0708187734518124,Three groups cross through a shared central gate before splitting toward three exits.,0,0,0,0.0,0.0,0,0.0,0,0,0.0,0.0,0,0.0,0,0.0,0.0,0.0,0.0,2400,0,0.0,0,0.0,0,0.0,0,0.0,0.0,0.0,0.0,0.0,289,0.0024083333333333,0.0718660719022937,0.1309426611700099,0.1338434088660618,0.1346821863173917,-0.1346821863173917,56.875,57.375,57.875,True
merge_split__proposed__N50__pl00__lat000__seed1,merge_split,proposed,50,1,0.0,0.0,4.0,12,4.0,4.0,0.0,0.0,4.0,0.0,0.0,120.0,0.05,0.4333266983025148,0.2284190124684059,0,0.0,0,0.0,0,0.0,1.0,True,56.650000000000006,0.0511521420164634,8.297311935805471,11.023783783783784,8.079936202149838,0.0673047580354005,Three groups cross through a shared central gate before splitting toward three exits.,0,0,0,0.0,0.0,0,0.0,0,0,0.0,0.0,0,0.0,0,0.0,0.0,0.0,0.0,2400,0,0.0,0,0.0,0,0.0,0,0.0,0.0,0.0,0.0,0.0,300,0.0025,0.0695168608050642,0.1307005012532781,0.1314101315614119,0.131580987531594,-0.131580987531594,56.8,57.125,58.75,True
merge_split__proposed__N50__pl00__lat000__seed2,merge_split,proposed,50,2,0.0,0.0,4.0,12,4.0,4.0,0.0,0.0,4.0,0.0,0.0,120.0,0.05,0.4405998575357022,0.2290864620899274,0,0.0,0,0.0,0,0.0,1.0,True,56.75,0.0512017919241636,7.702408148995865,11.02906444906445,8.290826465003192,0.069061444939635,Three groups cross through a shared central gate before splitting toward three exits.,0,0,0,0.0,0.0,0,0.0,0,0,0.0,0.0,0,0.0,0,0.0,0.0,0.0,0.0,2400,0,0.0,0,0.0,0,0.0,0,0.0,0.0,0.0,0.0,0.0,281,0.0023416666666666,0.0676300087536555,0.1301870397679381,0.1307503820624919,0.1309135379100725,-0.1309135379100725,56.833333333333336,57.125,58.75,True
merge_split__proposed__N50__pl00__lat000__seed3,merge_split,proposed,50,3,0.0,0.0,4.0,12,4.0,4.0,0.0,0.0,4.0,0.0,0.0,120.0,0.05,0.4371365355807129,0.2291381377230369,0,0.0,0,0.0,0,0.0,1.0,True,56.8,0.051178487828353,8.005247662214629,11.044573804573805,8.1262830728665,0.0676908210984298,Three groups cross through a shared central gate before splitting toward three exits.,0,0,0,0.0,0.0,0,0.0,0,0,0.0,0.0,0,0.0,0,0.0,0.0,0.0,0.0,2400,0,0.0,0,0.0,0,0.0,0,0.0,0.0,0.0,0.0,0.0,323,0.0026916666666666,0.0641949398482254,0.129816185393404,0.1306856129276517,0.130861862276963,-0.130861862276963,56.91666666666666,57.25,58.75,True
merge_split__proposed__N50__pl00__lat000__seed4,merge_split,proposed,50,4,0.0,0.0,4.0,12,4.0,4.0,0.0,0.0,4.0,0.0,0.0,120.0,0.05,0.4340234969230688,0.2291128676666826,0,0.0,0,0.0,0,0.0,1.0,True,56.650000000000006,0.0511002110325834,7.943405005111089,11.013513513513514,8.473830489907414,0.070585843314514,Three groups cross through a shared central gate before splitting toward three exits.,0,0,0,0.0,0.0,0,0.0,0,0,0.0,0.0,0,0.0,0,0.0,0.0,0.0,0.0,2400,0,0.0,0,0.0,0,0.0,0,0.0,0.0,0.0,0.0,0.0,279,0.002325,0.061151410350055,0.1301197902264337,0.1307182774969288,0.1308871323333174,-0.1308871323333174,56.875,57.25,58.75,True
merge_split__proposed__N100__pl00__lat000__seed0,merge_split,proposed,100,0,0.0,0.0,4.0,12,4.0,4.0,0.0,0.0,4.0,0.0,0.0,120.0,0.05,0.2962326901711966,0.26691790036783,0,0.0,38,3.197320981577541e-06,0,0.0,1.0,True,57.55,0.0399979175062292,9.850476594786784,11.98126819126819,18.674351177643985,0.0777773893279632,Three groups cross through a shared central gate before splitting toward three exits.,0,0,0,0.0,0.0,0,0.0,0,0,0.0,0.0,0,0.0,0,0.0,0.0,0.0,0.0,2400,0,0.0,0,0.0,0,0.0,0,0.0,0.0,0.0,0.0,0.0,405,0.0016875,0.0407995706145183,0.0776899039269506,0.0900657105563163,0.0930820996321699,-0.0930820996321699,57.7,58.333333333333336,58.875,True
merge_split__proposed__N100__pl00__lat000__seed1,merge_split,proposed,100,1,0.0,0.0,4.0,12,4.0,4.0,0.0,0.0,4.0,0.0,0.0,120.0,0.05,0.2925193706132498,0.2716959812906817,0,0.0,74,6.226361911493107e-06,0,0.0,1.0,True,57.650000000000006,0.0399805647146563,10.750373921513663,11.985592515592517,18.70806395402178,0.0779178007247887,Three groups cross through a shared central gate before splitting toward three exits.,0,0,0,0.0,0.0,0,0.0,0,0,0.0,0.0,0,0.0,0,0.0,0.0,0.0,0.0,2400,0,0.0,0,0.0,0,0.0,0,0.0,0.0,0.0,0.0,0.0,480,0.002,0.0461885064136741,0.0850606338282203,0.0880435464368533,0.0883040187093182,-0.0883040187093182,57.833333333333336,58.5,59.25,True
merge_split__proposed__N100__pl00__lat000__seed2,merge_split,proposed,100,2,0.0,0.0,4.0,12,4.0,4.0,0.0,0.0,4.0,0.0,0.0,120.0,0.05,0.3226387318445143,0.2495410108259553,0,0.0,49,4.122861265718409e-06,0,0.0,1.0,True,58.150000000000006,0.0399972330690562,11.052277638413662,11.943679833679834,18.736590246204287,0.0780366107713631,Three groups cross through a shared central gate before splitting toward three exits.,0,0,0,0.0,0.0,0,0.0,0,0,0.0,0.0,0,0.0,0,0.0,0.0,0.0,0.0,2400,0,0.0,0,0.0,0,0.0,0,0.0,0.0,0.0,0.0,0.0,475,0.0019791666666666,0.0501354390469378,0.1043914772873212,0.1090355676582117,0.1104589891740446,-0.1104589891740446,58.16666666666666,58.625,59.75,True
merge_split__proposed__N100__pl00__lat000__seed3,merge_split,proposed,100,3,0.0,0.0,4.0,12,4.0,4.0,0.0,0.0,4.0,0.0,0.0,120.0,0.05,0.3548162068220667,0.2665484131775067,0,0.0,44,3.702161136563469e-06,0,0.0,1.0,True,57.95,0.0399587697839723,10.63429416497852,11.981517671517672,18.11866423673928,0.0754629914066608,Three groups cross through a shared central gate before splitting toward three exits.,0,0,0,0.0,0.0,0,0.0,0,0,0.0,0.0,0,0.0,0,0.0,0.0,0.0,0.0,2400,0,0.0,0,0.0,0,0.0,0,0.0,0.0,0.0,0.0,0.0,562,0.0023416666666666,0.0461669921281874,0.0847180438699059,0.088523416632341,0.0934515868224932,-0.0934515868224932,57.95,58.4,59.25,True
merge_split__proposed__N100__pl00__lat000__seed4,merge_split,proposed,100,4,0.0,0.0,4.0,12,4.0,4.0,0.0,0.0,4.0,0.0,0.0,120.0,0.05,0.3336543116061305,0.2653590207980124,0,0.0,38,3.197320981577541e-06,0,0.0,1.0,True,58.05,0.0399902781662329,10.296404808589648,11.947089397089398,18.28982314001769,0.0761758564765418,Three groups cross through a shared central gate before splitting toward three exits.,0,0,0,0.0,0.0,0,0.0,0,0,0.0,0.0,0,0.0,0,0.0,0.0,0.0,0.0,2400,0,0.0,0,0.0,0,0.0,0,0.0,0.0,0.0,0.0,0.0,439,0.0018291666666666,0.0560017206756891,0.0906403138086121,0.0941959833093958,0.0946409792019875,-0.0946409792019875,58.1,58.625,59.5,True
merge_split__proposed__N200__pl00__lat000__seed0,merge_split,proposed,200,0,0.0,0.0,4.0,12,4.0,4.0,0.0,0.0,4.0,0.0,0.0,120.0,0.05,0.2400240608607284,0.2357137865247128,0,0.0,171,3.578910797218077e-06,0,0.0,1.0,True,59.8,0.0373753343482025,14.739584739571438,11.977952182952183,41.824972433038056,0.0870990679571804,Three groups cross through a shared central gate before splitting toward three exits.,0,0,0,0.0,0.0,0,0.0,0,0,0.0,0.0,0,0.0,0,0.0,0.0,0.0,0.0,2400,0,0.0,0,0.0,0,0.0,0,0.0,0.0,0.0,0.0,0.0,481,0.0010020833333333,0.0540354942244723,0.1226141793527604,0.1238811611255691,0.1242862134752871,-0.1242862134752871,59.875,60.9,62.333333333333336,True
merge_split__proposed__N200__pl00__lat000__seed1,merge_split,proposed,200,1,0.0,0.0,4.0,12,4.0,4.0,0.0,0.0,4.0,0.0,0.0,120.0,0.05,0.2949247226064006,0.2220706067858938,0,0.0,138,2.888243801263711e-06,0,0.0,1.0,True,58.2,0.0373911752515174,13.834735174824328,11.977629937629938,42.25839169090614,0.0880016486691089,Three groups cross through a shared central gate before splitting toward three exits.,0,0,0,0.0,0.0,0,0.0,0,0,0.0,0.0,0,0.0,0,0.0,0.0,0.0,0.0,2400,0,0.0,0,0.0,0,0.0,0,0.0,0.0,0.0,0.0,0.0,762,0.0015875,0.0554205456441406,0.1032622203855586,0.1366697010916074,0.1379293932141061,-0.1379293932141061,58.25,59.25,60.833333333333336,True
merge_split__proposed__N200__pl00__lat000__seed2,merge_split,proposed,200,2,0.0,0.0,4.0,12,4.0,4.0,0.0,0.0,4.0,0.0,0.0,120.0,0.05,0.299204226235544,0.225726706874716,0,0.0,140,2.930102407079128e-06,0,0.0,1.0,True,58.25,0.037345992656326,14.265870036241829,11.985530145530143,43.107849028892815,0.0897706143875319,Three groups cross through a shared central gate before splitting toward three exits.,0,0,0,0.0,0.0,0,0.0,0,0,0.0,0.0,0,0.0,0,0.0,0.0,0.0,0.0,2400,0,0.0,0,0.0,0,0.0,0,0.0,0.0,0.0,0.0,0.0,548,0.0011416666666666,0.0791011950869167,0.1329955822823459,0.1342068876277282,0.1342732931252839,-0.1342732931252839,58.27777777777778,60.875,62.5,True
merge_split__proposed__N200__pl00__lat000__seed3,merge_split,proposed,200,3,0.0,0.0,4.0,12,4.0,4.0,0.0,0.0,4.0,0.0,0.0,120.0,0.05,0.2507175663189117,0.2870160928498727,0,0.0,218,4.562588033880356e-06,0,0.0,1.0,True,60.3,0.0373049398530391,14.2801032944062,11.998991683991685,41.407845865003765,0.0862304162120028,Three groups cross through a shared central gate before splitting toward three exits.,0,0,0,0.0,0.0,0,0.0,0,0,0.0,0.0,0,0.0,0,0.0,0.0,0.0,0.0,2400,0,0.0,0,0.0,0,0.0,0,0.0,0.0,0.0,0.0,0.0,556,0.0011583333333333,0.0419042154017587,0.0689732813661312,0.0709770733720932,0.0729839071501272,-0.0729839071501272,60.3,61.333333333333336,62.16666666666666,True
merge_split__proposed__N200__pl00__lat000__seed4,merge_split,proposed,200,4,0.0,0.0,4.0,12,4.0,4.0,0.0,0.0,4.0,0.0,0.0,120.0,0.05,0.3036679844507756,0.2562086790812447,0,0.0,59,1.234828871554775e-06,0,0.0,1.0,True,58.400000000000006,0.0374045105426802,13.323247528053706,11.993523908523908,42.3922742777504,0.088280454555915,Three groups cross through a shared central gate before splitting toward three exits.,0,0,0,0.0,0.0,0,0.0,0,0,0.0,0.0,0,0.0,0,0.0,0.0,0.0,0.0,2400,0,0.0,0,0.0,0,0.0,0,0.0,0.0,0.0,0.0,0.0,584,0.0012166666666666,0.0532871233707326,0.0975418501525234,0.1037891194574532,0.1037913209187553,-0.1037913209187553,58.38461538461539,59.583333333333336,61.25,True
merge_split__proposed__N500__pl00__lat000__seed0,merge_split,proposed,500,0,0.0,0.0,4.0,12,4.0,4.0,0.0,0.0,4.0,0.0,0.0,120.0,0.05,0.3439410883630471,0.3595495906801583,0,0.0,91,3.038146263372226e-07,0,0.0,1.0,True,68.5,0.120772424280981,45.376240629636655,11.985517671517671,153.74535796698183,0.1280677700682897,Three groups cross through a shared central gate before splitting toward three exits.,0,0,0,0.0,0.0,0,0.0,0,0,0.0,0.0,0,0.0,0,0.0,0.0,0.0,0.0,2400,0,0.0,0,0.0,0,0.0,0,0.0,0.0,0.0,0.0,0.0,4,3.3333333333333333e-06,0.0002830760660635,0.0004328454079721,0.0004468965374677,0.0004504093198416,-0.0004504093198416,68.45833333333333,69.77777777777777,73.5,True
merge_split__proposed__N500__pl00__lat000__seed1,merge_split,proposed,500,1,0.0,0.0,4.0,12,4.0,4.0,0.0,0.0,4.0,0.0,0.0,120.0,0.05,0.3660393245923821,0.3639566710203158,0,0.0,45,1.502380020348903e-07,0,0.0,1.0,True,67.4,0.1211595926536046,45.75029688877662,11.983733887733887,154.03544807387516,0.1283094111402541,Three groups cross through a shared central gate before splitting toward three exits.,0,0,0,0.0,0.0,0,0.0,0,0,0.0,0.0,0,0.0,0,0.0,0.0,0.0,0.0,2400,0,0.0,0,0.0,0,0.0,0,0.0,0.0,0.0,0.0,0.0,0,0.0,0.0,0.0,0.0,0.0,0.0039566710203158,67.38888888888889,69.125,73.75,True
merge_split__proposed__N500__pl00__lat000__seed2,merge_split,proposed,500,2,0.0,0.0,4.0,12,4.0,4.0,0.0,0.0,4.0,0.0,0.0,120.0,0.05,0.327380476488697,0.3635254406042579,0,0.0,132,4.406981393023448e-07,0,0.0,1.0,True,67.4,0.1208928265423176,45.2618470517772,11.983617463617463,155.80338168004528,0.1297820755352313,Three groups cross through a shared central gate before splitting toward three exits.,0,0,0,0.0,0.0,0,0.0,0,0,0.0,0.0,0,0.0,0,0.0,0.0,0.0,0.0,2400,0,0.0,0,0.0,0,0.0,0,0.0,0.0,0.0,0.0,0.0,0,0.0,0.0,0.0,0.0,0.0,0.0035254406042579,67.41666666666667,69.5,72.5,True
merge_split__proposed__N500__pl00__lat000__seed3,merge_split,proposed,500,3,0.0,0.0,4.0,12,4.0,4.0,0.0,0.0,4.0,0.0,0.0,120.0,0.05,0.346778052296561,0.3535210959046083,0,0.0,58,1.9364009151163645e-07,0,0.0,1.0,True,66.95,0.120568477642187,44.4568216643272,11.97537214137214,154.53167041298002,0.1287227575285131,Three groups cross through a shared central gate before splitting toward three exits.,0,0,0,0.0,0.0,0,0.0,0,0,0.0,0.0,0,0.0,0,0.0,0.0,0.0,0.0,2400,0,0.0,0,0.0,0,0.0,0,0.0,0.0,0.0,0.0,0.0,60,5e-05,0.0044132661100028,0.0063294750663098,0.0064248620002925,0.0064789040953916,-0.0064789040953916,66.95,69.05555555555556,72.5,True
merge_split__proposed__N500__pl00__lat000__seed4,merge_split,proposed,500,4,0.0,0.0,4.0,12,4.0,4.0,0.0,0.0,4.0,0.0,0.0,120.0,0.05,0.3233167183812365,0.3643850949379924,0,0.0,71,2.3704218098838242e-07,0,0.0,1.0,True,67.25,0.121558420370833,44.76379160196465,11.992835758835758,156.0444831000641,0.1299829097043432,Three groups cross through a shared central gate before splitting toward three exits.,0,0,0,0.0,0.0,0,0.0,0,0,0.0,0.0,0,0.0,0,0.0,0.0,0.0,0.0,2400,0,0.0,0,0.0,0,0.0,0,0.0,0.0,0.0,0.0,0.0,0,0.0,0.0,0.0,0.0,0.0,0.0043850949379924,67.16666666666667,69.375,71.5,True
open_flock__proposed__N50__pl00__lat000__seed0,open_flock,proposed,50,0,0.0,0.0,4.0,12,4.0,4.0,0.0,0.0,4.0,0.0,0.0,120.0,0.05,0.3770918117382381,,0,0.0,7,2.3799607306479444e-06,0,0.0,1.0,True,50.5,0.0404399114024277,4.816271412352134,11.883991683991685,6.8137401677668095,0.0567575190984324,Open-space flocking from left to right.,0,0,0,0.0,0.0,0,0.0,0,0,0.0,0.0,0,0.0,0,0.0,0.0,0.0,0.0,2400,0,0.0,0,0.0,0,0.0,0,0.0,0.0,0.0,0.0,0.0,0,0.0,0.0,0.0,0.0,0.0,,50.5,51.125,51.75,True
open_flock__proposed__N50__pl00__lat000__seed1,open_flock,proposed,50,1,0.0,0.0,4.0,12,4.0,4.0,0.0,0.0,4.0,0.0,0.0,120.0,0.05,0.4122412581894633,,0,0.0,0,0.0,0,0.0,1.0,True,50.45,0.0403751470331073,4.468901117198469,11.888898128898129,6.774892939720303,0.0564339270280741,Open-space flocking from left to right.,0,0,0,0.0,0.0,0,0.0,0,0,0.0,0.0,0,0.0,0,0.0,0.0,0.0,0.0,2400,0,0.0,0,0.0,0,0.0,0,0.0,0.0,0.0,0.0,0.0,0,0.0,0.0,0.0,0.0,0.0,,50.5,51.25,51.75,True
open_flock__proposed__N50__pl00__lat000__seed2,open_flock,proposed,50,2,0.0,0.0,4.0,12,4.0,4.0,0.0,0.0,4.0,0.0,0.0,120.0,0.05,0.3702176652971245,,0,0.0,7,2.3799607306479444e-06,0,0.0,1.0,True,51.1,0.0402508005997721,4.947973739116791,11.87945945945946,7.068049329798669,0.0588758794652117,Open-space flocking from left to right.,0,0,0,0.0,0.0,0,0.0,0,0,0.0,0.0,0,0.0,0,0.0,0.0,0.0,0.0,2400,0,0.0,0,0.0,0,0.0,0,0.0,0.0,0.0,0.0,0.0,0,0.0,0.0,0.0,0.0,0.0,,51.25,51.75,52.75,True
open_flock__proposed__N50__pl00__lat000__seed3,open_flock,proposed,50,3,0.0,0.0,4.0,12,4.0,4.0,0.0,0.0,4.0,0.0,0.0,120.0,0.05,0.4332339332335116,,0,0.0,0,0.0,0,0.0,1.0,True,50.45,0.040375706721834,4.548255509505364,11.866860706860708,12.384385287296029,0.1031602272994254,Open-space flocking from left to right.,0,0,0,0.0,0.0,0,0.0,0,0,0.0,0.0,0,0.0,0,0.0,0.0,0.0,0.0,2400,0,0.0,0,0.0,0,0.0,0,0.0,0.0,0.0,0.0,0.0,0,0.0,0.0,0.0,0.0,0.0,,50.5,51.25,51.75,True
open_flock__proposed__N50__pl00__lat000__seed4,open_flock,proposed,50,4,0.0,0.0,4.0,12,4.0,4.0,0.0,0.0,4.0,0.0,0.0,120.0,0.05,0.4325204919469016,,0,0.0,0,0.0,0,0.0,1.0,True,50.5,0.0403533159757474,4.669692758833009,11.871933471933472,6.763894044794142,0.0563423077450574,Open-space flocking from left to right.,0,0,0,0.0,0.0,0,0.0,0,0,0.0,0.0,0,0.0,0,0.0,0.0,0.0,0.0,2400,0,0.0,0,0.0,0,0.0,0,0.0,0.0,0.0,0.0,0.0,0,0.0,0.0,0.0,0.0,0.0,,50.5,51.25,52.25,True
open_flock__proposed__N100__pl00__lat000__seed0,open_flock,proposed,100,0,0.0,0.0,4.0,12,4.0,4.0,0.0,0.0,4.0,0.0,0.0,120.0,0.05,0.3677691353278211,,0,0.0,7,5.889801808169155e-07,0,0.0,1.0,True,50.75,0.1189638658920462,5.708221079791693,11.99943866943867,15.243286059703678,0.0634872388992239,Open-space flocking from left to right.,0,0,0,0.0,0.0,0,0.0,0,0,0.0,0.0,0,0.0,0,0.0,0.0,0.0,0.0,2400,0,0.0,0,0.0,0,0.0,0,0.0,0.0,0.0,0.0,0.0,0,0.0,0.0,0.0,0.0,0.0,,50.85714285714285,51.7,52.25,True
open_flock__proposed__N100__pl00__lat000__seed1,open_flock,proposed,100,1,0.0,0.0,4.0,12,4.0,4.0,0.0,0.0,4.0,0.0,0.0,120.0,0.05,0.3791186670498562,,0,0.0,6,5.048401549859276e-07,0,0.0,1.0,True,50.75,0.1186204402651658,5.688599811796744,11.99941787941788,15.484748343005776,0.0644929127155592,Open-space flocking from left to right.,0,0,0,0.0,0.0,0,0.0,0,0,0.0,0.0,0,0.0,0,0.0,0.0,0.0,0.0,2400,0,0.0,0,0.0,0,0.0,0,0.0,0.0,0.0,0.0,0.0,0,0.0,0.0,0.0,0.0,0.0,,50.85714285714285,51.75,52.333333333333336,True
open_flock__proposed__N100__pl00__lat000__seed2,open_flock,proposed,100,2,0.0,0.0,4.0,12,4.0,4.0,0.0,0.0,4.0,0.0,0.0,120.0,0.05,0.3690302541888897,,0,0.0,7,5.889801808169155e-07,0,0.0,1.0,True,50.75,0.1186241943144544,5.703451822800292,11.99941787941788,15.33026736881584,0.0638495100742017,Open-space flocking from left to right.,0,0,0,0.0,0.0,0,0.0,0,0,0.0,0.0,0,0.0,0,0.0,0.0,0.0,0.0,2400,0,0.0,0,0.0,0,0.0,0,0.0,0.0,0.0,0.0,0.0,0,0.0,0.0,0.0,0.0,0.0,,50.833333333333336,51.7,52.25,True
open_flock__proposed__N100__pl00__lat000__seed3,open_flock,proposed,100,3,0.0,0.0,4.0,12,4.0,4.0,0.0,0.0,4.0,0.0,0.0,120.0,0.05,0.370048428305572,,0,0.0,7,5.889801808169155e-07,0,0.0,1.0,True,50.7,0.1187340916726359,5.694859055924156,11.99956340956341,15.025413463823496,0.0625798145098854,Open-space flocking from left to right.,0,0,0,0.0,0.0,0,0.0,0,0,0.0,0.0,0,0.0,0,0.0,0.0,0.0,0.0,2400,0,0.0,0,0.0,0,0.0,0,0.0,0.0,0.0,0.0,0.0,0,0.0,0.0,0.0,0.0,0.0,,50.85714285714285,51.7,52.25,True
open_flock__proposed__N100__pl00__lat000__seed4,open_flock,proposed,100,4,0.0,0.0,4.0,12,4.0,4.0,0.0,0.0,4.0,0.0,0.0,120.0,0.05,0.3809577898780201,,0,0.0,5,4.2070012915493963e-07,0,0.0,1.0,True,50.75,0.1185766031070238,5.691418294462064,11.99945945945946,15.305876531172544,0.0637479239115891,Open-space flocking from left to right.,0,0,0,0.0,0.0,0,0.0,0,0,0.0,0.0,0,0.0,0,0.0,0.0,0.0,0.0,2400,0,0.0,0,0.0,0,0.0,0,0.0,0.0,0.0,0.0,0.0,0,0.0,0.0,0.0,0.0,0.0,,50.833333333333336,51.75,52.333333333333336,True
open_flock__proposed__N200__pl00__lat000__seed0,open_flock,proposed,200,0,0.0,0.0,4.0,12,4.0,4.0,0.0,0.0,4.0,0.0,0.0,120.0,0.05,0.2536564023851823,,0,0.0,151,3.160324739063916e-06,0,0.0,1.0,True,52.05,0.1576972860021171,9.986405814489324,12.0,32.79338855994865,0.0682911048728626,Open-space flocking from left to right.,0,0,0,0.0,0.0,0,0.0,0,0,0.0,0.0,0,0.0,0,0.0,0.0,0.0,0.0,2400,0,0.0,0,0.0,0,0.0,0,0.0,0.0,0.0,0.0,0.0,0,0.0,0.0,0.0,0.0,0.0,,52.2,52.85,56.25,True
open_flock__proposed__N200__pl00__lat000__seed1,open_flock,proposed,200,1,0.0,0.0,4.0,12,4.0,4.0,0.0,0.0,4.0,0.0,0.0,120.0,0.05,0.3275961339903048,,0,0.0,112,2.344081925663302e-06,0,0.0,1.0,True,52.2,0.1515261032188465,10.251830126651548,12.0,33.36432219296694,0.0694800545459536,Open-space flocking from left to right.,0,0,0,0.0,0.0,0,0.0,0,0,0.0,0.0,0,0.0,0,0.0,0.0,0.0,0.0,2400,0,0.0,0,0.0,0,0.0,0,0.0,0.0,0.0,0.0,0.0,0,0.0,0.0,0.0,0.0,0.0,,52.36363636363637,53.0,54.66666666666666,True
open_flock__proposed__N200__pl00__lat000__seed2,open_flock,proposed,200,2,0.0,0.0,4.0,12,4.0,4.0,0.0,0.0,4.0,0.0,0.0,120.0,0.05,0.3102561027801174,,0,0.0,86,1.7999200500628926e-06,0,0.0,1.0,True,52.1,0.1538470956077113,10.139729457375724,12.0,32.856370128225535,0.0684222618247095,Open-space flocking from left to right.,0,0,0,0.0,0.0,0,0.0,0,0,0.0,0.0,0,0.0,0,0.0,0.0,0.0,0.0,2400,0,0.0,0,0.0,0,0.0,0,0.0,0.0,0.0,0.0,0.0,0,0.0,0.0,0.0,0.0,0.0,,52.285714285714285,53.1875,55.25,True
open_flock__proposed__N200__pl00__lat000__seed3,open_flock,proposed,200,3,0.0,0.0,4.0,12,4.0,4.0,0.0,0.0,4.0,0.0,0.0,120.0,0.05,0.253520725275333,,0,0.0,104,2.1766475024016374e-06,0,0.0,1.0,True,52.55,0.160079083415297,10.281280643597045,12.0,32.866553789936006,0.068443468950304,Open-space flocking from left to right.,0,0,0,0.0,0.0,0,0.0,0,0,0.0,0.0,0,0.0,0,0.0,0.0,0.0,0.0,2400,0,0.0,0,0.0,0,0.0,0,0.0,0.0,0.0,0.0,0.0,0,0.0,0.0,0.0,0.0,0.0,,52.55,53.1,55.333333333333336,True
open_flock__proposed__N200__pl00__lat000__seed4,open_flock,proposed,200,4,0.0,0.0,4.0,12,4.0,4.0,0.0,0.0,4.0,0.0,0.0,120.0,0.05,0.3199543977393436,,0,0.0,128,2.678950772186631e-06,0,0.0,1.0,True,52.45,0.1564030943847035,10.024126807399725,12.0,32.936500222887844,0.068589129993519,Open-space flocking from left to right.,0,0,0,0.0,0.0,0,0.0,0,0,0.0,0.0,0,0.0,0,0.0,0.0,0.0,0.0,2400,0,0.0,0,0.0,0,0.0,0,0.0,0.0,0.0,0.0,0.0,0,0.0,0.0,0.0,0.0,0.0,,52.5,53.16666666666666,55.25,True
open_flock__proposed__N500__pl00__lat000__seed0,open_flock,proposed,500,0,0.0,0.0,4.0,12,4.0,4.0,0.0,0.0,4.0,0.0,0.0,120.0,0.05,0.3086687966722295,,0,0.0,385,1.2853695729651724e-06,0,0.0,1.0,True,59.85,0.2495783302492535,27.73056789708276,12.0,114.15680025191978,0.0950910456075966,Open-space flocking from left to right.,0,0,0,0.0,0.0,0,0.0,0,0,0.0,0.0,0,0.0,0,0.0,0.0,0.0,0.0,2400,0,0.0,0,0.0,0,0.0,0,0.0,0.0,0.0,0.0,0.0,0,0.0,0.0,0.0,0.0,0.0,,59.92857142857143,63.333333333333336,66.5,True
open_flock__proposed__N500__pl00__lat000__seed1,open_flock,proposed,500,1,0.0,0.0,4.0,12,4.0,4.0,0.0,0.0,4.0,0.0,0.0,120.0,0.05,0.316973407436061,,0,0.0,278,9.281369903488776e-07,0,0.0,0.998,True,59.25,0.2493339385908996,26.0024005889389,12.0,113.53785830829293,0.0945754754754626,Open-space flocking from left to right.,0,0,0,0.0,0.0,0,0.0,0,0,0.0,0.0,0,0.0,0,0.0,0.0,0.0,0.0,2400,0,0.0,0,0.0,0,0.0,0,0.0,0.0,0.0,0.0,0.0,0,0.0,0.0,0.0,0.0,0.0,,59.3,61.2,67.0,True
open_flock__proposed__N500__pl00__lat000__seed2,open_flock,proposed,500,2,0.0,0.0,4.0,12,4.0,4.0,0.0,0.0,4.0,0.0,0.0,120.0,0.05,0.3187096765904648,,0,0.0,448,1.4957027758140187e-06,0,0.0,1.0,True,59.55,0.2456454368625778,27.445150031534773,12.0,110.69333710614592,0.0922060284099507,Open-space flocking from left to right.,0,0,0,0.0,0.0,0,0.0,0,0,0.0,0.0,0,0.0,0,0.0,0.0,0.0,0.0,2400,0,0.0,0,0.0,0,0.0,0,0.0,0.0,0.0,0.0,0.0,0,0.0,0.0,0.0,0.0,0.0,,59.6,62.625,68.0,True
open_flock__proposed__N500__pl00__lat000__seed3,open_flock,proposed,500,3,0.0,0.0,4.0,12,4.0,4.0,0.0,0.0,4.0,0.0,0.0,120.0,0.05,0.3095082006715489,,0,0.0,548,1.82956500255822e-06,0,0.0,1.0,True,59.25,0.2501202840370312,27.16787093098116,12.0,112.44727544812486,0.0936670349422114,Open-space flocking from left to right.,0,0,0,0.0,0.0,0,0.0,0,0,0.0,0.0,0,0.0,0,0.0,0.0,0.0,0.0,2400,0,0.0,0,0.0,0,0.0,0,0.0,0.0,0.0,0.0,0.0,0,0.0,0.0,0.0,0.0,0.0,,59.25,61.875,67.5,True
open_flock__proposed__N500__pl00__lat000__seed4,open_flock,proposed,500,4,0.0,0.0,4.0,12,4.0,4.0,0.0,0.0,4.0,0.0,0.0,120.0,0.05,0.3109454436980789,,0,0.0,468,1.5624752211628589e-06,0,0.0,1.0,True,58.45,0.2460104724413984,27.15885965801801,12.0,112.23465206194668,0.0934899225838789,Open-space flocking from left to right.,0,0,0,0.0,0.0,0,0.0,0,0,0.0,0.0,0,0.0,0,0.0,0.0,0.0,0.0,2400,0,0.0,0,0.0,0,0.0,0,0.0,0.0,0.0,0.0,0.0,0,0.0,0.0,0.0,0.0,0.0,,58.4375,61.333333333333336,66.0,True
